  Block.cpp
C:\SFML-3.0.0\include\SFML\Graphics\Color.inl(75,17): error C3615: constexpr function 'sf::operator +' cannot result in a constant expression
  (compiling source file 'Block.cpp')
      C:\SFML-3.0.0\include\SFML\Graphics\Color.inl(77,16):
      failure was because type 'const sf::+::<lambda_16287c72c63b32e0a9fa1270f38e4b81>' is not a literal type
      C:\SFML-3.0.0\include\SFML\Graphics\Color.inl(81,5):
      type 'sf::+::<lambda_16287c72c63b32e0a9fa1270f38e4b81>' is not a literal type because it is not an aggregate type, a closure type, or does not have a constexpr constructor that is not a copy or move constructor
  
C:\SFML-3.0.0\include\SFML\Graphics\Color.inl(91,17): error C3615: constexpr function 'sf::operator -' cannot result in a constant expression
  (compiling source file 'Block.cpp')
      C:\SFML-3.0.0\include\SFML\Graphics\Color.inl(93,16):
      failure was because type 'const sf::-::<lambda_306030dfce25397b9816ce24c68c04f0>' is not a literal type
      C:\SFML-3.0.0\include\SFML\Graphics\Color.inl(97,5):
      type 'sf::-::<lambda_306030dfce25397b9816ce24c68c04f0>' is not a literal type because it is not an aggregate type, a closure type, or does not have a constexpr constructor that is not a copy or move constructor
  
C:\SFML-3.0.0\include\SFML\Graphics\Color.inl(107,17): error C3615: constexpr function 'sf::operator *' cannot result in a constant expression
  (compiling source file 'Block.cpp')
      C:\SFML-3.0.0\include\SFML\Graphics\Color.inl(109,16):
      failure was because type 'const sf::*::<lambda_1570e60a8275d4bb357b66a7fbaafc0b>' is not a literal type
      C:\SFML-3.0.0\include\SFML\Graphics\Color.inl(113,5):
      type 'sf::*::<lambda_1570e60a8275d4bb357b66a7fbaafc0b>' is not a literal type because it is not an aggregate type, a closure type, or does not have a constexpr constructor that is not a copy or move constructor
  
C:\SFML-3.0.0\include\SFML\Graphics\Color.inl(146,31): error C7525: inline variables require at least '/std:c++17'
  (compiling source file 'Block.cpp')
  
C:\SFML-3.0.0\include\SFML\Graphics\Color.inl(147,31): error C7525: inline variables require at least '/std:c++17'
  (compiling source file 'Block.cpp')
  
C:\SFML-3.0.0\include\SFML\Graphics\Color.inl(148,31): error C7525: inline variables require at least '/std:c++17'
  (compiling source file 'Block.cpp')
  
C:\SFML-3.0.0\include\SFML\Graphics\Color.inl(149,31): error C7525: inline variables require at least '/std:c++17'
  (compiling source file 'Block.cpp')
  
C:\SFML-3.0.0\include\SFML\Graphics\Color.inl(150,31): error C7525: inline variables require at least '/std:c++17'
  (compiling source file 'Block.cpp')
  
C:\SFML-3.0.0\include\SFML\Graphics\Color.inl(151,31): error C7525: inline variables require at least '/std:c++17'
  (compiling source file 'Block.cpp')
  
C:\SFML-3.0.0\include\SFML\Graphics\Color.inl(152,31): error C7525: inline variables require at least '/std:c++17'
  (compiling source file 'Block.cpp')
  
C:\SFML-3.0.0\include\SFML\Graphics\Color.inl(153,31): error C7525: inline variables require at least '/std:c++17'
  (compiling source file 'Block.cpp')
  
C:\SFML-3.0.0\include\SFML\Graphics\Color.inl(154,31): error C7525: inline variables require at least '/std:c++17'
  (compiling source file 'Block.cpp')
  
C:\SFML-3.0.0\include\SFML\System\Angle.inl(272,31): error C7525: inline variables require at least '/std:c++17'
  (compiling source file 'Block.cpp')
  
C:\Program Files\Microsoft Visual Studio\2022\Community\VC\Tools\MSVC\14.44.35207\include\optional(11): warning STL4038: The contents of <optional> are available only with C++17 or later.
C:\SFML-3.0.0\include\SFML\Graphics\Rect.hpp(98,42): error C2143: syntax error: missing ';' before '<'
  (compiling source file 'Block.cpp')
      C:\SFML-3.0.0\include\SFML\Graphics\Rect.hpp(98,42):
      the template instantiation context (the oldest one first) is
          C:\SFML-3.0.0\include\SFML\Graphics\Rect.hpp(42,7):
          while compiling class template 'sf::Rect'
  
C:\SFML-3.0.0\include\SFML\Graphics\Rect.hpp(98,34): error C4430: missing type specifier - int assumed. Note: C++ does not support default-int
  (compiling source file 'Block.cpp')
  
C:\SFML-3.0.0\include\SFML\Graphics\Rect.hpp(98,34): error C2178: 'sf::Rect<T>::optional' cannot be declared with 'constexpr' specifier
  (compiling source file 'Block.cpp')
  
C:\SFML-3.0.0\include\SFML\Graphics\Rect.hpp(98,5): warning C4869: 'nodiscard' may only be applied to classes, enumerations, and functions
  (compiling source file 'Block.cpp')
  
C:\SFML-3.0.0\include\SFML\Graphics\Rect.hpp(98,100): error C2238: unexpected token(s) preceding ';'
  (compiling source file 'Block.cpp')
  
C:\SFML-3.0.0\include\SFML\Graphics\Rect.inl(71,16): error C2039: 'optional': is not a member of 'std'
  (compiling source file 'Block.cpp')
      C:\Program Files\Microsoft Visual Studio\2022\Community\VC\Tools\MSVC\14.44.35207\include\yvals.h(361,1):
      see declaration of 'std'
  
C:\SFML-3.0.0\include\SFML\Graphics\Rect.inl(71,24): error C2988: unrecognizable template declaration/definition
  (compiling source file 'Block.cpp')
  
C:\SFML-3.0.0\include\SFML\Graphics\Rect.inl(71,24): error C2143: syntax error: missing ';' before '<'
  (compiling source file 'Block.cpp')
  
C:\SFML-3.0.0\include\SFML\Graphics\Rect.inl(71,16): error C4430: missing type specifier - int assumed. Note: C++ does not support default-int
  (compiling source file 'Block.cpp')
  
C:\SFML-3.0.0\include\SFML\Graphics\Rect.inl(71,24): error C2059: syntax error: '<'
  (compiling source file 'Block.cpp')
  
C:\SFML-3.0.0\include\SFML\Graphics\Rect.inl(71,30): error C2065: 'T': undeclared identifier
  (compiling source file 'Block.cpp')
  
C:\SFML-3.0.0\include\SFML\Graphics\Rect.inl(71,25): error C2923: 'sf::Rect': 'T' is not a valid template type argument for parameter 'T'
  (compiling source file 'Block.cpp')
      C:\SFML-3.0.0\include\SFML\Graphics\Rect.inl(71,30):
      see declaration of 'T'
  
C:\SFML-3.0.0\include\SFML\Graphics\Rect.inl(71,39): error C2065: 'T': undeclared identifier
  (compiling source file 'Block.cpp')
  
C:\SFML-3.0.0\include\SFML\Graphics\Rect.inl(71,34): error C2923: 'sf::Rect': 'T' is not a valid template type argument for parameter 'T'
  (compiling source file 'Block.cpp')
      C:\SFML-3.0.0\include\SFML\Graphics\Rect.inl(71,39):
      see declaration of 'T'
  
C:\SFML-3.0.0\include\SFML\Graphics\Rect.inl(71,71): error C2065: 'T': undeclared identifier
  (compiling source file 'Block.cpp')
  
C:\SFML-3.0.0\include\SFML\Graphics\Rect.inl(71,66): error C2923: 'sf::Rect': 'T' is not a valid template type argument for parameter 'T'
  (compiling source file 'Block.cpp')
      C:\SFML-3.0.0\include\SFML\Graphics\Rect.inl(71,71):
      see declaration of 'T'
  
C:\SFML-3.0.0\include\SFML\Graphics\Rect.inl(72,1): error C2143: syntax error: missing ';' before '{'
  (compiling source file 'Block.cpp')
  
C:\SFML-3.0.0\include\SFML\Graphics\Rect.inl(72,1): error C2447: '{': missing function header (old-style formal list?)
  (compiling source file 'Block.cpp')
  
C:\SFML-3.0.0\include\SFML\Graphics\Transform.inl(52,35): error C3615: constexpr function 'sf::Transform::getMatrix' cannot result in a constant expression
  (compiling source file 'Block.cpp')
      C:\SFML-3.0.0\include\SFML\Graphics\Transform.inl(54,25):
      failure was caused by call of undefined function or one not declared 'constexpr'
      C:\SFML-3.0.0\include\SFML\Graphics\Transform.inl(54,25):
      see usage of 'std::array<float,16>::data'
  
C:\SFML-3.0.0\include\SFML\Graphics\Rect.hpp(98,34): error C2039: 'optional': is not a member of 'std'
  (compiling source file 'Block.cpp')
      C:\Program Files\Microsoft Visual Studio\2022\Community\VC\Tools\MSVC\14.44.35207\include\array(19,1):
      see declaration of 'std'
      C:\SFML-3.0.0\include\SFML\Graphics\Rect.hpp(98,34):
      the template instantiation context (the oldest one first) is
          C:\SFML-3.0.0\include\SFML\Graphics\Transform.inl(98,32):
          see reference to class template instantiation 'sf::Rect<float>' being compiled
  
C:\SFML-3.0.0\include\SFML\Graphics\Rect.hpp(98,34): error C2178: 'sf::Rect<float>::optional' cannot be declared with 'constexpr' specifier
  (compiling source file 'Block.cpp')
  
C:\SFML-3.0.0\include\SFML\Graphics\Transform.inl(101,31): error C2514: 'std::array': class template cannot be constructed
  (compiling source file 'Block.cpp')
      C:\Program Files\Microsoft Visual Studio\2022\Community\VC\Tools\MSVC\14.44.35207\include\array(402,7):
      see declaration of 'std::array'
  
C:\SFML-3.0.0\include\SFML\Graphics\Transform.inl(107,21): error C2678: binary '[': no operator found which takes a left-hand operand of type 'const std::array' (or there is no acceptable conversion)
  (compiling source file 'Block.cpp')
      C:\Program Files\Microsoft Visual Studio\2022\Community\VC\Tools\MSVC\14.44.35207\include\array(537,42):
      could be 'const _Ty &std::array<_Ty,_Size>::operator [](std::array<_Ty,_Size>::size_type) noexcept const'
          C:\SFML-3.0.0\include\SFML\Graphics\Transform.inl(107,21):
          'const _Ty &std::array<_Ty,_Size>::operator [](std::array<_Ty,_Size>::size_type) noexcept const': cannot convert 'this' pointer from 'const std::array' to 'const std::array<_Ty,_Size> &'
              C:\SFML-3.0.0\include\SFML\Graphics\Transform.inl(107,21):
              Reason: cannot convert from 'const std::array' to 'const std::array<_Ty,_Size>'
              C:\SFML-3.0.0\include\SFML\Graphics\Transform.inl(107,21):
              Conversion requires a second user-defined-conversion operator or constructor
      C:\Program Files\Microsoft Visual Studio\2022\Community\VC\Tools\MSVC\14.44.35207\include\array(529,39):
      or       '_Ty &std::array<_Ty,_Size>::operator [](std::array<_Ty,_Size>::size_type) noexcept'
          C:\SFML-3.0.0\include\SFML\Graphics\Transform.inl(107,21):
          '_Ty &std::array<_Ty,_Size>::operator [](std::array<_Ty,_Size>::size_type) noexcept': cannot convert 'this' pointer from 'const std::array' to 'std::array<_Ty,_Size> &'
              C:\SFML-3.0.0\include\SFML\Graphics\Transform.inl(107,21):
              Reason: cannot convert from 'const std::array' to 'std::array<_Ty,_Size>'
              C:\SFML-3.0.0\include\SFML\Graphics\Transform.inl(107,21):
              Conversion requires a second user-defined-conversion operator or constructor
      C:\SFML-3.0.0\include\SFML\Graphics\Transform.inl(107,21):
      while trying to match the argument list '(const std::array, int)'
  
C:\SFML-3.0.0\include\SFML\Graphics\Transform.inl(108,21): error C2678: binary '[': no operator found which takes a left-hand operand of type 'const std::array' (or there is no acceptable conversion)
  (compiling source file 'Block.cpp')
      C:\Program Files\Microsoft Visual Studio\2022\Community\VC\Tools\MSVC\14.44.35207\include\array(537,42):
      could be 'const _Ty &std::array<_Ty,_Size>::operator [](std::array<_Ty,_Size>::size_type) noexcept const'
          C:\SFML-3.0.0\include\SFML\Graphics\Transform.inl(108,21):
          'const _Ty &std::array<_Ty,_Size>::operator [](std::array<_Ty,_Size>::size_type) noexcept const': cannot convert 'this' pointer from 'const std::array' to 'const std::array<_Ty,_Size> &'
              C:\SFML-3.0.0\include\SFML\Graphics\Transform.inl(108,21):
              Reason: cannot convert from 'const std::array' to 'const std::array<_Ty,_Size>'
              C:\SFML-3.0.0\include\SFML\Graphics\Transform.inl(108,21):
              Conversion requires a second user-defined-conversion operator or constructor
      C:\Program Files\Microsoft Visual Studio\2022\Community\VC\Tools\MSVC\14.44.35207\include\array(529,39):
      or       '_Ty &std::array<_Ty,_Size>::operator [](std::array<_Ty,_Size>::size_type) noexcept'
          C:\SFML-3.0.0\include\SFML\Graphics\Transform.inl(108,21):
          '_Ty &std::array<_Ty,_Size>::operator [](std::array<_Ty,_Size>::size_type) noexcept': cannot convert 'this' pointer from 'const std::array' to 'std::array<_Ty,_Size> &'
              C:\SFML-3.0.0\include\SFML\Graphics\Transform.inl(108,21):
              Reason: cannot convert from 'const std::array' to 'std::array<_Ty,_Size>'
              C:\SFML-3.0.0\include\SFML\Graphics\Transform.inl(108,21):
              Conversion requires a second user-defined-conversion operator or constructor
      C:\SFML-3.0.0\include\SFML\Graphics\Transform.inl(108,21):
      while trying to match the argument list '(const std::array, int)'
  
C:\SFML-3.0.0\include\SFML\Graphics\Transform.inl(110,40): error C2662: 'std::array<_Ty,_Size>::size_type std::array<_Ty,_Size>::size(void) noexcept const': cannot convert 'this' pointer from 'const std::array' to 'const std::array<_Ty,_Size> &'
  (compiling source file 'Block.cpp')
      C:\SFML-3.0.0\include\SFML\Graphics\Transform.inl(110,33):
      Reason: cannot convert from 'const std::array' to 'const std::array<_Ty,_Size>'
      C:\SFML-3.0.0\include\SFML\Graphics\Transform.inl(110,33):
      Conversion requires a second user-defined-conversion operator or constructor
      C:\Program Files\Microsoft Visual Studio\2022\Community\VC\Tools\MSVC\14.44.35207\include\array(501,59):
      see declaration of 'std::array<_Ty,_Size>::size'
      C:\SFML-3.0.0\include\SFML\Graphics\Transform.inl(110,40):
      while trying to match the argument list '()'
  
C:\SFML-3.0.0\include\SFML\Graphics\Transform.inl(113,18): error C2678: binary '[': no operator found which takes a left-hand operand of type 'const std::array' (or there is no acceptable conversion)
  (compiling source file 'Block.cpp')
      C:\Program Files\Microsoft Visual Studio\2022\Community\VC\Tools\MSVC\14.44.35207\include\array(537,42):
      could be 'const _Ty &std::array<_Ty,_Size>::operator [](std::array<_Ty,_Size>::size_type) noexcept const'
          C:\SFML-3.0.0\include\SFML\Graphics\Transform.inl(113,18):
          'const _Ty &std::array<_Ty,_Size>::operator [](std::array<_Ty,_Size>::size_type) noexcept const': cannot convert 'this' pointer from 'const std::array' to 'const std::array<_Ty,_Size> &'
              C:\SFML-3.0.0\include\SFML\Graphics\Transform.inl(113,18):
              Reason: cannot convert from 'const std::array' to 'const std::array<_Ty,_Size>'
              C:\SFML-3.0.0\include\SFML\Graphics\Transform.inl(113,18):
              Conversion requires a second user-defined-conversion operator or constructor
      C:\Program Files\Microsoft Visual Studio\2022\Community\VC\Tools\MSVC\14.44.35207\include\array(529,39):
      or       '_Ty &std::array<_Ty,_Size>::operator [](std::array<_Ty,_Size>::size_type) noexcept'
          C:\SFML-3.0.0\include\SFML\Graphics\Transform.inl(113,18):
          '_Ty &std::array<_Ty,_Size>::operator [](std::array<_Ty,_Size>::size_type) noexcept': cannot convert 'this' pointer from 'const std::array' to 'std::array<_Ty,_Size> &'
              C:\SFML-3.0.0\include\SFML\Graphics\Transform.inl(113,18):
              Reason: cannot convert from 'const std::array' to 'std::array<_Ty,_Size>'
              C:\SFML-3.0.0\include\SFML\Graphics\Transform.inl(113,18):
              Conversion requires a second user-defined-conversion operator or constructor
      C:\SFML-3.0.0\include\SFML\Graphics\Transform.inl(113,18):
      while trying to match the argument list '(const std::array, size_t)'
  
C:\SFML-3.0.0\include\SFML\Graphics\Transform.inl(113,49): error C2678: binary '[': no operator found which takes a left-hand operand of type 'const std::array' (or there is no acceptable conversion)
  (compiling source file 'Block.cpp')
      C:\Program Files\Microsoft Visual Studio\2022\Community\VC\Tools\MSVC\14.44.35207\include\array(537,42):
      could be 'const _Ty &std::array<_Ty,_Size>::operator [](std::array<_Ty,_Size>::size_type) noexcept const'
          C:\SFML-3.0.0\include\SFML\Graphics\Transform.inl(113,49):
          'const _Ty &std::array<_Ty,_Size>::operator [](std::array<_Ty,_Size>::size_type) noexcept const': cannot convert 'this' pointer from 'const std::array' to 'const std::array<_Ty,_Size> &'
              C:\SFML-3.0.0\include\SFML\Graphics\Transform.inl(113,49):
              Reason: cannot convert from 'const std::array' to 'const std::array<_Ty,_Size>'
              C:\SFML-3.0.0\include\SFML\Graphics\Transform.inl(113,49):
              Conversion requires a second user-defined-conversion operator or constructor
      C:\Program Files\Microsoft Visual Studio\2022\Community\VC\Tools\MSVC\14.44.35207\include\array(529,39):
      or       '_Ty &std::array<_Ty,_Size>::operator [](std::array<_Ty,_Size>::size_type) noexcept'
          C:\SFML-3.0.0\include\SFML\Graphics\Transform.inl(113,49):
          '_Ty &std::array<_Ty,_Size>::operator [](std::array<_Ty,_Size>::size_type) noexcept': cannot convert 'this' pointer from 'const std::array' to 'std::array<_Ty,_Size> &'
              C:\SFML-3.0.0\include\SFML\Graphics\Transform.inl(113,49):
              Reason: cannot convert from 'const std::array' to 'std::array<_Ty,_Size>'
              C:\SFML-3.0.0\include\SFML\Graphics\Transform.inl(113,49):
              Conversion requires a second user-defined-conversion operator or constructor
      C:\SFML-3.0.0\include\SFML\Graphics\Transform.inl(113,49):
      while trying to match the argument list '(const std::array, size_t)'
  
C:\SFML-3.0.0\include\SFML\Graphics\Transform.inl(114,18): error C2678: binary '[': no operator found which takes a left-hand operand of type 'const std::array' (or there is no acceptable conversion)
  (compiling source file 'Block.cpp')
      C:\Program Files\Microsoft Visual Studio\2022\Community\VC\Tools\MSVC\14.44.35207\include\array(537,42):
      could be 'const _Ty &std::array<_Ty,_Size>::operator [](std::array<_Ty,_Size>::size_type) noexcept const'
          C:\SFML-3.0.0\include\SFML\Graphics\Transform.inl(114,18):
          'const _Ty &std::array<_Ty,_Size>::operator [](std::array<_Ty,_Size>::size_type) noexcept const': cannot convert 'this' pointer from 'const std::array' to 'const std::array<_Ty,_Size> &'
              C:\SFML-3.0.0\include\SFML\Graphics\Transform.inl(114,18):
              Reason: cannot convert from 'const std::array' to 'const std::array<_Ty,_Size>'
              C:\SFML-3.0.0\include\SFML\Graphics\Transform.inl(114,18):
              Conversion requires a second user-defined-conversion operator or constructor
      C:\Program Files\Microsoft Visual Studio\2022\Community\VC\Tools\MSVC\14.44.35207\include\array(529,39):
      or       '_Ty &std::array<_Ty,_Size>::operator [](std::array<_Ty,_Size>::size_type) noexcept'
          C:\SFML-3.0.0\include\SFML\Graphics\Transform.inl(114,18):
          '_Ty &std::array<_Ty,_Size>::operator [](std::array<_Ty,_Size>::size_type) noexcept': cannot convert 'this' pointer from 'const std::array' to 'std::array<_Ty,_Size> &'
              C:\SFML-3.0.0\include\SFML\Graphics\Transform.inl(114,18):
              Reason: cannot convert from 'const std::array' to 'std::array<_Ty,_Size>'
              C:\SFML-3.0.0\include\SFML\Graphics\Transform.inl(114,18):
              Conversion requires a second user-defined-conversion operator or constructor
      C:\SFML-3.0.0\include\SFML\Graphics\Transform.inl(114,18):
      while trying to match the argument list '(const std::array, size_t)'
  
C:\SFML-3.0.0\include\SFML\Graphics\Transform.inl(114,49): error C2678: binary '[': no operator found which takes a left-hand operand of type 'const std::array' (or there is no acceptable conversion)
  (compiling source file 'Block.cpp')
      C:\Program Files\Microsoft Visual Studio\2022\Community\VC\Tools\MSVC\14.44.35207\include\array(537,42):
      could be 'const _Ty &std::array<_Ty,_Size>::operator [](std::array<_Ty,_Size>::size_type) noexcept const'
          C:\SFML-3.0.0\include\SFML\Graphics\Transform.inl(114,49):
          'const _Ty &std::array<_Ty,_Size>::operator [](std::array<_Ty,_Size>::size_type) noexcept const': cannot convert 'this' pointer from 'const std::array' to 'const std::array<_Ty,_Size> &'
              C:\SFML-3.0.0\include\SFML\Graphics\Transform.inl(114,49):
              Reason: cannot convert from 'const std::array' to 'const std::array<_Ty,_Size>'
              C:\SFML-3.0.0\include\SFML\Graphics\Transform.inl(114,49):
              Conversion requires a second user-defined-conversion operator or constructor
      C:\Program Files\Microsoft Visual Studio\2022\Community\VC\Tools\MSVC\14.44.35207\include\array(529,39):
      or       '_Ty &std::array<_Ty,_Size>::operator [](std::array<_Ty,_Size>::size_type) noexcept'
          C:\SFML-3.0.0\include\SFML\Graphics\Transform.inl(114,49):
          '_Ty &std::array<_Ty,_Size>::operator [](std::array<_Ty,_Size>::size_type) noexcept': cannot convert 'this' pointer from 'const std::array' to 'std::array<_Ty,_Size> &'
              C:\SFML-3.0.0\include\SFML\Graphics\Transform.inl(114,49):
              Reason: cannot convert from 'const std::array' to 'std::array<_Ty,_Size>'
              C:\SFML-3.0.0\include\SFML\Graphics\Transform.inl(114,49):
              Conversion requires a second user-defined-conversion operator or constructor
      C:\SFML-3.0.0\include\SFML\Graphics\Transform.inl(114,49):
      while trying to match the argument list '(const std::array, size_t)'
  
C:\SFML-3.0.0\include\SFML\Graphics\Transform.inl(116,18): error C2678: binary '[': no operator found which takes a left-hand operand of type 'const std::array' (or there is no acceptable conversion)
  (compiling source file 'Block.cpp')
      C:\Program Files\Microsoft Visual Studio\2022\Community\VC\Tools\MSVC\14.44.35207\include\array(537,42):
      could be 'const _Ty &std::array<_Ty,_Size>::operator [](std::array<_Ty,_Size>::size_type) noexcept const'
          C:\SFML-3.0.0\include\SFML\Graphics\Transform.inl(116,18):
          'const _Ty &std::array<_Ty,_Size>::operator [](std::array<_Ty,_Size>::size_type) noexcept const': cannot convert 'this' pointer from 'const std::array' to 'const std::array<_Ty,_Size> &'
              C:\SFML-3.0.0\include\SFML\Graphics\Transform.inl(116,18):
              Reason: cannot convert from 'const std::array' to 'const std::array<_Ty,_Size>'
              C:\SFML-3.0.0\include\SFML\Graphics\Transform.inl(116,18):
              Conversion requires a second user-defined-conversion operator or constructor
      C:\Program Files\Microsoft Visual Studio\2022\Community\VC\Tools\MSVC\14.44.35207\include\array(529,39):
      or       '_Ty &std::array<_Ty,_Size>::operator [](std::array<_Ty,_Size>::size_type) noexcept'
          C:\SFML-3.0.0\include\SFML\Graphics\Transform.inl(116,18):
          '_Ty &std::array<_Ty,_Size>::operator [](std::array<_Ty,_Size>::size_type) noexcept': cannot convert 'this' pointer from 'const std::array' to 'std::array<_Ty,_Size> &'
              C:\SFML-3.0.0\include\SFML\Graphics\Transform.inl(116,18):
              Reason: cannot convert from 'const std::array' to 'std::array<_Ty,_Size>'
              C:\SFML-3.0.0\include\SFML\Graphics\Transform.inl(116,18):
              Conversion requires a second user-defined-conversion operator or constructor
      C:\SFML-3.0.0\include\SFML\Graphics\Transform.inl(116,18):
      while trying to match the argument list '(const std::array, size_t)'
  
C:\SFML-3.0.0\include\SFML\Graphics\Transform.inl(116,49): error C2678: binary '[': no operator found which takes a left-hand operand of type 'const std::array' (or there is no acceptable conversion)
  (compiling source file 'Block.cpp')
      C:\Program Files\Microsoft Visual Studio\2022\Community\VC\Tools\MSVC\14.44.35207\include\array(537,42):
      could be 'const _Ty &std::array<_Ty,_Size>::operator [](std::array<_Ty,_Size>::size_type) noexcept const'
          C:\SFML-3.0.0\include\SFML\Graphics\Transform.inl(116,49):
          'const _Ty &std::array<_Ty,_Size>::operator [](std::array<_Ty,_Size>::size_type) noexcept const': cannot convert 'this' pointer from 'const std::array' to 'const std::array<_Ty,_Size> &'
              C:\SFML-3.0.0\include\SFML\Graphics\Transform.inl(116,49):
              Reason: cannot convert from 'const std::array' to 'const std::array<_Ty,_Size>'
              C:\SFML-3.0.0\include\SFML\Graphics\Transform.inl(116,49):
              Conversion requires a second user-defined-conversion operator or constructor
      C:\Program Files\Microsoft Visual Studio\2022\Community\VC\Tools\MSVC\14.44.35207\include\array(529,39):
      or       '_Ty &std::array<_Ty,_Size>::operator [](std::array<_Ty,_Size>::size_type) noexcept'
          C:\SFML-3.0.0\include\SFML\Graphics\Transform.inl(116,49):
          '_Ty &std::array<_Ty,_Size>::operator [](std::array<_Ty,_Size>::size_type) noexcept': cannot convert 'this' pointer from 'const std::array' to 'std::array<_Ty,_Size> &'
              C:\SFML-3.0.0\include\SFML\Graphics\Transform.inl(116,49):
              Reason: cannot convert from 'const std::array' to 'std::array<_Ty,_Size>'
              C:\SFML-3.0.0\include\SFML\Graphics\Transform.inl(116,49):
              Conversion requires a second user-defined-conversion operator or constructor
      C:\SFML-3.0.0\include\SFML\Graphics\Transform.inl(116,49):
      while trying to match the argument list '(const std::array, size_t)'
  
C:\SFML-3.0.0\include\SFML\Graphics\Transform.inl(117,18): error C2678: binary '[': no operator found which takes a left-hand operand of type 'const std::array' (or there is no acceptable conversion)
  (compiling source file 'Block.cpp')
      C:\Program Files\Microsoft Visual Studio\2022\Community\VC\Tools\MSVC\14.44.35207\include\array(537,42):
      could be 'const _Ty &std::array<_Ty,_Size>::operator [](std::array<_Ty,_Size>::size_type) noexcept const'
          C:\SFML-3.0.0\include\SFML\Graphics\Transform.inl(117,18):
          'const _Ty &std::array<_Ty,_Size>::operator [](std::array<_Ty,_Size>::size_type) noexcept const': cannot convert 'this' pointer from 'const std::array' to 'const std::array<_Ty,_Size> &'
              C:\SFML-3.0.0\include\SFML\Graphics\Transform.inl(117,18):
              Reason: cannot convert from 'const std::array' to 'const std::array<_Ty,_Size>'
              C:\SFML-3.0.0\include\SFML\Graphics\Transform.inl(117,18):
              Conversion requires a second user-defined-conversion operator or constructor
      C:\Program Files\Microsoft Visual Studio\2022\Community\VC\Tools\MSVC\14.44.35207\include\array(529,39):
      or       '_Ty &std::array<_Ty,_Size>::operator [](std::array<_Ty,_Size>::size_type) noexcept'
          C:\SFML-3.0.0\include\SFML\Graphics\Transform.inl(117,18):
          '_Ty &std::array<_Ty,_Size>::operator [](std::array<_Ty,_Size>::size_type) noexcept': cannot convert 'this' pointer from 'const std::array' to 'std::array<_Ty,_Size> &'
              C:\SFML-3.0.0\include\SFML\Graphics\Transform.inl(117,18):
              Reason: cannot convert from 'const std::array' to 'std::array<_Ty,_Size>'
              C:\SFML-3.0.0\include\SFML\Graphics\Transform.inl(117,18):
              Conversion requires a second user-defined-conversion operator or constructor
      C:\SFML-3.0.0\include\SFML\Graphics\Transform.inl(117,18):
      while trying to match the argument list '(const std::array, size_t)'
  
C:\SFML-3.0.0\include\SFML\Graphics\Transform.inl(117,49): error C2678: binary '[': no operator found which takes a left-hand operand of type 'const std::array' (or there is no acceptable conversion)
  (compiling source file 'Block.cpp')
      C:\Program Files\Microsoft Visual Studio\2022\Community\VC\Tools\MSVC\14.44.35207\include\array(537,42):
      could be 'const _Ty &std::array<_Ty,_Size>::operator [](std::array<_Ty,_Size>::size_type) noexcept const'
          C:\SFML-3.0.0\include\SFML\Graphics\Transform.inl(117,49):
          'const _Ty &std::array<_Ty,_Size>::operator [](std::array<_Ty,_Size>::size_type) noexcept const': cannot convert 'this' pointer from 'const std::array' to 'const std::array<_Ty,_Size> &'
              C:\SFML-3.0.0\include\SFML\Graphics\Transform.inl(117,49):
              Reason: cannot convert from 'const std::array' to 'const std::array<_Ty,_Size>'
              C:\SFML-3.0.0\include\SFML\Graphics\Transform.inl(117,49):
              Conversion requires a second user-defined-conversion operator or constructor
      C:\Program Files\Microsoft Visual Studio\2022\Community\VC\Tools\MSVC\14.44.35207\include\array(529,39):
      or       '_Ty &std::array<_Ty,_Size>::operator [](std::array<_Ty,_Size>::size_type) noexcept'
          C:\SFML-3.0.0\include\SFML\Graphics\Transform.inl(117,49):
          '_Ty &std::array<_Ty,_Size>::operator [](std::array<_Ty,_Size>::size_type) noexcept': cannot convert 'this' pointer from 'const std::array' to 'std::array<_Ty,_Size> &'
              C:\SFML-3.0.0\include\SFML\Graphics\Transform.inl(117,49):
              Reason: cannot convert from 'const std::array' to 'std::array<_Ty,_Size>'
              C:\SFML-3.0.0\include\SFML\Graphics\Transform.inl(117,49):
              Conversion requires a second user-defined-conversion operator or constructor
      C:\SFML-3.0.0\include\SFML\Graphics\Transform.inl(117,49):
      while trying to match the argument list '(const std::array, size_t)'
  
C:\SFML-3.0.0\include\SFML\Graphics\Transform.inl(98,32): error C3615: constexpr function 'sf::Transform::transformRect' cannot result in a constant expression
  (compiling source file 'Block.cpp')
      C:\SFML-3.0.0\include\SFML\Graphics\Transform.inl(101,22):
      failure was because type 'const std::array' is not a literal type
      C:\Program Files\Microsoft Visual Studio\2022\Community\VC\Tools\MSVC\14.44.35207\include\array(402,7):
      type 'std::array' is not a literal type because it is not an aggregate type, a closure type, or does not have a constexpr constructor that is not a copy or move constructor
      C:\SFML-3.0.0\include\SFML\Graphics\Transform.inl(110,39):
      failure was caused by call of undefined function or one not declared 'constexpr'
      C:\SFML-3.0.0\include\SFML\Graphics\Transform.inl(110,39):
      see usage of '<declval>'
      C:\SFML-3.0.0\include\SFML\Graphics\Transform.inl(98,32):
      failure was caused by control reaching the end of a constexpr function
  
C:\SFML-3.0.0\include\SFML\Graphics\Transform.inl(234,39): error C7525: inline variables require at least '/std:c++17'
  (compiling source file 'Block.cpp')
  
C:\SFML-3.0.0\include\SFML\Graphics\Rect.hpp(98,34): error C2178: 'sf::Rect<int>::optional' cannot be declared with 'constexpr' specifier
  (compiling source file 'Block.cpp')
  
C:\Program Files\Microsoft Visual Studio\2022\Community\VC\Tools\MSVC\14.44.35207\include\filesystem(12): warning STL4038: The contents of <filesystem> are available only with C++17 or later.
C:\SFML-3.0.0\include\SFML\Graphics\Texture.hpp(114,33): error C2039: 'filesystem': is not a member of 'std'
  (compiling source file 'Block.cpp')
      C:\Program Files\Microsoft Visual Studio\2022\Community\VC\Tools\MSVC\14.44.35207\include\memory(31,1):
      see declaration of 'std'
  
C:\SFML-3.0.0\include\SFML\Graphics\Texture.hpp(114,33): error C3083: 'filesystem': the symbol to the left of a '::' must be a type
  (compiling source file 'Block.cpp')
  
C:\SFML-3.0.0\include\SFML\Graphics\Texture.hpp(114,45): error C2039: 'path': is not a member of 'std'
  (compiling source file 'Block.cpp')
      C:\Program Files\Microsoft Visual Studio\2022\Community\VC\Tools\MSVC\14.44.35207\include\memory(31,1):
      see declaration of 'std'
  
C:\SFML-3.0.0\include\SFML\Graphics\Texture.hpp(114,22): error C4430: missing type specifier - int assumed. Note: C++ does not support default-int
  (compiling source file 'Block.cpp')
  
C:\SFML-3.0.0\include\SFML\Graphics\Texture.hpp(114,49): error C2143: syntax error: missing ',' before '&'
  (compiling source file 'Block.cpp')
  
C:\SFML-3.0.0\include\SFML\Graphics\Texture.hpp(137,24): error C2039: 'filesystem': is not a member of 'std'
  (compiling source file 'Block.cpp')
      C:\Program Files\Microsoft Visual Studio\2022\Community\VC\Tools\MSVC\14.44.35207\include\memory(31,1):
      see declaration of 'std'
  
C:\SFML-3.0.0\include\SFML\Graphics\Texture.hpp(137,24): error C3083: 'filesystem': the symbol to the left of a '::' must be a type
  (compiling source file 'Block.cpp')
  
C:\SFML-3.0.0\include\SFML\Graphics\Texture.hpp(137,36): error C2039: 'path': is not a member of 'std'
  (compiling source file 'Block.cpp')
      C:\Program Files\Microsoft Visual Studio\2022\Community\VC\Tools\MSVC\14.44.35207\include\memory(31,1):
      see declaration of 'std'
  
C:\SFML-3.0.0\include\SFML\Graphics\Texture.hpp(137,13): error C4430: missing type specifier - int assumed. Note: C++ does not support default-int
  (compiling source file 'Block.cpp')
  
C:\SFML-3.0.0\include\SFML\Graphics\Texture.hpp(137,40): error C2143: syntax error: missing ',' before '&'
  (compiling source file 'Block.cpp')
  
C:\SFML-3.0.0\include\SFML\Graphics\Texture.hpp(137,5): error C2535: 'sf::Texture::Texture(const int)': member function already defined or declared
  (compiling source file 'Block.cpp')
      C:\SFML-3.0.0\include\SFML\Graphics\Texture.hpp(114,5):
      see declaration of 'sf::Texture::Texture'
  
C:\SFML-3.0.0\include\SFML\Graphics\Texture.hpp(304,48): error C2039: 'filesystem': is not a member of 'std'
  (compiling source file 'Block.cpp')
      C:\Program Files\Microsoft Visual Studio\2022\Community\VC\Tools\MSVC\14.44.35207\include\memory(31,1):
      see declaration of 'std'
  
C:\SFML-3.0.0\include\SFML\Graphics\Texture.hpp(304,48): error C3083: 'filesystem': the symbol to the left of a '::' must be a type
  (compiling source file 'Block.cpp')
  
C:\SFML-3.0.0\include\SFML\Graphics\Texture.hpp(304,60): error C2039: 'path': is not a member of 'std'
  (compiling source file 'Block.cpp')
      C:\Program Files\Microsoft Visual Studio\2022\Community\VC\Tools\MSVC\14.44.35207\include\memory(31,1):
      see declaration of 'std'
  
C:\SFML-3.0.0\include\SFML\Graphics\Texture.hpp(304,37): error C4430: missing type specifier - int assumed. Note: C++ does not support default-int
  (compiling source file 'Block.cpp')
  
C:\SFML-3.0.0\include\SFML\Graphics\Texture.hpp(304,64): error C2143: syntax error: missing ',' before '&'
  (compiling source file 'Block.cpp')
  
C:\SFML-3.0.0\include\SFML\Graphics\Texture.hpp(304,117): error C2143: syntax error: missing ')' before '{'
  (compiling source file 'Block.cpp')
  
C:\SFML-3.0.0\include\SFML\Graphics\Texture.hpp(304,119): error C2059: syntax error: ')'
  (compiling source file 'Block.cpp')
  
C:\SFML-3.0.0\include\SFML\Graphics\Font.hpp(103,30): error C2039: 'filesystem': is not a member of 'std'
  (compiling source file 'Block.cpp')
      C:\Program Files\Microsoft Visual Studio\2022\Community\VC\Tools\MSVC\14.44.35207\include\unordered_map(23,1):
      see declaration of 'std'
  
C:\SFML-3.0.0\include\SFML\Graphics\Font.hpp(103,30): error C3083: 'filesystem': the symbol to the left of a '::' must be a type
  (compiling source file 'Block.cpp')
  
C:\SFML-3.0.0\include\SFML\Graphics\Font.hpp(103,42): error C2039: 'path': is not a member of 'std'
  (compiling source file 'Block.cpp')
      C:\Program Files\Microsoft Visual Studio\2022\Community\VC\Tools\MSVC\14.44.35207\include\unordered_map(23,1):
      see declaration of 'std'
  
C:\SFML-3.0.0\include\SFML\Graphics\Font.hpp(103,19): error C4430: missing type specifier - int assumed. Note: C++ does not support default-int
  (compiling source file 'Block.cpp')
  
C:\SFML-3.0.0\include\SFML\Graphics\Font.hpp(103,46): error C2143: syntax error: missing ',' before '&'
  (compiling source file 'Block.cpp')
  
C:\SFML-3.0.0\include\SFML\Graphics\Font.hpp(168,48): error C2039: 'filesystem': is not a member of 'std'
  (compiling source file 'Block.cpp')
      C:\Program Files\Microsoft Visual Studio\2022\Community\VC\Tools\MSVC\14.44.35207\include\unordered_map(23,1):
      see declaration of 'std'
  
C:\SFML-3.0.0\include\SFML\Graphics\Font.hpp(168,48): error C3083: 'filesystem': the symbol to the left of a '::' must be a type
  (compiling source file 'Block.cpp')
  
C:\SFML-3.0.0\include\SFML\Graphics\Font.hpp(168,60): error C2039: 'path': is not a member of 'std'
  (compiling source file 'Block.cpp')
      C:\Program Files\Microsoft Visual Studio\2022\Community\VC\Tools\MSVC\14.44.35207\include\unordered_map(23,1):
      see declaration of 'std'
  
C:\SFML-3.0.0\include\SFML\Graphics\Font.hpp(168,37): error C4430: missing type specifier - int assumed. Note: C++ does not support default-int
  (compiling source file 'Block.cpp')
  
C:\SFML-3.0.0\include\SFML\Graphics\Font.hpp(168,64): error C2143: syntax error: missing ',' before '&'
  (compiling source file 'Block.cpp')
  
C:\SFML-3.0.0\include\SFML\Graphics\Image.hpp(103,31): error C2039: 'filesystem': is not a member of 'std'
  (compiling source file 'Block.cpp')
      C:\Program Files\Microsoft Visual Studio\2022\Community\VC\Tools\MSVC\14.44.35207\include\unordered_map(23,1):
      see declaration of 'std'
  
C:\SFML-3.0.0\include\SFML\Graphics\Image.hpp(103,31): error C3083: 'filesystem': the symbol to the left of a '::' must be a type
  (compiling source file 'Block.cpp')
  
C:\SFML-3.0.0\include\SFML\Graphics\Image.hpp(103,43): error C2039: 'path': is not a member of 'std'
  (compiling source file 'Block.cpp')
      C:\Program Files\Microsoft Visual Studio\2022\Community\VC\Tools\MSVC\14.44.35207\include\unordered_map(23,1):
      see declaration of 'std'
  
C:\SFML-3.0.0\include\SFML\Graphics\Image.hpp(103,20): error C4430: missing type specifier - int assumed. Note: C++ does not support default-int
  (compiling source file 'Block.cpp')
  
C:\SFML-3.0.0\include\SFML\Graphics\Image.hpp(103,47): error C2143: syntax error: missing ',' before '&'
  (compiling source file 'Block.cpp')
  
C:\SFML-3.0.0\include\SFML\Graphics\Image.hpp(175,48): error C2039: 'filesystem': is not a member of 'std'
  (compiling source file 'Block.cpp')
      C:\Program Files\Microsoft Visual Studio\2022\Community\VC\Tools\MSVC\14.44.35207\include\unordered_map(23,1):
      see declaration of 'std'
  
C:\SFML-3.0.0\include\SFML\Graphics\Image.hpp(175,48): error C3083: 'filesystem': the symbol to the left of a '::' must be a type
  (compiling source file 'Block.cpp')
  
C:\SFML-3.0.0\include\SFML\Graphics\Image.hpp(175,60): error C2039: 'path': is not a member of 'std'
  (compiling source file 'Block.cpp')
      C:\Program Files\Microsoft Visual Studio\2022\Community\VC\Tools\MSVC\14.44.35207\include\unordered_map(23,1):
      see declaration of 'std'
  
C:\SFML-3.0.0\include\SFML\Graphics\Image.hpp(175,37): error C4430: missing type specifier - int assumed. Note: C++ does not support default-int
  (compiling source file 'Block.cpp')
  
C:\SFML-3.0.0\include\SFML\Graphics\Image.hpp(175,64): error C2143: syntax error: missing ',' before '&'
  (compiling source file 'Block.cpp')
  
C:\SFML-3.0.0\include\SFML\Graphics\Image.hpp(227,46): error C2039: 'filesystem': is not a member of 'std'
  (compiling source file 'Block.cpp')
      C:\Program Files\Microsoft Visual Studio\2022\Community\VC\Tools\MSVC\14.44.35207\include\unordered_map(23,1):
      see declaration of 'std'
  
C:\SFML-3.0.0\include\SFML\Graphics\Image.hpp(227,46): error C3083: 'filesystem': the symbol to the left of a '::' must be a type
C:\Program Files\Microsoft Visual Studio\2022\Community\VC\Tools\MSVC\14.44.35207\include\string_view(12): warning STL4038: The contents of <string_view> are available only with C++17 or later.
  (compiling source file 'Block.cpp')
  
C:\SFML-3.0.0\include\SFML\Graphics\Image.hpp(227,58): error C2039: 'path': is not a member of 'std'
  (compiling source file 'Block.cpp')
      C:\Program Files\Microsoft Visual Studio\2022\Community\VC\Tools\MSVC\14.44.35207\include\unordered_map(23,1):
      see declaration of 'std'
  
C:\SFML-3.0.0\include\SFML\Graphics\Image.hpp(227,58): error C1003: error count exceeds 100; stopping compilation
  (compiling source file 'Block.cpp')
  
  BlockGenerator.cpp
C:\SFML-3.0.0\include\SFML\Graphics\Color.inl(75,17): error C3615: constexpr function 'sf::operator +' cannot result in a constant expression
  (compiling source file 'BlockGenerator.cpp')
      C:\SFML-3.0.0\include\SFML\Graphics\Color.inl(77,16):
      failure was because type 'const sf::+::<lambda_16287c72c63b32e0a9fa1270f38e4b81>' is not a literal type
      C:\SFML-3.0.0\include\SFML\Graphics\Color.inl(81,5):
      type 'sf::+::<lambda_16287c72c63b32e0a9fa1270f38e4b81>' is not a literal type because it is not an aggregate type, a closure type, or does not have a constexpr constructor that is not a copy or move constructor
  
C:\SFML-3.0.0\include\SFML\Graphics\Color.inl(91,17): error C3615: constexpr function 'sf::operator -' cannot result in a constant expression
  (compiling source file 'BlockGenerator.cpp')
      C:\SFML-3.0.0\include\SFML\Graphics\Color.inl(93,16):
      failure was because type 'const sf::-::<lambda_306030dfce25397b9816ce24c68c04f0>' is not a literal type
      C:\SFML-3.0.0\include\SFML\Graphics\Color.inl(97,5):
      type 'sf::-::<lambda_306030dfce25397b9816ce24c68c04f0>' is not a literal type because it is not an aggregate type, a closure type, or does not have a constexpr constructor that is not a copy or move constructor
  
C:\SFML-3.0.0\include\SFML\Graphics\Color.inl(107,17): error C3615: constexpr function 'sf::operator *' cannot result in a constant expression
  (compiling source file 'BlockGenerator.cpp')
      C:\SFML-3.0.0\include\SFML\Graphics\Color.inl(109,16):
      failure was because type 'const sf::*::<lambda_1570e60a8275d4bb357b66a7fbaafc0b>' is not a literal type
      C:\SFML-3.0.0\include\SFML\Graphics\Color.inl(113,5):
      type 'sf::*::<lambda_1570e60a8275d4bb357b66a7fbaafc0b>' is not a literal type because it is not an aggregate type, a closure type, or does not have a constexpr constructor that is not a copy or move constructor
  
C:\SFML-3.0.0\include\SFML\Graphics\Color.inl(146,31): error C7525: inline variables require at least '/std:c++17'
  (compiling source file 'BlockGenerator.cpp')
  
C:\SFML-3.0.0\include\SFML\Graphics\Color.inl(147,31): error C7525: inline variables require at least '/std:c++17'
  (compiling source file 'BlockGenerator.cpp')
  
C:\SFML-3.0.0\include\SFML\Graphics\Color.inl(148,31): error C7525: inline variables require at least '/std:c++17'
  (compiling source file 'BlockGenerator.cpp')
  
C:\SFML-3.0.0\include\SFML\Graphics\Color.inl(149,31): error C7525: inline variables require at least '/std:c++17'
  (compiling source file 'BlockGenerator.cpp')
  
C:\SFML-3.0.0\include\SFML\Graphics\Color.inl(150,31): error C7525: inline variables require at least '/std:c++17'
  (compiling source file 'BlockGenerator.cpp')
  
C:\SFML-3.0.0\include\SFML\Graphics\Color.inl(151,31): error C7525: inline variables require at least '/std:c++17'
  (compiling source file 'BlockGenerator.cpp')
  
C:\SFML-3.0.0\include\SFML\Graphics\Color.inl(152,31): error C7525: inline variables require at least '/std:c++17'
  (compiling source file 'BlockGenerator.cpp')
  
C:\SFML-3.0.0\include\SFML\Graphics\Color.inl(153,31): error C7525: inline variables require at least '/std:c++17'
  (compiling source file 'BlockGenerator.cpp')
  
C:\SFML-3.0.0\include\SFML\Graphics\Color.inl(154,31): error C7525: inline variables require at least '/std:c++17'
  (compiling source file 'BlockGenerator.cpp')
  
C:\SFML-3.0.0\include\SFML\System\Angle.inl(272,31): error C7525: inline variables require at least '/std:c++17'
  (compiling source file 'BlockGenerator.cpp')
  
C:\Program Files\Microsoft Visual Studio\2022\Community\VC\Tools\MSVC\14.44.35207\include\optional(11): warning STL4038: The contents of <optional> are available only with C++17 or later.
C:\SFML-3.0.0\include\SFML\Graphics\Rect.hpp(98,42): error C2143: syntax error: missing ';' before '<'
  (compiling source file 'BlockGenerator.cpp')
      C:\SFML-3.0.0\include\SFML\Graphics\Rect.hpp(98,42):
      the template instantiation context (the oldest one first) is
          C:\SFML-3.0.0\include\SFML\Graphics\Rect.hpp(42,7):
          while compiling class template 'sf::Rect'
  
C:\SFML-3.0.0\include\SFML\Graphics\Rect.hpp(98,34): error C4430: missing type specifier - int assumed. Note: C++ does not support default-int
  (compiling source file 'BlockGenerator.cpp')
  
C:\SFML-3.0.0\include\SFML\Graphics\Rect.hpp(98,34): error C2178: 'sf::Rect<T>::optional' cannot be declared with 'constexpr' specifier
  (compiling source file 'BlockGenerator.cpp')
  
C:\SFML-3.0.0\include\SFML\Graphics\Rect.hpp(98,5): warning C4869: 'nodiscard' may only be applied to classes, enumerations, and functions
  (compiling source file 'BlockGenerator.cpp')
  
C:\SFML-3.0.0\include\SFML\Graphics\Rect.hpp(98,100): error C2238: unexpected token(s) preceding ';'
  (compiling source file 'BlockGenerator.cpp')
  
C:\SFML-3.0.0\include\SFML\Graphics\Rect.inl(71,16): error C2039: 'optional': is not a member of 'std'
  (compiling source file 'BlockGenerator.cpp')
      C:\Program Files\Microsoft Visual Studio\2022\Community\VC\Tools\MSVC\14.44.35207\include\yvals.h(361,1):
      see declaration of 'std'
  
C:\SFML-3.0.0\include\SFML\Graphics\Rect.inl(71,24): error C2988: unrecognizable template declaration/definition
  (compiling source file 'BlockGenerator.cpp')
  
C:\SFML-3.0.0\include\SFML\Graphics\Rect.inl(71,24): error C2143: syntax error: missing ';' before '<'
  (compiling source file 'BlockGenerator.cpp')
  
C:\SFML-3.0.0\include\SFML\Graphics\Rect.inl(71,16): error C4430: missing type specifier - int assumed. Note: C++ does not support default-int
  (compiling source file 'BlockGenerator.cpp')
  
C:\SFML-3.0.0\include\SFML\Graphics\Rect.inl(71,24): error C2059: syntax error: '<'
  (compiling source file 'BlockGenerator.cpp')
  
C:\SFML-3.0.0\include\SFML\Graphics\Rect.inl(71,30): error C2065: 'T': undeclared identifier
  (compiling source file 'BlockGenerator.cpp')
  
C:\SFML-3.0.0\include\SFML\Graphics\Rect.inl(71,25): error C2923: 'sf::Rect': 'T' is not a valid template type argument for parameter 'T'
  (compiling source file 'BlockGenerator.cpp')
      C:\SFML-3.0.0\include\SFML\Graphics\Rect.inl(71,30):
      see declaration of 'T'
  
C:\SFML-3.0.0\include\SFML\Graphics\Rect.inl(71,39): error C2065: 'T': undeclared identifier
  (compiling source file 'BlockGenerator.cpp')
  
C:\SFML-3.0.0\include\SFML\Graphics\Rect.inl(71,34): error C2923: 'sf::Rect': 'T' is not a valid template type argument for parameter 'T'
  (compiling source file 'BlockGenerator.cpp')
      C:\SFML-3.0.0\include\SFML\Graphics\Rect.inl(71,39):
      see declaration of 'T'
  
C:\SFML-3.0.0\include\SFML\Graphics\Rect.inl(71,71): error C2065: 'T': undeclared identifier
  (compiling source file 'BlockGenerator.cpp')
  
C:\SFML-3.0.0\include\SFML\Graphics\Rect.inl(71,66): error C2923: 'sf::Rect': 'T' is not a valid template type argument for parameter 'T'
  (compiling source file 'BlockGenerator.cpp')
      C:\SFML-3.0.0\include\SFML\Graphics\Rect.inl(71,71):
      see declaration of 'T'
  
C:\SFML-3.0.0\include\SFML\Graphics\Rect.inl(72,1): error C2143: syntax error: missing ';' before '{'
  (compiling source file 'BlockGenerator.cpp')
  
C:\SFML-3.0.0\include\SFML\Graphics\Rect.inl(72,1): error C2447: '{': missing function header (old-style formal list?)
  (compiling source file 'BlockGenerator.cpp')
  
C:\SFML-3.0.0\include\SFML\Graphics\Transform.inl(52,35): error C3615: constexpr function 'sf::Transform::getMatrix' cannot result in a constant expression
  (compiling source file 'BlockGenerator.cpp')
      C:\SFML-3.0.0\include\SFML\Graphics\Transform.inl(54,25):
      failure was caused by call of undefined function or one not declared 'constexpr'
      C:\SFML-3.0.0\include\SFML\Graphics\Transform.inl(54,25):
      see usage of 'std::array<float,16>::data'
  
C:\SFML-3.0.0\include\SFML\Graphics\Rect.hpp(98,34): error C2039: 'optional': is not a member of 'std'
  (compiling source file 'BlockGenerator.cpp')
      C:\Program Files\Microsoft Visual Studio\2022\Community\VC\Tools\MSVC\14.44.35207\include\array(19,1):
      see declaration of 'std'
      C:\SFML-3.0.0\include\SFML\Graphics\Rect.hpp(98,34):
      the template instantiation context (the oldest one first) is
          C:\SFML-3.0.0\include\SFML\Graphics\Transform.inl(98,32):
          see reference to class template instantiation 'sf::Rect<float>' being compiled
  
C:\SFML-3.0.0\include\SFML\Graphics\Rect.hpp(98,34): error C2178: 'sf::Rect<float>::optional' cannot be declared with 'constexpr' specifier
  (compiling source file 'BlockGenerator.cpp')
  
C:\SFML-3.0.0\include\SFML\Graphics\Transform.inl(101,31): error C2514: 'std::array': class template cannot be constructed
  (compiling source file 'BlockGenerator.cpp')
      C:\Program Files\Microsoft Visual Studio\2022\Community\VC\Tools\MSVC\14.44.35207\include\array(402,7):
      see declaration of 'std::array'
  
C:\SFML-3.0.0\include\SFML\Graphics\Transform.inl(107,21): error C2678: binary '[': no operator found which takes a left-hand operand of type 'const std::array' (or there is no acceptable conversion)
  (compiling source file 'BlockGenerator.cpp')
      C:\Program Files\Microsoft Visual Studio\2022\Community\VC\Tools\MSVC\14.44.35207\include\array(537,42):
      could be 'const _Ty &std::array<_Ty,_Size>::operator [](std::array<_Ty,_Size>::size_type) noexcept const'
          C:\SFML-3.0.0\include\SFML\Graphics\Transform.inl(107,21):
          'const _Ty &std::array<_Ty,_Size>::operator [](std::array<_Ty,_Size>::size_type) noexcept const': cannot convert 'this' pointer from 'const std::array' to 'const std::array<_Ty,_Size> &'
              C:\SFML-3.0.0\include\SFML\Graphics\Transform.inl(107,21):
              Reason: cannot convert from 'const std::array' to 'const std::array<_Ty,_Size>'
              C:\SFML-3.0.0\include\SFML\Graphics\Transform.inl(107,21):
              Conversion requires a second user-defined-conversion operator or constructor
      C:\Program Files\Microsoft Visual Studio\2022\Community\VC\Tools\MSVC\14.44.35207\include\array(529,39):
      or       '_Ty &std::array<_Ty,_Size>::operator [](std::array<_Ty,_Size>::size_type) noexcept'
          C:\SFML-3.0.0\include\SFML\Graphics\Transform.inl(107,21):
          '_Ty &std::array<_Ty,_Size>::operator [](std::array<_Ty,_Size>::size_type) noexcept': cannot convert 'this' pointer from 'const std::array' to 'std::array<_Ty,_Size> &'
              C:\SFML-3.0.0\include\SFML\Graphics\Transform.inl(107,21):
              Reason: cannot convert from 'const std::array' to 'std::array<_Ty,_Size>'
              C:\SFML-3.0.0\include\SFML\Graphics\Transform.inl(107,21):
              Conversion requires a second user-defined-conversion operator or constructor
      C:\SFML-3.0.0\include\SFML\Graphics\Transform.inl(107,21):
      while trying to match the argument list '(const std::array, int)'
  
C:\SFML-3.0.0\include\SFML\Graphics\Transform.inl(108,21): error C2678: binary '[': no operator found which takes a left-hand operand of type 'const std::array' (or there is no acceptable conversion)
  (compiling source file 'BlockGenerator.cpp')
      C:\Program Files\Microsoft Visual Studio\2022\Community\VC\Tools\MSVC\14.44.35207\include\array(537,42):
      could be 'const _Ty &std::array<_Ty,_Size>::operator [](std::array<_Ty,_Size>::size_type) noexcept const'
          C:\SFML-3.0.0\include\SFML\Graphics\Transform.inl(108,21):
          'const _Ty &std::array<_Ty,_Size>::operator [](std::array<_Ty,_Size>::size_type) noexcept const': cannot convert 'this' pointer from 'const std::array' to 'const std::array<_Ty,_Size> &'
              C:\SFML-3.0.0\include\SFML\Graphics\Transform.inl(108,21):
              Reason: cannot convert from 'const std::array' to 'const std::array<_Ty,_Size>'
              C:\SFML-3.0.0\include\SFML\Graphics\Transform.inl(108,21):
              Conversion requires a second user-defined-conversion operator or constructor
      C:\Program Files\Microsoft Visual Studio\2022\Community\VC\Tools\MSVC\14.44.35207\include\array(529,39):
      or       '_Ty &std::array<_Ty,_Size>::operator [](std::array<_Ty,_Size>::size_type) noexcept'
          C:\SFML-3.0.0\include\SFML\Graphics\Transform.inl(108,21):
          '_Ty &std::array<_Ty,_Size>::operator [](std::array<_Ty,_Size>::size_type) noexcept': cannot convert 'this' pointer from 'const std::array' to 'std::array<_Ty,_Size> &'
              C:\SFML-3.0.0\include\SFML\Graphics\Transform.inl(108,21):
              Reason: cannot convert from 'const std::array' to 'std::array<_Ty,_Size>'
              C:\SFML-3.0.0\include\SFML\Graphics\Transform.inl(108,21):
              Conversion requires a second user-defined-conversion operator or constructor
      C:\SFML-3.0.0\include\SFML\Graphics\Transform.inl(108,21):
      while trying to match the argument list '(const std::array, int)'
  
C:\SFML-3.0.0\include\SFML\Graphics\Transform.inl(110,40): error C2662: 'std::array<_Ty,_Size>::size_type std::array<_Ty,_Size>::size(void) noexcept const': cannot convert 'this' pointer from 'const std::array' to 'const std::array<_Ty,_Size> &'
  (compiling source file 'BlockGenerator.cpp')
      C:\SFML-3.0.0\include\SFML\Graphics\Transform.inl(110,33):
      Reason: cannot convert from 'const std::array' to 'const std::array<_Ty,_Size>'
      C:\SFML-3.0.0\include\SFML\Graphics\Transform.inl(110,33):
      Conversion requires a second user-defined-conversion operator or constructor
      C:\Program Files\Microsoft Visual Studio\2022\Community\VC\Tools\MSVC\14.44.35207\include\array(501,59):
      see declaration of 'std::array<_Ty,_Size>::size'
      C:\SFML-3.0.0\include\SFML\Graphics\Transform.inl(110,40):
      while trying to match the argument list '()'
  
C:\SFML-3.0.0\include\SFML\Graphics\Transform.inl(113,18): error C2678: binary '[': no operator found which takes a left-hand operand of type 'const std::array' (or there is no acceptable conversion)
  (compiling source file 'BlockGenerator.cpp')
      C:\Program Files\Microsoft Visual Studio\2022\Community\VC\Tools\MSVC\14.44.35207\include\array(537,42):
      could be 'const _Ty &std::array<_Ty,_Size>::operator [](std::array<_Ty,_Size>::size_type) noexcept const'
          C:\SFML-3.0.0\include\SFML\Graphics\Transform.inl(113,18):
          'const _Ty &std::array<_Ty,_Size>::operator [](std::array<_Ty,_Size>::size_type) noexcept const': cannot convert 'this' pointer from 'const std::array' to 'const std::array<_Ty,_Size> &'
              C:\SFML-3.0.0\include\SFML\Graphics\Transform.inl(113,18):
              Reason: cannot convert from 'const std::array' to 'const std::array<_Ty,_Size>'
              C:\SFML-3.0.0\include\SFML\Graphics\Transform.inl(113,18):
              Conversion requires a second user-defined-conversion operator or constructor
      C:\Program Files\Microsoft Visual Studio\2022\Community\VC\Tools\MSVC\14.44.35207\include\array(529,39):
      or       '_Ty &std::array<_Ty,_Size>::operator [](std::array<_Ty,_Size>::size_type) noexcept'
          C:\SFML-3.0.0\include\SFML\Graphics\Transform.inl(113,18):
          '_Ty &std::array<_Ty,_Size>::operator [](std::array<_Ty,_Size>::size_type) noexcept': cannot convert 'this' pointer from 'const std::array' to 'std::array<_Ty,_Size> &'
              C:\SFML-3.0.0\include\SFML\Graphics\Transform.inl(113,18):
              Reason: cannot convert from 'const std::array' to 'std::array<_Ty,_Size>'
              C:\SFML-3.0.0\include\SFML\Graphics\Transform.inl(113,18):
              Conversion requires a second user-defined-conversion operator or constructor
      C:\SFML-3.0.0\include\SFML\Graphics\Transform.inl(113,18):
      while trying to match the argument list '(const std::array, size_t)'
  
C:\SFML-3.0.0\include\SFML\Graphics\Transform.inl(113,49): error C2678: binary '[': no operator found which takes a left-hand operand of type 'const std::array' (or there is no acceptable conversion)
  (compiling source file 'BlockGenerator.cpp')
      C:\Program Files\Microsoft Visual Studio\2022\Community\VC\Tools\MSVC\14.44.35207\include\array(537,42):
      could be 'const _Ty &std::array<_Ty,_Size>::operator [](std::array<_Ty,_Size>::size_type) noexcept const'
          C:\SFML-3.0.0\include\SFML\Graphics\Transform.inl(113,49):
          'const _Ty &std::array<_Ty,_Size>::operator [](std::array<_Ty,_Size>::size_type) noexcept const': cannot convert 'this' pointer from 'const std::array' to 'const std::array<_Ty,_Size> &'
              C:\SFML-3.0.0\include\SFML\Graphics\Transform.inl(113,49):
              Reason: cannot convert from 'const std::array' to 'const std::array<_Ty,_Size>'
              C:\SFML-3.0.0\include\SFML\Graphics\Transform.inl(113,49):
              Conversion requires a second user-defined-conversion operator or constructor
      C:\Program Files\Microsoft Visual Studio\2022\Community\VC\Tools\MSVC\14.44.35207\include\array(529,39):
      or       '_Ty &std::array<_Ty,_Size>::operator [](std::array<_Ty,_Size>::size_type) noexcept'
          C:\SFML-3.0.0\include\SFML\Graphics\Transform.inl(113,49):
          '_Ty &std::array<_Ty,_Size>::operator [](std::array<_Ty,_Size>::size_type) noexcept': cannot convert 'this' pointer from 'const std::array' to 'std::array<_Ty,_Size> &'
              C:\SFML-3.0.0\include\SFML\Graphics\Transform.inl(113,49):
              Reason: cannot convert from 'const std::array' to 'std::array<_Ty,_Size>'
              C:\SFML-3.0.0\include\SFML\Graphics\Transform.inl(113,49):
              Conversion requires a second user-defined-conversion operator or constructor
      C:\SFML-3.0.0\include\SFML\Graphics\Transform.inl(113,49):
      while trying to match the argument list '(const std::array, size_t)'
  
C:\SFML-3.0.0\include\SFML\Graphics\Transform.inl(114,18): error C2678: binary '[': no operator found which takes a left-hand operand of type 'const std::array' (or there is no acceptable conversion)
  (compiling source file 'BlockGenerator.cpp')
      C:\Program Files\Microsoft Visual Studio\2022\Community\VC\Tools\MSVC\14.44.35207\include\array(537,42):
      could be 'const _Ty &std::array<_Ty,_Size>::operator [](std::array<_Ty,_Size>::size_type) noexcept const'
          C:\SFML-3.0.0\include\SFML\Graphics\Transform.inl(114,18):
          'const _Ty &std::array<_Ty,_Size>::operator [](std::array<_Ty,_Size>::size_type) noexcept const': cannot convert 'this' pointer from 'const std::array' to 'const std::array<_Ty,_Size> &'
              C:\SFML-3.0.0\include\SFML\Graphics\Transform.inl(114,18):
              Reason: cannot convert from 'const std::array' to 'const std::array<_Ty,_Size>'
              C:\SFML-3.0.0\include\SFML\Graphics\Transform.inl(114,18):
              Conversion requires a second user-defined-conversion operator or constructor
      C:\Program Files\Microsoft Visual Studio\2022\Community\VC\Tools\MSVC\14.44.35207\include\array(529,39):
      or       '_Ty &std::array<_Ty,_Size>::operator [](std::array<_Ty,_Size>::size_type) noexcept'
          C:\SFML-3.0.0\include\SFML\Graphics\Transform.inl(114,18):
          '_Ty &std::array<_Ty,_Size>::operator [](std::array<_Ty,_Size>::size_type) noexcept': cannot convert 'this' pointer from 'const std::array' to 'std::array<_Ty,_Size> &'
              C:\SFML-3.0.0\include\SFML\Graphics\Transform.inl(114,18):
              Reason: cannot convert from 'const std::array' to 'std::array<_Ty,_Size>'
              C:\SFML-3.0.0\include\SFML\Graphics\Transform.inl(114,18):
              Conversion requires a second user-defined-conversion operator or constructor
      C:\SFML-3.0.0\include\SFML\Graphics\Transform.inl(114,18):
      while trying to match the argument list '(const std::array, size_t)'
  
C:\SFML-3.0.0\include\SFML\Graphics\Transform.inl(114,49): error C2678: binary '[': no operator found which takes a left-hand operand of type 'const std::array' (or there is no acceptable conversion)
  (compiling source file 'BlockGenerator.cpp')
      C:\Program Files\Microsoft Visual Studio\2022\Community\VC\Tools\MSVC\14.44.35207\include\array(537,42):
      could be 'const _Ty &std::array<_Ty,_Size>::operator [](std::array<_Ty,_Size>::size_type) noexcept const'
          C:\SFML-3.0.0\include\SFML\Graphics\Transform.inl(114,49):
          'const _Ty &std::array<_Ty,_Size>::operator [](std::array<_Ty,_Size>::size_type) noexcept const': cannot convert 'this' pointer from 'const std::array' to 'const std::array<_Ty,_Size> &'
              C:\SFML-3.0.0\include\SFML\Graphics\Transform.inl(114,49):
              Reason: cannot convert from 'const std::array' to 'const std::array<_Ty,_Size>'
              C:\SFML-3.0.0\include\SFML\Graphics\Transform.inl(114,49):
              Conversion requires a second user-defined-conversion operator or constructor
      C:\Program Files\Microsoft Visual Studio\2022\Community\VC\Tools\MSVC\14.44.35207\include\array(529,39):
      or       '_Ty &std::array<_Ty,_Size>::operator [](std::array<_Ty,_Size>::size_type) noexcept'
          C:\SFML-3.0.0\include\SFML\Graphics\Transform.inl(114,49):
          '_Ty &std::array<_Ty,_Size>::operator [](std::array<_Ty,_Size>::size_type) noexcept': cannot convert 'this' pointer from 'const std::array' to 'std::array<_Ty,_Size> &'
              C:\SFML-3.0.0\include\SFML\Graphics\Transform.inl(114,49):
              Reason: cannot convert from 'const std::array' to 'std::array<_Ty,_Size>'
              C:\SFML-3.0.0\include\SFML\Graphics\Transform.inl(114,49):
              Conversion requires a second user-defined-conversion operator or constructor
      C:\SFML-3.0.0\include\SFML\Graphics\Transform.inl(114,49):
      while trying to match the argument list '(const std::array, size_t)'
  
C:\SFML-3.0.0\include\SFML\Graphics\Transform.inl(116,18): error C2678: binary '[': no operator found which takes a left-hand operand of type 'const std::array' (or there is no acceptable conversion)
  (compiling source file 'BlockGenerator.cpp')
      C:\Program Files\Microsoft Visual Studio\2022\Community\VC\Tools\MSVC\14.44.35207\include\array(537,42):
      could be 'const _Ty &std::array<_Ty,_Size>::operator [](std::array<_Ty,_Size>::size_type) noexcept const'
          C:\SFML-3.0.0\include\SFML\Graphics\Transform.inl(116,18):
          'const _Ty &std::array<_Ty,_Size>::operator [](std::array<_Ty,_Size>::size_type) noexcept const': cannot convert 'this' pointer from 'const std::array' to 'const std::array<_Ty,_Size> &'
              C:\SFML-3.0.0\include\SFML\Graphics\Transform.inl(116,18):
              Reason: cannot convert from 'const std::array' to 'const std::array<_Ty,_Size>'
              C:\SFML-3.0.0\include\SFML\Graphics\Transform.inl(116,18):
              Conversion requires a second user-defined-conversion operator or constructor
      C:\Program Files\Microsoft Visual Studio\2022\Community\VC\Tools\MSVC\14.44.35207\include\array(529,39):
      or       '_Ty &std::array<_Ty,_Size>::operator [](std::array<_Ty,_Size>::size_type) noexcept'
          C:\SFML-3.0.0\include\SFML\Graphics\Transform.inl(116,18):
          '_Ty &std::array<_Ty,_Size>::operator [](std::array<_Ty,_Size>::size_type) noexcept': cannot convert 'this' pointer from 'const std::array' to 'std::array<_Ty,_Size> &'
              C:\SFML-3.0.0\include\SFML\Graphics\Transform.inl(116,18):
              Reason: cannot convert from 'const std::array' to 'std::array<_Ty,_Size>'
              C:\SFML-3.0.0\include\SFML\Graphics\Transform.inl(116,18):
              Conversion requires a second user-defined-conversion operator or constructor
      C:\SFML-3.0.0\include\SFML\Graphics\Transform.inl(116,18):
      while trying to match the argument list '(const std::array, size_t)'
  
C:\SFML-3.0.0\include\SFML\Graphics\Transform.inl(116,49): error C2678: binary '[': no operator found which takes a left-hand operand of type 'const std::array' (or there is no acceptable conversion)
  (compiling source file 'BlockGenerator.cpp')
      C:\Program Files\Microsoft Visual Studio\2022\Community\VC\Tools\MSVC\14.44.35207\include\array(537,42):
      could be 'const _Ty &std::array<_Ty,_Size>::operator [](std::array<_Ty,_Size>::size_type) noexcept const'
          C:\SFML-3.0.0\include\SFML\Graphics\Transform.inl(116,49):
          'const _Ty &std::array<_Ty,_Size>::operator [](std::array<_Ty,_Size>::size_type) noexcept const': cannot convert 'this' pointer from 'const std::array' to 'const std::array<_Ty,_Size> &'
              C:\SFML-3.0.0\include\SFML\Graphics\Transform.inl(116,49):
              Reason: cannot convert from 'const std::array' to 'const std::array<_Ty,_Size>'
              C:\SFML-3.0.0\include\SFML\Graphics\Transform.inl(116,49):
              Conversion requires a second user-defined-conversion operator or constructor
      C:\Program Files\Microsoft Visual Studio\2022\Community\VC\Tools\MSVC\14.44.35207\include\array(529,39):
      or       '_Ty &std::array<_Ty,_Size>::operator [](std::array<_Ty,_Size>::size_type) noexcept'
          C:\SFML-3.0.0\include\SFML\Graphics\Transform.inl(116,49):
          '_Ty &std::array<_Ty,_Size>::operator [](std::array<_Ty,_Size>::size_type) noexcept': cannot convert 'this' pointer from 'const std::array' to 'std::array<_Ty,_Size> &'
              C:\SFML-3.0.0\include\SFML\Graphics\Transform.inl(116,49):
              Reason: cannot convert from 'const std::array' to 'std::array<_Ty,_Size>'
              C:\SFML-3.0.0\include\SFML\Graphics\Transform.inl(116,49):
              Conversion requires a second user-defined-conversion operator or constructor
      C:\SFML-3.0.0\include\SFML\Graphics\Transform.inl(116,49):
      while trying to match the argument list '(const std::array, size_t)'
  
C:\SFML-3.0.0\include\SFML\Graphics\Transform.inl(117,18): error C2678: binary '[': no operator found which takes a left-hand operand of type 'const std::array' (or there is no acceptable conversion)
  (compiling source file 'BlockGenerator.cpp')
      C:\Program Files\Microsoft Visual Studio\2022\Community\VC\Tools\MSVC\14.44.35207\include\array(537,42):
      could be 'const _Ty &std::array<_Ty,_Size>::operator [](std::array<_Ty,_Size>::size_type) noexcept const'
          C:\SFML-3.0.0\include\SFML\Graphics\Transform.inl(117,18):
          'const _Ty &std::array<_Ty,_Size>::operator [](std::array<_Ty,_Size>::size_type) noexcept const': cannot convert 'this' pointer from 'const std::array' to 'const std::array<_Ty,_Size> &'
              C:\SFML-3.0.0\include\SFML\Graphics\Transform.inl(117,18):
              Reason: cannot convert from 'const std::array' to 'const std::array<_Ty,_Size>'
              C:\SFML-3.0.0\include\SFML\Graphics\Transform.inl(117,18):
              Conversion requires a second user-defined-conversion operator or constructor
      C:\Program Files\Microsoft Visual Studio\2022\Community\VC\Tools\MSVC\14.44.35207\include\array(529,39):
      or       '_Ty &std::array<_Ty,_Size>::operator [](std::array<_Ty,_Size>::size_type) noexcept'
          C:\SFML-3.0.0\include\SFML\Graphics\Transform.inl(117,18):
          '_Ty &std::array<_Ty,_Size>::operator [](std::array<_Ty,_Size>::size_type) noexcept': cannot convert 'this' pointer from 'const std::array' to 'std::array<_Ty,_Size> &'
              C:\SFML-3.0.0\include\SFML\Graphics\Transform.inl(117,18):
              Reason: cannot convert from 'const std::array' to 'std::array<_Ty,_Size>'
              C:\SFML-3.0.0\include\SFML\Graphics\Transform.inl(117,18):
              Conversion requires a second user-defined-conversion operator or constructor
      C:\SFML-3.0.0\include\SFML\Graphics\Transform.inl(117,18):
      while trying to match the argument list '(const std::array, size_t)'
  
C:\SFML-3.0.0\include\SFML\Graphics\Transform.inl(117,49): error C2678: binary '[': no operator found which takes a left-hand operand of type 'const std::array' (or there is no acceptable conversion)
  (compiling source file 'BlockGenerator.cpp')
      C:\Program Files\Microsoft Visual Studio\2022\Community\VC\Tools\MSVC\14.44.35207\include\array(537,42):
      could be 'const _Ty &std::array<_Ty,_Size>::operator [](std::array<_Ty,_Size>::size_type) noexcept const'
          C:\SFML-3.0.0\include\SFML\Graphics\Transform.inl(117,49):
          'const _Ty &std::array<_Ty,_Size>::operator [](std::array<_Ty,_Size>::size_type) noexcept const': cannot convert 'this' pointer from 'const std::array' to 'const std::array<_Ty,_Size> &'
              C:\SFML-3.0.0\include\SFML\Graphics\Transform.inl(117,49):
              Reason: cannot convert from 'const std::array' to 'const std::array<_Ty,_Size>'
              C:\SFML-3.0.0\include\SFML\Graphics\Transform.inl(117,49):
              Conversion requires a second user-defined-conversion operator or constructor
      C:\Program Files\Microsoft Visual Studio\2022\Community\VC\Tools\MSVC\14.44.35207\include\array(529,39):
      or       '_Ty &std::array<_Ty,_Size>::operator [](std::array<_Ty,_Size>::size_type) noexcept'
          C:\SFML-3.0.0\include\SFML\Graphics\Transform.inl(117,49):
          '_Ty &std::array<_Ty,_Size>::operator [](std::array<_Ty,_Size>::size_type) noexcept': cannot convert 'this' pointer from 'const std::array' to 'std::array<_Ty,_Size> &'
              C:\SFML-3.0.0\include\SFML\Graphics\Transform.inl(117,49):
              Reason: cannot convert from 'const std::array' to 'std::array<_Ty,_Size>'
              C:\SFML-3.0.0\include\SFML\Graphics\Transform.inl(117,49):
              Conversion requires a second user-defined-conversion operator or constructor
      C:\SFML-3.0.0\include\SFML\Graphics\Transform.inl(117,49):
      while trying to match the argument list '(const std::array, size_t)'
  
C:\SFML-3.0.0\include\SFML\Graphics\Transform.inl(98,32): error C3615: constexpr function 'sf::Transform::transformRect' cannot result in a constant expression
  (compiling source file 'BlockGenerator.cpp')
      C:\SFML-3.0.0\include\SFML\Graphics\Transform.inl(101,22):
      failure was because type 'const std::array' is not a literal type
      C:\Program Files\Microsoft Visual Studio\2022\Community\VC\Tools\MSVC\14.44.35207\include\array(402,7):
      type 'std::array' is not a literal type because it is not an aggregate type, a closure type, or does not have a constexpr constructor that is not a copy or move constructor
      C:\SFML-3.0.0\include\SFML\Graphics\Transform.inl(110,39):
      failure was caused by call of undefined function or one not declared 'constexpr'
      C:\SFML-3.0.0\include\SFML\Graphics\Transform.inl(110,39):
      see usage of '<declval>'
      C:\SFML-3.0.0\include\SFML\Graphics\Transform.inl(98,32):
      failure was caused by control reaching the end of a constexpr function
  
C:\SFML-3.0.0\include\SFML\Graphics\Transform.inl(234,39): error C7525: inline variables require at least '/std:c++17'
  (compiling source file 'BlockGenerator.cpp')
  
C:\SFML-3.0.0\include\SFML\Graphics\Rect.hpp(98,34): error C2178: 'sf::Rect<int>::optional' cannot be declared with 'constexpr' specifier
  (compiling source file 'BlockGenerator.cpp')
  
C:\Program Files\Microsoft Visual Studio\2022\Community\VC\Tools\MSVC\14.44.35207\include\filesystem(12): warning STL4038: The contents of <filesystem> are available only with C++17 or later.
C:\SFML-3.0.0\include\SFML\Graphics\Texture.hpp(114,33): error C2039: 'filesystem': is not a member of 'std'
  (compiling source file 'BlockGenerator.cpp')
      C:\Program Files\Microsoft Visual Studio\2022\Community\VC\Tools\MSVC\14.44.35207\include\memory(31,1):
      see declaration of 'std'
  
C:\SFML-3.0.0\include\SFML\Graphics\Texture.hpp(114,33): error C3083: 'filesystem': the symbol to the left of a '::' must be a type
  (compiling source file 'BlockGenerator.cpp')
  
C:\SFML-3.0.0\include\SFML\Graphics\Texture.hpp(114,45): error C2039: 'path': is not a member of 'std'
  (compiling source file 'BlockGenerator.cpp')
      C:\Program Files\Microsoft Visual Studio\2022\Community\VC\Tools\MSVC\14.44.35207\include\memory(31,1):
      see declaration of 'std'
  
C:\SFML-3.0.0\include\SFML\Graphics\Texture.hpp(114,22): error C4430: missing type specifier - int assumed. Note: C++ does not support default-int
  (compiling source file 'BlockGenerator.cpp')
  
C:\SFML-3.0.0\include\SFML\Graphics\Texture.hpp(114,49): error C2143: syntax error: missing ',' before '&'
  (compiling source file 'BlockGenerator.cpp')
  
C:\SFML-3.0.0\include\SFML\Graphics\Texture.hpp(137,24): error C2039: 'filesystem': is not a member of 'std'
  (compiling source file 'BlockGenerator.cpp')
      C:\Program Files\Microsoft Visual Studio\2022\Community\VC\Tools\MSVC\14.44.35207\include\memory(31,1):
      see declaration of 'std'
  
C:\SFML-3.0.0\include\SFML\Graphics\Texture.hpp(137,24): error C3083: 'filesystem': the symbol to the left of a '::' must be a type
  (compiling source file 'BlockGenerator.cpp')
  
C:\SFML-3.0.0\include\SFML\Graphics\Texture.hpp(137,36): error C2039: 'path': is not a member of 'std'
  (compiling source file 'BlockGenerator.cpp')
      C:\Program Files\Microsoft Visual Studio\2022\Community\VC\Tools\MSVC\14.44.35207\include\memory(31,1):
      see declaration of 'std'
  
C:\SFML-3.0.0\include\SFML\Graphics\Texture.hpp(137,13): error C4430: missing type specifier - int assumed. Note: C++ does not support default-int
  (compiling source file 'BlockGenerator.cpp')
  
C:\SFML-3.0.0\include\SFML\Graphics\Texture.hpp(137,40): error C2143: syntax error: missing ',' before '&'
  (compiling source file 'BlockGenerator.cpp')
  
C:\SFML-3.0.0\include\SFML\Graphics\Texture.hpp(137,5): error C2535: 'sf::Texture::Texture(const int)': member function already defined or declared
  (compiling source file 'BlockGenerator.cpp')
      C:\SFML-3.0.0\include\SFML\Graphics\Texture.hpp(114,5):
      see declaration of 'sf::Texture::Texture'
  
C:\SFML-3.0.0\include\SFML\Graphics\Texture.hpp(304,48): error C2039: 'filesystem': is not a member of 'std'
  (compiling source file 'BlockGenerator.cpp')
      C:\Program Files\Microsoft Visual Studio\2022\Community\VC\Tools\MSVC\14.44.35207\include\memory(31,1):
      see declaration of 'std'
  
C:\SFML-3.0.0\include\SFML\Graphics\Texture.hpp(304,48): error C3083: 'filesystem': the symbol to the left of a '::' must be a type
  (compiling source file 'BlockGenerator.cpp')
  
C:\SFML-3.0.0\include\SFML\Graphics\Texture.hpp(304,60): error C2039: 'path': is not a member of 'std'
  (compiling source file 'BlockGenerator.cpp')
      C:\Program Files\Microsoft Visual Studio\2022\Community\VC\Tools\MSVC\14.44.35207\include\memory(31,1):
      see declaration of 'std'
  
C:\SFML-3.0.0\include\SFML\Graphics\Texture.hpp(304,37): error C4430: missing type specifier - int assumed. Note: C++ does not support default-int
  (compiling source file 'BlockGenerator.cpp')
  
C:\SFML-3.0.0\include\SFML\Graphics\Texture.hpp(304,64): error C2143: syntax error: missing ',' before '&'
  (compiling source file 'BlockGenerator.cpp')
  
C:\SFML-3.0.0\include\SFML\Graphics\Texture.hpp(304,117): error C2143: syntax error: missing ')' before '{'
  (compiling source file 'BlockGenerator.cpp')
  
C:\SFML-3.0.0\include\SFML\Graphics\Texture.hpp(304,119): error C2059: syntax error: ')'
  (compiling source file 'BlockGenerator.cpp')
  
C:\SFML-3.0.0\include\SFML\Graphics\Font.hpp(103,30): error C2039: 'filesystem': is not a member of 'std'
  (compiling source file 'BlockGenerator.cpp')
      C:\Program Files\Microsoft Visual Studio\2022\Community\VC\Tools\MSVC\14.44.35207\include\unordered_map(23,1):
      see declaration of 'std'
  
C:\SFML-3.0.0\include\SFML\Graphics\Font.hpp(103,30): error C3083: 'filesystem': the symbol to the left of a '::' must be a type
  (compiling source file 'BlockGenerator.cpp')
  
C:\SFML-3.0.0\include\SFML\Graphics\Font.hpp(103,42): error C2039: 'path': is not a member of 'std'
  (compiling source file 'BlockGenerator.cpp')
      C:\Program Files\Microsoft Visual Studio\2022\Community\VC\Tools\MSVC\14.44.35207\include\unordered_map(23,1):
      see declaration of 'std'
  
C:\SFML-3.0.0\include\SFML\Graphics\Font.hpp(103,19): error C4430: missing type specifier - int assumed. Note: C++ does not support default-int
  (compiling source file 'BlockGenerator.cpp')
  
C:\SFML-3.0.0\include\SFML\Graphics\Font.hpp(103,46): error C2143: syntax error: missing ',' before '&'
  (compiling source file 'BlockGenerator.cpp')
  
C:\SFML-3.0.0\include\SFML\Graphics\Font.hpp(168,48): error C2039: 'filesystem': is not a member of 'std'
  (compiling source file 'BlockGenerator.cpp')
      C:\Program Files\Microsoft Visual Studio\2022\Community\VC\Tools\MSVC\14.44.35207\include\unordered_map(23,1):
      see declaration of 'std'
  
C:\SFML-3.0.0\include\SFML\Graphics\Font.hpp(168,48): error C3083: 'filesystem': the symbol to the left of a '::' must be a type
  (compiling source file 'BlockGenerator.cpp')
  
C:\SFML-3.0.0\include\SFML\Graphics\Font.hpp(168,60): error C2039: 'path': is not a member of 'std'
  (compiling source file 'BlockGenerator.cpp')
      C:\Program Files\Microsoft Visual Studio\2022\Community\VC\Tools\MSVC\14.44.35207\include\unordered_map(23,1):
      see declaration of 'std'
  
C:\SFML-3.0.0\include\SFML\Graphics\Font.hpp(168,37): error C4430: missing type specifier - int assumed. Note: C++ does not support default-int
  (compiling source file 'BlockGenerator.cpp')
  
C:\SFML-3.0.0\include\SFML\Graphics\Font.hpp(168,64): error C2143: syntax error: missing ',' before '&'
  (compiling source file 'BlockGenerator.cpp')
  
C:\Program Files\Microsoft Visual Studio\2022\Community\VC\Tools\MSVC\14.44.35207\include\string_view(12): warning STL4038: The contents of <string_view> are available only with C++17 or later.
C:\SFML-3.0.0\include\SFML\Graphics\Image.hpp(103,31): error C2039: 'filesystem': is not a member of 'std'
  (compiling source file 'BlockGenerator.cpp')
      C:\Program Files\Microsoft Visual Studio\2022\Community\VC\Tools\MSVC\14.44.35207\include\unordered_map(23,1):
      see declaration of 'std'
  
C:\SFML-3.0.0\include\SFML\Graphics\Image.hpp(103,31): error C3083: 'filesystem': the symbol to the left of a '::' must be a type
  (compiling source file 'BlockGenerator.cpp')
  
C:\SFML-3.0.0\include\SFML\Graphics\Image.hpp(103,43): error C2039: 'path': is not a member of 'std'
  (compiling source file 'BlockGenerator.cpp')
      C:\Program Files\Microsoft Visual Studio\2022\Community\VC\Tools\MSVC\14.44.35207\include\unordered_map(23,1):
      see declaration of 'std'
  
C:\SFML-3.0.0\include\SFML\Graphics\Image.hpp(103,20): error C4430: missing type specifier - int assumed. Note: C++ does not support default-int
  (compiling source file 'BlockGenerator.cpp')
  
C:\SFML-3.0.0\include\SFML\Graphics\Image.hpp(103,47): error C2143: syntax error: missing ',' before '&'
  (compiling source file 'BlockGenerator.cpp')
  
C:\SFML-3.0.0\include\SFML\Graphics\Image.hpp(175,48): error C2039: 'filesystem': is not a member of 'std'
  (compiling source file 'BlockGenerator.cpp')
      C:\Program Files\Microsoft Visual Studio\2022\Community\VC\Tools\MSVC\14.44.35207\include\unordered_map(23,1):
      see declaration of 'std'
  
C:\SFML-3.0.0\include\SFML\Graphics\Image.hpp(175,48): error C3083: 'filesystem': the symbol to the left of a '::' must be a type
  (compiling source file 'BlockGenerator.cpp')
  
C:\SFML-3.0.0\include\SFML\Graphics\Image.hpp(175,60): error C2039: 'path': is not a member of 'std'
  (compiling source file 'BlockGenerator.cpp')
      C:\Program Files\Microsoft Visual Studio\2022\Community\VC\Tools\MSVC\14.44.35207\include\unordered_map(23,1):
      see declaration of 'std'
  
C:\SFML-3.0.0\include\SFML\Graphics\Image.hpp(175,37): error C4430: missing type specifier - int assumed. Note: C++ does not support default-int
  (compiling source file 'BlockGenerator.cpp')
  
C:\SFML-3.0.0\include\SFML\Graphics\Image.hpp(175,64): error C2143: syntax error: missing ',' before '&'
  (compiling source file 'BlockGenerator.cpp')
  
C:\SFML-3.0.0\include\SFML\Graphics\Image.hpp(227,46): error C2039: 'filesystem': is not a member of 'std'
  (compiling source file 'BlockGenerator.cpp')
      C:\Program Files\Microsoft Visual Studio\2022\Community\VC\Tools\MSVC\14.44.35207\include\unordered_map(23,1):
      see declaration of 'std'
  
C:\SFML-3.0.0\include\SFML\Graphics\Image.hpp(227,46): error C3083: 'filesystem': the symbol to the left of a '::' must be a type
  (compiling source file 'BlockGenerator.cpp')
  
C:\SFML-3.0.0\include\SFML\Graphics\Image.hpp(227,58): error C2039: 'path': is not a member of 'std'
  (compiling source file 'BlockGenerator.cpp')
      C:\Program Files\Microsoft Visual Studio\2022\Community\VC\Tools\MSVC\14.44.35207\include\unordered_map(23,1):
      see declaration of 'std'
  
C:\SFML-3.0.0\include\SFML\Graphics\Image.hpp(227,58): error C1003: error count exceeds 100; stopping compilation
  (compiling source file 'BlockGenerator.cpp')
  
  CollisionManager.cpp
C:\SFML-3.0.0\include\SFML\Graphics\Color.inl(75,17): error C3615: constexpr function 'sf::operator +' cannot result in a constant expression
  (compiling source file 'CollisionManager.cpp')
      C:\SFML-3.0.0\include\SFML\Graphics\Color.inl(77,16):
      failure was because type 'const sf::+::<lambda_16287c72c63b32e0a9fa1270f38e4b81>' is not a literal type
      C:\SFML-3.0.0\include\SFML\Graphics\Color.inl(81,5):
      type 'sf::+::<lambda_16287c72c63b32e0a9fa1270f38e4b81>' is not a literal type because it is not an aggregate type, a closure type, or does not have a constexpr constructor that is not a copy or move constructor
  
C:\SFML-3.0.0\include\SFML\Graphics\Color.inl(91,17): error C3615: constexpr function 'sf::operator -' cannot result in a constant expression
  (compiling source file 'CollisionManager.cpp')
      C:\SFML-3.0.0\include\SFML\Graphics\Color.inl(93,16):
      failure was because type 'const sf::-::<lambda_306030dfce25397b9816ce24c68c04f0>' is not a literal type
      C:\SFML-3.0.0\include\SFML\Graphics\Color.inl(97,5):
      type 'sf::-::<lambda_306030dfce25397b9816ce24c68c04f0>' is not a literal type because it is not an aggregate type, a closure type, or does not have a constexpr constructor that is not a copy or move constructor
  
C:\SFML-3.0.0\include\SFML\Graphics\Color.inl(107,17): error C3615: constexpr function 'sf::operator *' cannot result in a constant expression
  (compiling source file 'CollisionManager.cpp')
      C:\SFML-3.0.0\include\SFML\Graphics\Color.inl(109,16):
      failure was because type 'const sf::*::<lambda_1570e60a8275d4bb357b66a7fbaafc0b>' is not a literal type
      C:\SFML-3.0.0\include\SFML\Graphics\Color.inl(113,5):
      type 'sf::*::<lambda_1570e60a8275d4bb357b66a7fbaafc0b>' is not a literal type because it is not an aggregate type, a closure type, or does not have a constexpr constructor that is not a copy or move constructor
  
C:\SFML-3.0.0\include\SFML\Graphics\Color.inl(146,31): error C7525: inline variables require at least '/std:c++17'
  (compiling source file 'CollisionManager.cpp')
  
C:\SFML-3.0.0\include\SFML\Graphics\Color.inl(147,31): error C7525: inline variables require at least '/std:c++17'
  (compiling source file 'CollisionManager.cpp')
  
C:\SFML-3.0.0\include\SFML\Graphics\Color.inl(148,31): error C7525: inline variables require at least '/std:c++17'
  (compiling source file 'CollisionManager.cpp')
  
C:\SFML-3.0.0\include\SFML\Graphics\Color.inl(149,31): error C7525: inline variables require at least '/std:c++17'
  (compiling source file 'CollisionManager.cpp')
  
C:\SFML-3.0.0\include\SFML\Graphics\Color.inl(150,31): error C7525: inline variables require at least '/std:c++17'
  (compiling source file 'CollisionManager.cpp')
  
C:\SFML-3.0.0\include\SFML\Graphics\Color.inl(151,31): error C7525: inline variables require at least '/std:c++17'
  (compiling source file 'CollisionManager.cpp')
  
C:\SFML-3.0.0\include\SFML\Graphics\Color.inl(152,31): error C7525: inline variables require at least '/std:c++17'
  (compiling source file 'CollisionManager.cpp')
  
C:\SFML-3.0.0\include\SFML\Graphics\Color.inl(153,31): error C7525: inline variables require at least '/std:c++17'
  (compiling source file 'CollisionManager.cpp')
  
C:\SFML-3.0.0\include\SFML\Graphics\Color.inl(154,31): error C7525: inline variables require at least '/std:c++17'
  (compiling source file 'CollisionManager.cpp')
  
C:\SFML-3.0.0\include\SFML\System\Angle.inl(272,31): error C7525: inline variables require at least '/std:c++17'
  (compiling source file 'CollisionManager.cpp')
  
C:\Program Files\Microsoft Visual Studio\2022\Community\VC\Tools\MSVC\14.44.35207\include\optional(11): warning STL4038: The contents of <optional> are available only with C++17 or later.
C:\SFML-3.0.0\include\SFML\Graphics\Rect.hpp(98,42): error C2143: syntax error: missing ';' before '<'
  (compiling source file 'CollisionManager.cpp')
      C:\SFML-3.0.0\include\SFML\Graphics\Rect.hpp(98,42):
      the template instantiation context (the oldest one first) is
          C:\SFML-3.0.0\include\SFML\Graphics\Rect.hpp(42,7):
          while compiling class template 'sf::Rect'
  
C:\SFML-3.0.0\include\SFML\Graphics\Rect.hpp(98,34): error C4430: missing type specifier - int assumed. Note: C++ does not support default-int
  (compiling source file 'CollisionManager.cpp')
  
C:\SFML-3.0.0\include\SFML\Graphics\Rect.hpp(98,34): error C2178: 'sf::Rect<T>::optional' cannot be declared with 'constexpr' specifier
  (compiling source file 'CollisionManager.cpp')
  
C:\SFML-3.0.0\include\SFML\Graphics\Rect.hpp(98,5): warning C4869: 'nodiscard' may only be applied to classes, enumerations, and functions
  (compiling source file 'CollisionManager.cpp')
  
C:\SFML-3.0.0\include\SFML\Graphics\Rect.hpp(98,100): error C2238: unexpected token(s) preceding ';'
  (compiling source file 'CollisionManager.cpp')
  
C:\SFML-3.0.0\include\SFML\Graphics\Rect.inl(71,16): error C2039: 'optional': is not a member of 'std'
  (compiling source file 'CollisionManager.cpp')
      C:\Program Files\Microsoft Visual Studio\2022\Community\VC\Tools\MSVC\14.44.35207\include\yvals.h(361,1):
      see declaration of 'std'
  
C:\SFML-3.0.0\include\SFML\Graphics\Rect.inl(71,24): error C2988: unrecognizable template declaration/definition
  (compiling source file 'CollisionManager.cpp')
  
C:\SFML-3.0.0\include\SFML\Graphics\Rect.inl(71,24): error C2143: syntax error: missing ';' before '<'
  (compiling source file 'CollisionManager.cpp')
  
C:\SFML-3.0.0\include\SFML\Graphics\Rect.inl(71,16): error C4430: missing type specifier - int assumed. Note: C++ does not support default-int
  (compiling source file 'CollisionManager.cpp')
  
C:\SFML-3.0.0\include\SFML\Graphics\Rect.inl(71,24): error C2059: syntax error: '<'
  (compiling source file 'CollisionManager.cpp')
  
C:\SFML-3.0.0\include\SFML\Graphics\Rect.inl(71,30): error C2065: 'T': undeclared identifier
  (compiling source file 'CollisionManager.cpp')
  
C:\SFML-3.0.0\include\SFML\Graphics\Rect.inl(71,25): error C2923: 'sf::Rect': 'T' is not a valid template type argument for parameter 'T'
  (compiling source file 'CollisionManager.cpp')
      C:\SFML-3.0.0\include\SFML\Graphics\Rect.inl(71,30):
      see declaration of 'T'
  
C:\SFML-3.0.0\include\SFML\Graphics\Rect.inl(71,39): error C2065: 'T': undeclared identifier
  (compiling source file 'CollisionManager.cpp')
  
C:\SFML-3.0.0\include\SFML\Graphics\Rect.inl(71,34): error C2923: 'sf::Rect': 'T' is not a valid template type argument for parameter 'T'
  (compiling source file 'CollisionManager.cpp')
      C:\SFML-3.0.0\include\SFML\Graphics\Rect.inl(71,39):
      see declaration of 'T'
  
C:\SFML-3.0.0\include\SFML\Graphics\Rect.inl(71,71): error C2065: 'T': undeclared identifier
  (compiling source file 'CollisionManager.cpp')
  
C:\SFML-3.0.0\include\SFML\Graphics\Rect.inl(71,66): error C2923: 'sf::Rect': 'T' is not a valid template type argument for parameter 'T'
  (compiling source file 'CollisionManager.cpp')
      C:\SFML-3.0.0\include\SFML\Graphics\Rect.inl(71,71):
      see declaration of 'T'
  
C:\SFML-3.0.0\include\SFML\Graphics\Rect.inl(72,1): error C2143: syntax error: missing ';' before '{'
  (compiling source file 'CollisionManager.cpp')
  
C:\SFML-3.0.0\include\SFML\Graphics\Rect.inl(72,1): error C2447: '{': missing function header (old-style formal list?)
  (compiling source file 'CollisionManager.cpp')
  
C:\SFML-3.0.0\include\SFML\Graphics\Transform.inl(52,35): error C3615: constexpr function 'sf::Transform::getMatrix' cannot result in a constant expression
  (compiling source file 'CollisionManager.cpp')
      C:\SFML-3.0.0\include\SFML\Graphics\Transform.inl(54,25):
      failure was caused by call of undefined function or one not declared 'constexpr'
      C:\SFML-3.0.0\include\SFML\Graphics\Transform.inl(54,25):
      see usage of 'std::array<float,16>::data'
  
C:\SFML-3.0.0\include\SFML\Graphics\Rect.hpp(98,34): error C2039: 'optional': is not a member of 'std'
  (compiling source file 'CollisionManager.cpp')
      C:\Program Files\Microsoft Visual Studio\2022\Community\VC\Tools\MSVC\14.44.35207\include\array(19,1):
      see declaration of 'std'
      C:\SFML-3.0.0\include\SFML\Graphics\Rect.hpp(98,34):
      the template instantiation context (the oldest one first) is
          C:\SFML-3.0.0\include\SFML\Graphics\Transform.inl(98,32):
          see reference to class template instantiation 'sf::Rect<float>' being compiled
  
C:\SFML-3.0.0\include\SFML\Graphics\Rect.hpp(98,34): error C2178: 'sf::Rect<float>::optional' cannot be declared with 'constexpr' specifier
  (compiling source file 'CollisionManager.cpp')
  
C:\SFML-3.0.0\include\SFML\Graphics\Transform.inl(101,31): error C2514: 'std::array': class template cannot be constructed
  (compiling source file 'CollisionManager.cpp')
      C:\Program Files\Microsoft Visual Studio\2022\Community\VC\Tools\MSVC\14.44.35207\include\array(402,7):
      see declaration of 'std::array'
  
C:\SFML-3.0.0\include\SFML\Graphics\Transform.inl(107,21): error C2678: binary '[': no operator found which takes a left-hand operand of type 'const std::array' (or there is no acceptable conversion)
  (compiling source file 'CollisionManager.cpp')
      C:\Program Files\Microsoft Visual Studio\2022\Community\VC\Tools\MSVC\14.44.35207\include\array(537,42):
      could be 'const _Ty &std::array<_Ty,_Size>::operator [](std::array<_Ty,_Size>::size_type) noexcept const'
          C:\SFML-3.0.0\include\SFML\Graphics\Transform.inl(107,21):
          'const _Ty &std::array<_Ty,_Size>::operator [](std::array<_Ty,_Size>::size_type) noexcept const': cannot convert 'this' pointer from 'const std::array' to 'const std::array<_Ty,_Size> &'
              C:\SFML-3.0.0\include\SFML\Graphics\Transform.inl(107,21):
              Reason: cannot convert from 'const std::array' to 'const std::array<_Ty,_Size>'
              C:\SFML-3.0.0\include\SFML\Graphics\Transform.inl(107,21):
              Conversion requires a second user-defined-conversion operator or constructor
      C:\Program Files\Microsoft Visual Studio\2022\Community\VC\Tools\MSVC\14.44.35207\include\array(529,39):
      or       '_Ty &std::array<_Ty,_Size>::operator [](std::array<_Ty,_Size>::size_type) noexcept'
          C:\SFML-3.0.0\include\SFML\Graphics\Transform.inl(107,21):
          '_Ty &std::array<_Ty,_Size>::operator [](std::array<_Ty,_Size>::size_type) noexcept': cannot convert 'this' pointer from 'const std::array' to 'std::array<_Ty,_Size> &'
              C:\SFML-3.0.0\include\SFML\Graphics\Transform.inl(107,21):
              Reason: cannot convert from 'const std::array' to 'std::array<_Ty,_Size>'
              C:\SFML-3.0.0\include\SFML\Graphics\Transform.inl(107,21):
              Conversion requires a second user-defined-conversion operator or constructor
      C:\SFML-3.0.0\include\SFML\Graphics\Transform.inl(107,21):
      while trying to match the argument list '(const std::array, int)'
  
C:\SFML-3.0.0\include\SFML\Graphics\Transform.inl(108,21): error C2678: binary '[': no operator found which takes a left-hand operand of type 'const std::array' (or there is no acceptable conversion)
  (compiling source file 'CollisionManager.cpp')
      C:\Program Files\Microsoft Visual Studio\2022\Community\VC\Tools\MSVC\14.44.35207\include\array(537,42):
      could be 'const _Ty &std::array<_Ty,_Size>::operator [](std::array<_Ty,_Size>::size_type) noexcept const'
          C:\SFML-3.0.0\include\SFML\Graphics\Transform.inl(108,21):
          'const _Ty &std::array<_Ty,_Size>::operator [](std::array<_Ty,_Size>::size_type) noexcept const': cannot convert 'this' pointer from 'const std::array' to 'const std::array<_Ty,_Size> &'
              C:\SFML-3.0.0\include\SFML\Graphics\Transform.inl(108,21):
              Reason: cannot convert from 'const std::array' to 'const std::array<_Ty,_Size>'
              C:\SFML-3.0.0\include\SFML\Graphics\Transform.inl(108,21):
              Conversion requires a second user-defined-conversion operator or constructor
      C:\Program Files\Microsoft Visual Studio\2022\Community\VC\Tools\MSVC\14.44.35207\include\array(529,39):
      or       '_Ty &std::array<_Ty,_Size>::operator [](std::array<_Ty,_Size>::size_type) noexcept'
          C:\SFML-3.0.0\include\SFML\Graphics\Transform.inl(108,21):
          '_Ty &std::array<_Ty,_Size>::operator [](std::array<_Ty,_Size>::size_type) noexcept': cannot convert 'this' pointer from 'const std::array' to 'std::array<_Ty,_Size> &'
              C:\SFML-3.0.0\include\SFML\Graphics\Transform.inl(108,21):
              Reason: cannot convert from 'const std::array' to 'std::array<_Ty,_Size>'
              C:\SFML-3.0.0\include\SFML\Graphics\Transform.inl(108,21):
              Conversion requires a second user-defined-conversion operator or constructor
      C:\SFML-3.0.0\include\SFML\Graphics\Transform.inl(108,21):
      while trying to match the argument list '(const std::array, int)'
  
C:\SFML-3.0.0\include\SFML\Graphics\Transform.inl(110,40): error C2662: 'std::array<_Ty,_Size>::size_type std::array<_Ty,_Size>::size(void) noexcept const': cannot convert 'this' pointer from 'const std::array' to 'const std::array<_Ty,_Size> &'
  (compiling source file 'CollisionManager.cpp')
      C:\SFML-3.0.0\include\SFML\Graphics\Transform.inl(110,33):
      Reason: cannot convert from 'const std::array' to 'const std::array<_Ty,_Size>'
      C:\SFML-3.0.0\include\SFML\Graphics\Transform.inl(110,33):
      Conversion requires a second user-defined-conversion operator or constructor
      C:\Program Files\Microsoft Visual Studio\2022\Community\VC\Tools\MSVC\14.44.35207\include\array(501,59):
      see declaration of 'std::array<_Ty,_Size>::size'
      C:\SFML-3.0.0\include\SFML\Graphics\Transform.inl(110,40):
      while trying to match the argument list '()'
  
C:\SFML-3.0.0\include\SFML\Graphics\Transform.inl(113,18): error C2678: binary '[': no operator found which takes a left-hand operand of type 'const std::array' (or there is no acceptable conversion)
  (compiling source file 'CollisionManager.cpp')
      C:\Program Files\Microsoft Visual Studio\2022\Community\VC\Tools\MSVC\14.44.35207\include\array(537,42):
      could be 'const _Ty &std::array<_Ty,_Size>::operator [](std::array<_Ty,_Size>::size_type) noexcept const'
          C:\SFML-3.0.0\include\SFML\Graphics\Transform.inl(113,18):
          'const _Ty &std::array<_Ty,_Size>::operator [](std::array<_Ty,_Size>::size_type) noexcept const': cannot convert 'this' pointer from 'const std::array' to 'const std::array<_Ty,_Size> &'
              C:\SFML-3.0.0\include\SFML\Graphics\Transform.inl(113,18):
              Reason: cannot convert from 'const std::array' to 'const std::array<_Ty,_Size>'
              C:\SFML-3.0.0\include\SFML\Graphics\Transform.inl(113,18):
              Conversion requires a second user-defined-conversion operator or constructor
      C:\Program Files\Microsoft Visual Studio\2022\Community\VC\Tools\MSVC\14.44.35207\include\array(529,39):
      or       '_Ty &std::array<_Ty,_Size>::operator [](std::array<_Ty,_Size>::size_type) noexcept'
          C:\SFML-3.0.0\include\SFML\Graphics\Transform.inl(113,18):
          '_Ty &std::array<_Ty,_Size>::operator [](std::array<_Ty,_Size>::size_type) noexcept': cannot convert 'this' pointer from 'const std::array' to 'std::array<_Ty,_Size> &'
              C:\SFML-3.0.0\include\SFML\Graphics\Transform.inl(113,18):
              Reason: cannot convert from 'const std::array' to 'std::array<_Ty,_Size>'
              C:\SFML-3.0.0\include\SFML\Graphics\Transform.inl(113,18):
              Conversion requires a second user-defined-conversion operator or constructor
      C:\SFML-3.0.0\include\SFML\Graphics\Transform.inl(113,18):
      while trying to match the argument list '(const std::array, size_t)'
  
C:\SFML-3.0.0\include\SFML\Graphics\Transform.inl(113,49): error C2678: binary '[': no operator found which takes a left-hand operand of type 'const std::array' (or there is no acceptable conversion)
  (compiling source file 'CollisionManager.cpp')
      C:\Program Files\Microsoft Visual Studio\2022\Community\VC\Tools\MSVC\14.44.35207\include\array(537,42):
      could be 'const _Ty &std::array<_Ty,_Size>::operator [](std::array<_Ty,_Size>::size_type) noexcept const'
          C:\SFML-3.0.0\include\SFML\Graphics\Transform.inl(113,49):
          'const _Ty &std::array<_Ty,_Size>::operator [](std::array<_Ty,_Size>::size_type) noexcept const': cannot convert 'this' pointer from 'const std::array' to 'const std::array<_Ty,_Size> &'
              C:\SFML-3.0.0\include\SFML\Graphics\Transform.inl(113,49):
              Reason: cannot convert from 'const std::array' to 'const std::array<_Ty,_Size>'
              C:\SFML-3.0.0\include\SFML\Graphics\Transform.inl(113,49):
              Conversion requires a second user-defined-conversion operator or constructor
      C:\Program Files\Microsoft Visual Studio\2022\Community\VC\Tools\MSVC\14.44.35207\include\array(529,39):
      or       '_Ty &std::array<_Ty,_Size>::operator [](std::array<_Ty,_Size>::size_type) noexcept'
          C:\SFML-3.0.0\include\SFML\Graphics\Transform.inl(113,49):
          '_Ty &std::array<_Ty,_Size>::operator [](std::array<_Ty,_Size>::size_type) noexcept': cannot convert 'this' pointer from 'const std::array' to 'std::array<_Ty,_Size> &'
              C:\SFML-3.0.0\include\SFML\Graphics\Transform.inl(113,49):
              Reason: cannot convert from 'const std::array' to 'std::array<_Ty,_Size>'
              C:\SFML-3.0.0\include\SFML\Graphics\Transform.inl(113,49):
              Conversion requires a second user-defined-conversion operator or constructor
      C:\SFML-3.0.0\include\SFML\Graphics\Transform.inl(113,49):
      while trying to match the argument list '(const std::array, size_t)'
  
C:\SFML-3.0.0\include\SFML\Graphics\Transform.inl(114,18): error C2678: binary '[': no operator found which takes a left-hand operand of type 'const std::array' (or there is no acceptable conversion)
  (compiling source file 'CollisionManager.cpp')
      C:\Program Files\Microsoft Visual Studio\2022\Community\VC\Tools\MSVC\14.44.35207\include\array(537,42):
      could be 'const _Ty &std::array<_Ty,_Size>::operator [](std::array<_Ty,_Size>::size_type) noexcept const'
          C:\SFML-3.0.0\include\SFML\Graphics\Transform.inl(114,18):
          'const _Ty &std::array<_Ty,_Size>::operator [](std::array<_Ty,_Size>::size_type) noexcept const': cannot convert 'this' pointer from 'const std::array' to 'const std::array<_Ty,_Size> &'
              C:\SFML-3.0.0\include\SFML\Graphics\Transform.inl(114,18):
              Reason: cannot convert from 'const std::array' to 'const std::array<_Ty,_Size>'
              C:\SFML-3.0.0\include\SFML\Graphics\Transform.inl(114,18):
              Conversion requires a second user-defined-conversion operator or constructor
      C:\Program Files\Microsoft Visual Studio\2022\Community\VC\Tools\MSVC\14.44.35207\include\array(529,39):
      or       '_Ty &std::array<_Ty,_Size>::operator [](std::array<_Ty,_Size>::size_type) noexcept'
          C:\SFML-3.0.0\include\SFML\Graphics\Transform.inl(114,18):
          '_Ty &std::array<_Ty,_Size>::operator [](std::array<_Ty,_Size>::size_type) noexcept': cannot convert 'this' pointer from 'const std::array' to 'std::array<_Ty,_Size> &'
              C:\SFML-3.0.0\include\SFML\Graphics\Transform.inl(114,18):
              Reason: cannot convert from 'const std::array' to 'std::array<_Ty,_Size>'
              C:\SFML-3.0.0\include\SFML\Graphics\Transform.inl(114,18):
              Conversion requires a second user-defined-conversion operator or constructor
      C:\SFML-3.0.0\include\SFML\Graphics\Transform.inl(114,18):
      while trying to match the argument list '(const std::array, size_t)'
  
C:\SFML-3.0.0\include\SFML\Graphics\Transform.inl(114,49): error C2678: binary '[': no operator found which takes a left-hand operand of type 'const std::array' (or there is no acceptable conversion)
  (compiling source file 'CollisionManager.cpp')
      C:\Program Files\Microsoft Visual Studio\2022\Community\VC\Tools\MSVC\14.44.35207\include\array(537,42):
      could be 'const _Ty &std::array<_Ty,_Size>::operator [](std::array<_Ty,_Size>::size_type) noexcept const'
          C:\SFML-3.0.0\include\SFML\Graphics\Transform.inl(114,49):
          'const _Ty &std::array<_Ty,_Size>::operator [](std::array<_Ty,_Size>::size_type) noexcept const': cannot convert 'this' pointer from 'const std::array' to 'const std::array<_Ty,_Size> &'
              C:\SFML-3.0.0\include\SFML\Graphics\Transform.inl(114,49):
              Reason: cannot convert from 'const std::array' to 'const std::array<_Ty,_Size>'
              C:\SFML-3.0.0\include\SFML\Graphics\Transform.inl(114,49):
              Conversion requires a second user-defined-conversion operator or constructor
      C:\Program Files\Microsoft Visual Studio\2022\Community\VC\Tools\MSVC\14.44.35207\include\array(529,39):
      or       '_Ty &std::array<_Ty,_Size>::operator [](std::array<_Ty,_Size>::size_type) noexcept'
          C:\SFML-3.0.0\include\SFML\Graphics\Transform.inl(114,49):
          '_Ty &std::array<_Ty,_Size>::operator [](std::array<_Ty,_Size>::size_type) noexcept': cannot convert 'this' pointer from 'const std::array' to 'std::array<_Ty,_Size> &'
              C:\SFML-3.0.0\include\SFML\Graphics\Transform.inl(114,49):
              Reason: cannot convert from 'const std::array' to 'std::array<_Ty,_Size>'
              C:\SFML-3.0.0\include\SFML\Graphics\Transform.inl(114,49):
              Conversion requires a second user-defined-conversion operator or constructor
      C:\SFML-3.0.0\include\SFML\Graphics\Transform.inl(114,49):
      while trying to match the argument list '(const std::array, size_t)'
  
C:\SFML-3.0.0\include\SFML\Graphics\Transform.inl(116,18): error C2678: binary '[': no operator found which takes a left-hand operand of type 'const std::array' (or there is no acceptable conversion)
  (compiling source file 'CollisionManager.cpp')
      C:\Program Files\Microsoft Visual Studio\2022\Community\VC\Tools\MSVC\14.44.35207\include\array(537,42):
      could be 'const _Ty &std::array<_Ty,_Size>::operator [](std::array<_Ty,_Size>::size_type) noexcept const'
          C:\SFML-3.0.0\include\SFML\Graphics\Transform.inl(116,18):
          'const _Ty &std::array<_Ty,_Size>::operator [](std::array<_Ty,_Size>::size_type) noexcept const': cannot convert 'this' pointer from 'const std::array' to 'const std::array<_Ty,_Size> &'
              C:\SFML-3.0.0\include\SFML\Graphics\Transform.inl(116,18):
              Reason: cannot convert from 'const std::array' to 'const std::array<_Ty,_Size>'
              C:\SFML-3.0.0\include\SFML\Graphics\Transform.inl(116,18):
              Conversion requires a second user-defined-conversion operator or constructor
      C:\Program Files\Microsoft Visual Studio\2022\Community\VC\Tools\MSVC\14.44.35207\include\array(529,39):
      or       '_Ty &std::array<_Ty,_Size>::operator [](std::array<_Ty,_Size>::size_type) noexcept'
          C:\SFML-3.0.0\include\SFML\Graphics\Transform.inl(116,18):
          '_Ty &std::array<_Ty,_Size>::operator [](std::array<_Ty,_Size>::size_type) noexcept': cannot convert 'this' pointer from 'const std::array' to 'std::array<_Ty,_Size> &'
              C:\SFML-3.0.0\include\SFML\Graphics\Transform.inl(116,18):
              Reason: cannot convert from 'const std::array' to 'std::array<_Ty,_Size>'
              C:\SFML-3.0.0\include\SFML\Graphics\Transform.inl(116,18):
              Conversion requires a second user-defined-conversion operator or constructor
      C:\SFML-3.0.0\include\SFML\Graphics\Transform.inl(116,18):
      while trying to match the argument list '(const std::array, size_t)'
  
C:\SFML-3.0.0\include\SFML\Graphics\Transform.inl(116,49): error C2678: binary '[': no operator found which takes a left-hand operand of type 'const std::array' (or there is no acceptable conversion)
  (compiling source file 'CollisionManager.cpp')
      C:\Program Files\Microsoft Visual Studio\2022\Community\VC\Tools\MSVC\14.44.35207\include\array(537,42):
      could be 'const _Ty &std::array<_Ty,_Size>::operator [](std::array<_Ty,_Size>::size_type) noexcept const'
          C:\SFML-3.0.0\include\SFML\Graphics\Transform.inl(116,49):
          'const _Ty &std::array<_Ty,_Size>::operator [](std::array<_Ty,_Size>::size_type) noexcept const': cannot convert 'this' pointer from 'const std::array' to 'const std::array<_Ty,_Size> &'
              C:\SFML-3.0.0\include\SFML\Graphics\Transform.inl(116,49):
              Reason: cannot convert from 'const std::array' to 'const std::array<_Ty,_Size>'
              C:\SFML-3.0.0\include\SFML\Graphics\Transform.inl(116,49):
              Conversion requires a second user-defined-conversion operator or constructor
      C:\Program Files\Microsoft Visual Studio\2022\Community\VC\Tools\MSVC\14.44.35207\include\array(529,39):
      or       '_Ty &std::array<_Ty,_Size>::operator [](std::array<_Ty,_Size>::size_type) noexcept'
          C:\SFML-3.0.0\include\SFML\Graphics\Transform.inl(116,49):
          '_Ty &std::array<_Ty,_Size>::operator [](std::array<_Ty,_Size>::size_type) noexcept': cannot convert 'this' pointer from 'const std::array' to 'std::array<_Ty,_Size> &'
              C:\SFML-3.0.0\include\SFML\Graphics\Transform.inl(116,49):
              Reason: cannot convert from 'const std::array' to 'std::array<_Ty,_Size>'
              C:\SFML-3.0.0\include\SFML\Graphics\Transform.inl(116,49):
              Conversion requires a second user-defined-conversion operator or constructor
      C:\SFML-3.0.0\include\SFML\Graphics\Transform.inl(116,49):
      while trying to match the argument list '(const std::array, size_t)'
  
C:\SFML-3.0.0\include\SFML\Graphics\Transform.inl(117,18): error C2678: binary '[': no operator found which takes a left-hand operand of type 'const std::array' (or there is no acceptable conversion)
  (compiling source file 'CollisionManager.cpp')
      C:\Program Files\Microsoft Visual Studio\2022\Community\VC\Tools\MSVC\14.44.35207\include\array(537,42):
      could be 'const _Ty &std::array<_Ty,_Size>::operator [](std::array<_Ty,_Size>::size_type) noexcept const'
          C:\SFML-3.0.0\include\SFML\Graphics\Transform.inl(117,18):
          'const _Ty &std::array<_Ty,_Size>::operator [](std::array<_Ty,_Size>::size_type) noexcept const': cannot convert 'this' pointer from 'const std::array' to 'const std::array<_Ty,_Size> &'
              C:\SFML-3.0.0\include\SFML\Graphics\Transform.inl(117,18):
              Reason: cannot convert from 'const std::array' to 'const std::array<_Ty,_Size>'
              C:\SFML-3.0.0\include\SFML\Graphics\Transform.inl(117,18):
              Conversion requires a second user-defined-conversion operator or constructor
      C:\Program Files\Microsoft Visual Studio\2022\Community\VC\Tools\MSVC\14.44.35207\include\array(529,39):
      or       '_Ty &std::array<_Ty,_Size>::operator [](std::array<_Ty,_Size>::size_type) noexcept'
          C:\SFML-3.0.0\include\SFML\Graphics\Transform.inl(117,18):
          '_Ty &std::array<_Ty,_Size>::operator [](std::array<_Ty,_Size>::size_type) noexcept': cannot convert 'this' pointer from 'const std::array' to 'std::array<_Ty,_Size> &'
              C:\SFML-3.0.0\include\SFML\Graphics\Transform.inl(117,18):
              Reason: cannot convert from 'const std::array' to 'std::array<_Ty,_Size>'
              C:\SFML-3.0.0\include\SFML\Graphics\Transform.inl(117,18):
              Conversion requires a second user-defined-conversion operator or constructor
      C:\SFML-3.0.0\include\SFML\Graphics\Transform.inl(117,18):
      while trying to match the argument list '(const std::array, size_t)'
  
C:\SFML-3.0.0\include\SFML\Graphics\Transform.inl(117,49): error C2678: binary '[': no operator found which takes a left-hand operand of type 'const std::array' (or there is no acceptable conversion)
  (compiling source file 'CollisionManager.cpp')
      C:\Program Files\Microsoft Visual Studio\2022\Community\VC\Tools\MSVC\14.44.35207\include\array(537,42):
      could be 'const _Ty &std::array<_Ty,_Size>::operator [](std::array<_Ty,_Size>::size_type) noexcept const'
          C:\SFML-3.0.0\include\SFML\Graphics\Transform.inl(117,49):
          'const _Ty &std::array<_Ty,_Size>::operator [](std::array<_Ty,_Size>::size_type) noexcept const': cannot convert 'this' pointer from 'const std::array' to 'const std::array<_Ty,_Size> &'
              C:\SFML-3.0.0\include\SFML\Graphics\Transform.inl(117,49):
              Reason: cannot convert from 'const std::array' to 'const std::array<_Ty,_Size>'
              C:\SFML-3.0.0\include\SFML\Graphics\Transform.inl(117,49):
              Conversion requires a second user-defined-conversion operator or constructor
      C:\Program Files\Microsoft Visual Studio\2022\Community\VC\Tools\MSVC\14.44.35207\include\array(529,39):
      or       '_Ty &std::array<_Ty,_Size>::operator [](std::array<_Ty,_Size>::size_type) noexcept'
          C:\SFML-3.0.0\include\SFML\Graphics\Transform.inl(117,49):
          '_Ty &std::array<_Ty,_Size>::operator [](std::array<_Ty,_Size>::size_type) noexcept': cannot convert 'this' pointer from 'const std::array' to 'std::array<_Ty,_Size> &'
              C:\SFML-3.0.0\include\SFML\Graphics\Transform.inl(117,49):
              Reason: cannot convert from 'const std::array' to 'std::array<_Ty,_Size>'
              C:\SFML-3.0.0\include\SFML\Graphics\Transform.inl(117,49):
              Conversion requires a second user-defined-conversion operator or constructor
      C:\SFML-3.0.0\include\SFML\Graphics\Transform.inl(117,49):
      while trying to match the argument list '(const std::array, size_t)'
  
C:\SFML-3.0.0\include\SFML\Graphics\Transform.inl(98,32): error C3615: constexpr function 'sf::Transform::transformRect' cannot result in a constant expression
  (compiling source file 'CollisionManager.cpp')
      C:\SFML-3.0.0\include\SFML\Graphics\Transform.inl(101,22):
      failure was because type 'const std::array' is not a literal type
      C:\Program Files\Microsoft Visual Studio\2022\Community\VC\Tools\MSVC\14.44.35207\include\array(402,7):
      type 'std::array' is not a literal type because it is not an aggregate type, a closure type, or does not have a constexpr constructor that is not a copy or move constructor
      C:\SFML-3.0.0\include\SFML\Graphics\Transform.inl(110,39):
      failure was caused by call of undefined function or one not declared 'constexpr'
      C:\SFML-3.0.0\include\SFML\Graphics\Transform.inl(110,39):
      see usage of '<declval>'
      C:\SFML-3.0.0\include\SFML\Graphics\Transform.inl(98,32):
      failure was caused by control reaching the end of a constexpr function
  
C:\SFML-3.0.0\include\SFML\Graphics\Transform.inl(234,39): error C7525: inline variables require at least '/std:c++17'
  (compiling source file 'CollisionManager.cpp')
  
C:\SFML-3.0.0\include\SFML\Graphics\Rect.hpp(98,34): error C2178: 'sf::Rect<int>::optional' cannot be declared with 'constexpr' specifier
  (compiling source file 'CollisionManager.cpp')
  
C:\Program Files\Microsoft Visual Studio\2022\Community\VC\Tools\MSVC\14.44.35207\include\filesystem(12): warning STL4038: The contents of <filesystem> are available only with C++17 or later.
C:\SFML-3.0.0\include\SFML\Graphics\Texture.hpp(114,33): error C2039: 'filesystem': is not a member of 'std'
  (compiling source file 'CollisionManager.cpp')
      C:\Program Files\Microsoft Visual Studio\2022\Community\VC\Tools\MSVC\14.44.35207\include\memory(31,1):
      see declaration of 'std'
  
C:\SFML-3.0.0\include\SFML\Graphics\Texture.hpp(114,33): error C3083: 'filesystem': the symbol to the left of a '::' must be a type
  (compiling source file 'CollisionManager.cpp')
  
C:\SFML-3.0.0\include\SFML\Graphics\Texture.hpp(114,45): error C2039: 'path': is not a member of 'std'
  (compiling source file 'CollisionManager.cpp')
      C:\Program Files\Microsoft Visual Studio\2022\Community\VC\Tools\MSVC\14.44.35207\include\memory(31,1):
      see declaration of 'std'
  
C:\SFML-3.0.0\include\SFML\Graphics\Texture.hpp(114,22): error C4430: missing type specifier - int assumed. Note: C++ does not support default-int
  (compiling source file 'CollisionManager.cpp')
  
C:\SFML-3.0.0\include\SFML\Graphics\Texture.hpp(114,49): error C2143: syntax error: missing ',' before '&'
  (compiling source file 'CollisionManager.cpp')
  
C:\SFML-3.0.0\include\SFML\Graphics\Texture.hpp(137,24): error C2039: 'filesystem': is not a member of 'std'
  (compiling source file 'CollisionManager.cpp')
      C:\Program Files\Microsoft Visual Studio\2022\Community\VC\Tools\MSVC\14.44.35207\include\memory(31,1):
      see declaration of 'std'
  
C:\SFML-3.0.0\include\SFML\Graphics\Texture.hpp(137,24): error C3083: 'filesystem': the symbol to the left of a '::' must be a type
  (compiling source file 'CollisionManager.cpp')
  
C:\SFML-3.0.0\include\SFML\Graphics\Texture.hpp(137,36): error C2039: 'path': is not a member of 'std'
  (compiling source file 'CollisionManager.cpp')
      C:\Program Files\Microsoft Visual Studio\2022\Community\VC\Tools\MSVC\14.44.35207\include\memory(31,1):
      see declaration of 'std'
  
C:\SFML-3.0.0\include\SFML\Graphics\Texture.hpp(137,13): error C4430: missing type specifier - int assumed. Note: C++ does not support default-int
  (compiling source file 'CollisionManager.cpp')
  
C:\SFML-3.0.0\include\SFML\Graphics\Texture.hpp(137,40): error C2143: syntax error: missing ',' before '&'
  (compiling source file 'CollisionManager.cpp')
  
C:\SFML-3.0.0\include\SFML\Graphics\Texture.hpp(137,5): error C2535: 'sf::Texture::Texture(const int)': member function already defined or declared
  (compiling source file 'CollisionManager.cpp')
      C:\SFML-3.0.0\include\SFML\Graphics\Texture.hpp(114,5):
      see declaration of 'sf::Texture::Texture'
  
C:\SFML-3.0.0\include\SFML\Graphics\Texture.hpp(304,48): error C2039: 'filesystem': is not a member of 'std'
  (compiling source file 'CollisionManager.cpp')
      C:\Program Files\Microsoft Visual Studio\2022\Community\VC\Tools\MSVC\14.44.35207\include\memory(31,1):
      see declaration of 'std'
  
C:\SFML-3.0.0\include\SFML\Graphics\Texture.hpp(304,48): error C3083: 'filesystem': the symbol to the left of a '::' must be a type
  (compiling source file 'CollisionManager.cpp')
  
C:\SFML-3.0.0\include\SFML\Graphics\Texture.hpp(304,60): error C2039: 'path': is not a member of 'std'
  (compiling source file 'CollisionManager.cpp')
      C:\Program Files\Microsoft Visual Studio\2022\Community\VC\Tools\MSVC\14.44.35207\include\memory(31,1):
      see declaration of 'std'
  
C:\SFML-3.0.0\include\SFML\Graphics\Texture.hpp(304,37): error C4430: missing type specifier - int assumed. Note: C++ does not support default-int
  (compiling source file 'CollisionManager.cpp')
  
C:\SFML-3.0.0\include\SFML\Graphics\Texture.hpp(304,64): error C2143: syntax error: missing ',' before '&'
  (compiling source file 'CollisionManager.cpp')
  
C:\SFML-3.0.0\include\SFML\Graphics\Texture.hpp(304,117): error C2143: syntax error: missing ')' before '{'
  (compiling source file 'CollisionManager.cpp')
  
C:\SFML-3.0.0\include\SFML\Graphics\Texture.hpp(304,119): error C2059: syntax error: ')'
  (compiling source file 'CollisionManager.cpp')
  
C:\SFML-3.0.0\include\SFML\Graphics\Font.hpp(103,30): error C2039: 'filesystem': is not a member of 'std'
  (compiling source file 'CollisionManager.cpp')
      C:\Program Files\Microsoft Visual Studio\2022\Community\VC\Tools\MSVC\14.44.35207\include\unordered_map(23,1):
      see declaration of 'std'
  
C:\SFML-3.0.0\include\SFML\Graphics\Font.hpp(103,30): error C3083: 'filesystem': the symbol to the left of a '::' must be a type
  (compiling source file 'CollisionManager.cpp')
  
C:\SFML-3.0.0\include\SFML\Graphics\Font.hpp(103,42): error C2039: 'path': is not a member of 'std'
  (compiling source file 'CollisionManager.cpp')
      C:\Program Files\Microsoft Visual Studio\2022\Community\VC\Tools\MSVC\14.44.35207\include\unordered_map(23,1):
      see declaration of 'std'
  
C:\SFML-3.0.0\include\SFML\Graphics\Font.hpp(103,19): error C4430: missing type specifier - int assumed. Note: C++ does not support default-int
  (compiling source file 'CollisionManager.cpp')
  
C:\SFML-3.0.0\include\SFML\Graphics\Font.hpp(103,46): error C2143: syntax error: missing ',' before '&'
  (compiling source file 'CollisionManager.cpp')
  
C:\SFML-3.0.0\include\SFML\Graphics\Font.hpp(168,48): error C2039: 'filesystem': is not a member of 'std'
  (compiling source file 'CollisionManager.cpp')
      C:\Program Files\Microsoft Visual Studio\2022\Community\VC\Tools\MSVC\14.44.35207\include\unordered_map(23,1):
      see declaration of 'std'
  
C:\SFML-3.0.0\include\SFML\Graphics\Font.hpp(168,48): error C3083: 'filesystem': the symbol to the left of a '::' must be a type
  (compiling source file 'CollisionManager.cpp')
  
C:\SFML-3.0.0\include\SFML\Graphics\Font.hpp(168,60): error C2039: 'path': is not a member of 'std'
  (compiling source file 'CollisionManager.cpp')
      C:\Program Files\Microsoft Visual Studio\2022\Community\VC\Tools\MSVC\14.44.35207\include\unordered_map(23,1):
      see declaration of 'std'
  
C:\SFML-3.0.0\include\SFML\Graphics\Font.hpp(168,37): error C4430: missing type specifier - int assumed. Note: C++ does not support default-int
  (compiling source file 'CollisionManager.cpp')
  
C:\SFML-3.0.0\include\SFML\Graphics\Font.hpp(168,64): error C2143: syntax error: missing ',' before '&'
  (compiling source file 'CollisionManager.cpp')
  
C:\SFML-3.0.0\include\SFML\Graphics\Image.hpp(103,31): error C2039: 'filesystem': is not a member of 'std'
  (compiling source file 'CollisionManager.cpp')
      C:\Program Files\Microsoft Visual Studio\2022\Community\VC\Tools\MSVC\14.44.35207\include\unordered_map(23,1):
      see declaration of 'std'
  
C:\SFML-3.0.0\include\SFML\Graphics\Image.hpp(103,31): error C3083: 'filesystem': the symbol to the left of a '::' must be a type
  (compiling source file 'CollisionManager.cpp')
  
C:\SFML-3.0.0\include\SFML\Graphics\Image.hpp(103,43): error C2039: 'path': is not a member of 'std'
  (compiling source file 'CollisionManager.cpp')
      C:\Program Files\Microsoft Visual Studio\2022\Community\VC\Tools\MSVC\14.44.35207\include\unordered_map(23,1):
      see declaration of 'std'
  
C:\SFML-3.0.0\include\SFML\Graphics\Image.hpp(103,20): error C4430: missing type specifier - int assumed. Note: C++ does not support default-int
  (compiling source file 'CollisionManager.cpp')
  
C:\SFML-3.0.0\include\SFML\Graphics\Image.hpp(103,47): error C2143: syntax error: missing ',' before '&'
C:\Program Files\Microsoft Visual Studio\2022\Community\VC\Tools\MSVC\14.44.35207\include\string_view(12): warning STL4038: The contents of <string_view> are available only with C++17 or later.
  (compiling source file 'CollisionManager.cpp')
  
C:\SFML-3.0.0\include\SFML\Graphics\Image.hpp(175,48): error C2039: 'filesystem': is not a member of 'std'
  (compiling source file 'CollisionManager.cpp')
      C:\Program Files\Microsoft Visual Studio\2022\Community\VC\Tools\MSVC\14.44.35207\include\unordered_map(23,1):
      see declaration of 'std'
  
C:\SFML-3.0.0\include\SFML\Graphics\Image.hpp(175,48): error C3083: 'filesystem': the symbol to the left of a '::' must be a type
  (compiling source file 'CollisionManager.cpp')
  
C:\SFML-3.0.0\include\SFML\Graphics\Image.hpp(175,60): error C2039: 'path': is not a member of 'std'
  (compiling source file 'CollisionManager.cpp')
      C:\Program Files\Microsoft Visual Studio\2022\Community\VC\Tools\MSVC\14.44.35207\include\unordered_map(23,1):
      see declaration of 'std'
  
C:\SFML-3.0.0\include\SFML\Graphics\Image.hpp(175,37): error C4430: missing type specifier - int assumed. Note: C++ does not support default-int
  (compiling source file 'CollisionManager.cpp')
  
C:\SFML-3.0.0\include\SFML\Graphics\Image.hpp(175,64): error C2143: syntax error: missing ',' before '&'
  (compiling source file 'CollisionManager.cpp')
  
C:\SFML-3.0.0\include\SFML\Graphics\Image.hpp(227,46): error C2039: 'filesystem': is not a member of 'std'
  (compiling source file 'CollisionManager.cpp')
      C:\Program Files\Microsoft Visual Studio\2022\Community\VC\Tools\MSVC\14.44.35207\include\unordered_map(23,1):
      see declaration of 'std'
  
C:\SFML-3.0.0\include\SFML\Graphics\Image.hpp(227,46): error C3083: 'filesystem': the symbol to the left of a '::' must be a type
  (compiling source file 'CollisionManager.cpp')
  
C:\SFML-3.0.0\include\SFML\Graphics\Image.hpp(227,58): error C2039: 'path': is not a member of 'std'
  (compiling source file 'CollisionManager.cpp')
      C:\Program Files\Microsoft Visual Studio\2022\Community\VC\Tools\MSVC\14.44.35207\include\unordered_map(23,1):
      see declaration of 'std'
  
C:\SFML-3.0.0\include\SFML\Graphics\Image.hpp(227,58): error C1003: error count exceeds 100; stopping compilation
  (compiling source file 'CollisionManager.cpp')
  
  Database.cpp
C:\SFML-3.0.0\include\SFML\Graphics\Color.inl(75,17): error C3615: constexpr function 'sf::operator +' cannot result in a constant expression
  (compiling source file 'Database.cpp')
      C:\SFML-3.0.0\include\SFML\Graphics\Color.inl(77,16):
      failure was because type 'const sf::+::<lambda_16287c72c63b32e0a9fa1270f38e4b81>' is not a literal type
      C:\SFML-3.0.0\include\SFML\Graphics\Color.inl(81,5):
      type 'sf::+::<lambda_16287c72c63b32e0a9fa1270f38e4b81>' is not a literal type because it is not an aggregate type, a closure type, or does not have a constexpr constructor that is not a copy or move constructor
  
C:\SFML-3.0.0\include\SFML\Graphics\Color.inl(91,17): error C3615: constexpr function 'sf::operator -' cannot result in a constant expression
  (compiling source file 'Database.cpp')
      C:\SFML-3.0.0\include\SFML\Graphics\Color.inl(93,16):
      failure was because type 'const sf::-::<lambda_306030dfce25397b9816ce24c68c04f0>' is not a literal type
      C:\SFML-3.0.0\include\SFML\Graphics\Color.inl(97,5):
      type 'sf::-::<lambda_306030dfce25397b9816ce24c68c04f0>' is not a literal type because it is not an aggregate type, a closure type, or does not have a constexpr constructor that is not a copy or move constructor
  
C:\SFML-3.0.0\include\SFML\Graphics\Color.inl(107,17): error C3615: constexpr function 'sf::operator *' cannot result in a constant expression
  (compiling source file 'Database.cpp')
      C:\SFML-3.0.0\include\SFML\Graphics\Color.inl(109,16):
      failure was because type 'const sf::*::<lambda_1570e60a8275d4bb357b66a7fbaafc0b>' is not a literal type
      C:\SFML-3.0.0\include\SFML\Graphics\Color.inl(113,5):
      type 'sf::*::<lambda_1570e60a8275d4bb357b66a7fbaafc0b>' is not a literal type because it is not an aggregate type, a closure type, or does not have a constexpr constructor that is not a copy or move constructor
  
C:\SFML-3.0.0\include\SFML\Graphics\Color.inl(146,31): error C7525: inline variables require at least '/std:c++17'
  (compiling source file 'Database.cpp')
  
C:\SFML-3.0.0\include\SFML\Graphics\Color.inl(147,31): error C7525: inline variables require at least '/std:c++17'
  (compiling source file 'Database.cpp')
  
C:\SFML-3.0.0\include\SFML\Graphics\Color.inl(148,31): error C7525: inline variables require at least '/std:c++17'
  (compiling source file 'Database.cpp')
  
C:\SFML-3.0.0\include\SFML\Graphics\Color.inl(149,31): error C7525: inline variables require at least '/std:c++17'
  (compiling source file 'Database.cpp')
  
C:\SFML-3.0.0\include\SFML\Graphics\Color.inl(150,31): error C7525: inline variables require at least '/std:c++17'
  (compiling source file 'Database.cpp')
  
C:\SFML-3.0.0\include\SFML\Graphics\Color.inl(151,31): error C7525: inline variables require at least '/std:c++17'
  (compiling source file 'Database.cpp')
  
C:\SFML-3.0.0\include\SFML\Graphics\Color.inl(152,31): error C7525: inline variables require at least '/std:c++17'
  (compiling source file 'Database.cpp')
  
C:\SFML-3.0.0\include\SFML\Graphics\Color.inl(153,31): error C7525: inline variables require at least '/std:c++17'
  (compiling source file 'Database.cpp')
  
C:\SFML-3.0.0\include\SFML\Graphics\Color.inl(154,31): error C7525: inline variables require at least '/std:c++17'
  (compiling source file 'Database.cpp')
  
C:\SFML-3.0.0\include\SFML\System\Angle.inl(272,31): error C7525: inline variables require at least '/std:c++17'
  (compiling source file 'Database.cpp')
  
C:\Program Files\Microsoft Visual Studio\2022\Community\VC\Tools\MSVC\14.44.35207\include\optional(11): warning STL4038: The contents of <optional> are available only with C++17 or later.
C:\SFML-3.0.0\include\SFML\Graphics\Rect.hpp(98,42): error C2143: syntax error: missing ';' before '<'
  (compiling source file 'Database.cpp')
      C:\SFML-3.0.0\include\SFML\Graphics\Rect.hpp(98,42):
      the template instantiation context (the oldest one first) is
          C:\SFML-3.0.0\include\SFML\Graphics\Rect.hpp(42,7):
          while compiling class template 'sf::Rect'
  
C:\SFML-3.0.0\include\SFML\Graphics\Rect.hpp(98,34): error C4430: missing type specifier - int assumed. Note: C++ does not support default-int
  (compiling source file 'Database.cpp')
  
C:\SFML-3.0.0\include\SFML\Graphics\Rect.hpp(98,34): error C2178: 'sf::Rect<T>::optional' cannot be declared with 'constexpr' specifier
  (compiling source file 'Database.cpp')
  
C:\SFML-3.0.0\include\SFML\Graphics\Rect.hpp(98,5): warning C4869: 'nodiscard' may only be applied to classes, enumerations, and functions
  (compiling source file 'Database.cpp')
  
C:\SFML-3.0.0\include\SFML\Graphics\Rect.hpp(98,100): error C2238: unexpected token(s) preceding ';'
  (compiling source file 'Database.cpp')
  
C:\SFML-3.0.0\include\SFML\Graphics\Rect.inl(71,16): error C2039: 'optional': is not a member of 'std'
  (compiling source file 'Database.cpp')
      C:\Program Files\Microsoft Visual Studio\2022\Community\VC\Tools\MSVC\14.44.35207\include\vector(29,1):
      see declaration of 'std'
  
C:\SFML-3.0.0\include\SFML\Graphics\Rect.inl(71,24): error C2988: unrecognizable template declaration/definition
  (compiling source file 'Database.cpp')
  
C:\SFML-3.0.0\include\SFML\Graphics\Rect.inl(71,24): error C2143: syntax error: missing ';' before '<'
  (compiling source file 'Database.cpp')
  
C:\SFML-3.0.0\include\SFML\Graphics\Rect.inl(71,16): error C4430: missing type specifier - int assumed. Note: C++ does not support default-int
  (compiling source file 'Database.cpp')
  
C:\SFML-3.0.0\include\SFML\Graphics\Rect.inl(71,24): error C2059: syntax error: '<'
  (compiling source file 'Database.cpp')
  
C:\SFML-3.0.0\include\SFML\Graphics\Rect.inl(71,30): error C2065: 'T': undeclared identifier
  (compiling source file 'Database.cpp')
  
C:\SFML-3.0.0\include\SFML\Graphics\Rect.inl(71,25): error C2923: 'sf::Rect': 'T' is not a valid template type argument for parameter 'T'
  (compiling source file 'Database.cpp')
      C:\SFML-3.0.0\include\SFML\Graphics\Rect.inl(71,30):
      see declaration of 'T'
  
C:\SFML-3.0.0\include\SFML\Graphics\Rect.inl(71,39): error C2065: 'T': undeclared identifier
  (compiling source file 'Database.cpp')
  
C:\SFML-3.0.0\include\SFML\Graphics\Rect.inl(71,34): error C2923: 'sf::Rect': 'T' is not a valid template type argument for parameter 'T'
  (compiling source file 'Database.cpp')
      C:\SFML-3.0.0\include\SFML\Graphics\Rect.inl(71,39):
      see declaration of 'T'
  
C:\SFML-3.0.0\include\SFML\Graphics\Rect.inl(71,71): error C2065: 'T': undeclared identifier
  (compiling source file 'Database.cpp')
  
C:\SFML-3.0.0\include\SFML\Graphics\Rect.inl(71,66): error C2923: 'sf::Rect': 'T' is not a valid template type argument for parameter 'T'
  (compiling source file 'Database.cpp')
      C:\SFML-3.0.0\include\SFML\Graphics\Rect.inl(71,71):
      see declaration of 'T'
  
C:\SFML-3.0.0\include\SFML\Graphics\Rect.inl(72,1): error C2143: syntax error: missing ';' before '{'
  (compiling source file 'Database.cpp')
  
C:\SFML-3.0.0\include\SFML\Graphics\Rect.inl(72,1): error C2447: '{': missing function header (old-style formal list?)
  (compiling source file 'Database.cpp')
  
C:\SFML-3.0.0\include\SFML\Graphics\Transform.inl(52,35): error C3615: constexpr function 'sf::Transform::getMatrix' cannot result in a constant expression
  (compiling source file 'Database.cpp')
      C:\SFML-3.0.0\include\SFML\Graphics\Transform.inl(54,25):
      failure was caused by call of undefined function or one not declared 'constexpr'
      C:\SFML-3.0.0\include\SFML\Graphics\Transform.inl(54,25):
      see usage of 'std::array<float,16>::data'
  
C:\SFML-3.0.0\include\SFML\Graphics\Rect.hpp(98,34): error C2039: 'optional': is not a member of 'std'
  (compiling source file 'Database.cpp')
      C:\Program Files\Microsoft Visual Studio\2022\Community\VC\Tools\MSVC\14.44.35207\include\array(19,1):
      see declaration of 'std'
      C:\SFML-3.0.0\include\SFML\Graphics\Rect.hpp(98,34):
      the template instantiation context (the oldest one first) is
          C:\SFML-3.0.0\include\SFML\Graphics\Transform.inl(98,32):
          see reference to class template instantiation 'sf::Rect<float>' being compiled
  
C:\SFML-3.0.0\include\SFML\Graphics\Rect.hpp(98,34): error C2178: 'sf::Rect<float>::optional' cannot be declared with 'constexpr' specifier
  (compiling source file 'Database.cpp')
  
C:\SFML-3.0.0\include\SFML\Graphics\Transform.inl(101,31): error C2514: 'std::array': class template cannot be constructed
  (compiling source file 'Database.cpp')
      C:\Program Files\Microsoft Visual Studio\2022\Community\VC\Tools\MSVC\14.44.35207\include\array(402,7):
      see declaration of 'std::array'
  
C:\SFML-3.0.0\include\SFML\Graphics\Transform.inl(107,21): error C2678: binary '[': no operator found which takes a left-hand operand of type 'const std::array' (or there is no acceptable conversion)
  (compiling source file 'Database.cpp')
      C:\Program Files\Microsoft Visual Studio\2022\Community\VC\Tools\MSVC\14.44.35207\include\array(537,42):
      could be 'const _Ty &std::array<_Ty,_Size>::operator [](std::array<_Ty,_Size>::size_type) noexcept const'
          C:\SFML-3.0.0\include\SFML\Graphics\Transform.inl(107,21):
          'const _Ty &std::array<_Ty,_Size>::operator [](std::array<_Ty,_Size>::size_type) noexcept const': cannot convert 'this' pointer from 'const std::array' to 'const std::array<_Ty,_Size> &'
              C:\SFML-3.0.0\include\SFML\Graphics\Transform.inl(107,21):
              Reason: cannot convert from 'const std::array' to 'const std::array<_Ty,_Size>'
              C:\SFML-3.0.0\include\SFML\Graphics\Transform.inl(107,21):
              Conversion requires a second user-defined-conversion operator or constructor
      C:\Program Files\Microsoft Visual Studio\2022\Community\VC\Tools\MSVC\14.44.35207\include\array(529,39):
      or       '_Ty &std::array<_Ty,_Size>::operator [](std::array<_Ty,_Size>::size_type) noexcept'
          C:\SFML-3.0.0\include\SFML\Graphics\Transform.inl(107,21):
          '_Ty &std::array<_Ty,_Size>::operator [](std::array<_Ty,_Size>::size_type) noexcept': cannot convert 'this' pointer from 'const std::array' to 'std::array<_Ty,_Size> &'
              C:\SFML-3.0.0\include\SFML\Graphics\Transform.inl(107,21):
              Reason: cannot convert from 'const std::array' to 'std::array<_Ty,_Size>'
              C:\SFML-3.0.0\include\SFML\Graphics\Transform.inl(107,21):
              Conversion requires a second user-defined-conversion operator or constructor
      C:\SFML-3.0.0\include\SFML\Graphics\Transform.inl(107,21):
      while trying to match the argument list '(const std::array, int)'
  
C:\SFML-3.0.0\include\SFML\Graphics\Transform.inl(108,21): error C2678: binary '[': no operator found which takes a left-hand operand of type 'const std::array' (or there is no acceptable conversion)
  (compiling source file 'Database.cpp')
      C:\Program Files\Microsoft Visual Studio\2022\Community\VC\Tools\MSVC\14.44.35207\include\array(537,42):
      could be 'const _Ty &std::array<_Ty,_Size>::operator [](std::array<_Ty,_Size>::size_type) noexcept const'
          C:\SFML-3.0.0\include\SFML\Graphics\Transform.inl(108,21):
          'const _Ty &std::array<_Ty,_Size>::operator [](std::array<_Ty,_Size>::size_type) noexcept const': cannot convert 'this' pointer from 'const std::array' to 'const std::array<_Ty,_Size> &'
              C:\SFML-3.0.0\include\SFML\Graphics\Transform.inl(108,21):
              Reason: cannot convert from 'const std::array' to 'const std::array<_Ty,_Size>'
              C:\SFML-3.0.0\include\SFML\Graphics\Transform.inl(108,21):
              Conversion requires a second user-defined-conversion operator or constructor
      C:\Program Files\Microsoft Visual Studio\2022\Community\VC\Tools\MSVC\14.44.35207\include\array(529,39):
      or       '_Ty &std::array<_Ty,_Size>::operator [](std::array<_Ty,_Size>::size_type) noexcept'
          C:\SFML-3.0.0\include\SFML\Graphics\Transform.inl(108,21):
          '_Ty &std::array<_Ty,_Size>::operator [](std::array<_Ty,_Size>::size_type) noexcept': cannot convert 'this' pointer from 'const std::array' to 'std::array<_Ty,_Size> &'
              C:\SFML-3.0.0\include\SFML\Graphics\Transform.inl(108,21):
              Reason: cannot convert from 'const std::array' to 'std::array<_Ty,_Size>'
              C:\SFML-3.0.0\include\SFML\Graphics\Transform.inl(108,21):
              Conversion requires a second user-defined-conversion operator or constructor
      C:\SFML-3.0.0\include\SFML\Graphics\Transform.inl(108,21):
      while trying to match the argument list '(const std::array, int)'
  
C:\SFML-3.0.0\include\SFML\Graphics\Transform.inl(110,40): error C2662: 'std::array<_Ty,_Size>::size_type std::array<_Ty,_Size>::size(void) noexcept const': cannot convert 'this' pointer from 'const std::array' to 'const std::array<_Ty,_Size> &'
  (compiling source file 'Database.cpp')
      C:\SFML-3.0.0\include\SFML\Graphics\Transform.inl(110,33):
      Reason: cannot convert from 'const std::array' to 'const std::array<_Ty,_Size>'
      C:\SFML-3.0.0\include\SFML\Graphics\Transform.inl(110,33):
      Conversion requires a second user-defined-conversion operator or constructor
      C:\Program Files\Microsoft Visual Studio\2022\Community\VC\Tools\MSVC\14.44.35207\include\array(501,59):
      see declaration of 'std::array<_Ty,_Size>::size'
      C:\SFML-3.0.0\include\SFML\Graphics\Transform.inl(110,40):
      while trying to match the argument list '()'
  
C:\SFML-3.0.0\include\SFML\Graphics\Transform.inl(113,18): error C2678: binary '[': no operator found which takes a left-hand operand of type 'const std::array' (or there is no acceptable conversion)
  (compiling source file 'Database.cpp')
      C:\Program Files\Microsoft Visual Studio\2022\Community\VC\Tools\MSVC\14.44.35207\include\array(537,42):
      could be 'const _Ty &std::array<_Ty,_Size>::operator [](std::array<_Ty,_Size>::size_type) noexcept const'
          C:\SFML-3.0.0\include\SFML\Graphics\Transform.inl(113,18):
          'const _Ty &std::array<_Ty,_Size>::operator [](std::array<_Ty,_Size>::size_type) noexcept const': cannot convert 'this' pointer from 'const std::array' to 'const std::array<_Ty,_Size> &'
              C:\SFML-3.0.0\include\SFML\Graphics\Transform.inl(113,18):
              Reason: cannot convert from 'const std::array' to 'const std::array<_Ty,_Size>'
              C:\SFML-3.0.0\include\SFML\Graphics\Transform.inl(113,18):
              Conversion requires a second user-defined-conversion operator or constructor
      C:\Program Files\Microsoft Visual Studio\2022\Community\VC\Tools\MSVC\14.44.35207\include\array(529,39):
      or       '_Ty &std::array<_Ty,_Size>::operator [](std::array<_Ty,_Size>::size_type) noexcept'
          C:\SFML-3.0.0\include\SFML\Graphics\Transform.inl(113,18):
          '_Ty &std::array<_Ty,_Size>::operator [](std::array<_Ty,_Size>::size_type) noexcept': cannot convert 'this' pointer from 'const std::array' to 'std::array<_Ty,_Size> &'
              C:\SFML-3.0.0\include\SFML\Graphics\Transform.inl(113,18):
              Reason: cannot convert from 'const std::array' to 'std::array<_Ty,_Size>'
              C:\SFML-3.0.0\include\SFML\Graphics\Transform.inl(113,18):
              Conversion requires a second user-defined-conversion operator or constructor
      C:\SFML-3.0.0\include\SFML\Graphics\Transform.inl(113,18):
      while trying to match the argument list '(const std::array, size_t)'
  
C:\SFML-3.0.0\include\SFML\Graphics\Transform.inl(113,49): error C2678: binary '[': no operator found which takes a left-hand operand of type 'const std::array' (or there is no acceptable conversion)
  (compiling source file 'Database.cpp')
      C:\Program Files\Microsoft Visual Studio\2022\Community\VC\Tools\MSVC\14.44.35207\include\array(537,42):
      could be 'const _Ty &std::array<_Ty,_Size>::operator [](std::array<_Ty,_Size>::size_type) noexcept const'
          C:\SFML-3.0.0\include\SFML\Graphics\Transform.inl(113,49):
          'const _Ty &std::array<_Ty,_Size>::operator [](std::array<_Ty,_Size>::size_type) noexcept const': cannot convert 'this' pointer from 'const std::array' to 'const std::array<_Ty,_Size> &'
              C:\SFML-3.0.0\include\SFML\Graphics\Transform.inl(113,49):
              Reason: cannot convert from 'const std::array' to 'const std::array<_Ty,_Size>'
              C:\SFML-3.0.0\include\SFML\Graphics\Transform.inl(113,49):
              Conversion requires a second user-defined-conversion operator or constructor
      C:\Program Files\Microsoft Visual Studio\2022\Community\VC\Tools\MSVC\14.44.35207\include\array(529,39):
      or       '_Ty &std::array<_Ty,_Size>::operator [](std::array<_Ty,_Size>::size_type) noexcept'
          C:\SFML-3.0.0\include\SFML\Graphics\Transform.inl(113,49):
          '_Ty &std::array<_Ty,_Size>::operator [](std::array<_Ty,_Size>::size_type) noexcept': cannot convert 'this' pointer from 'const std::array' to 'std::array<_Ty,_Size> &'
              C:\SFML-3.0.0\include\SFML\Graphics\Transform.inl(113,49):
              Reason: cannot convert from 'const std::array' to 'std::array<_Ty,_Size>'
              C:\SFML-3.0.0\include\SFML\Graphics\Transform.inl(113,49):
              Conversion requires a second user-defined-conversion operator or constructor
      C:\SFML-3.0.0\include\SFML\Graphics\Transform.inl(113,49):
      while trying to match the argument list '(const std::array, size_t)'
  
C:\SFML-3.0.0\include\SFML\Graphics\Transform.inl(114,18): error C2678: binary '[': no operator found which takes a left-hand operand of type 'const std::array' (or there is no acceptable conversion)
  (compiling source file 'Database.cpp')
      C:\Program Files\Microsoft Visual Studio\2022\Community\VC\Tools\MSVC\14.44.35207\include\array(537,42):
      could be 'const _Ty &std::array<_Ty,_Size>::operator [](std::array<_Ty,_Size>::size_type) noexcept const'
          C:\SFML-3.0.0\include\SFML\Graphics\Transform.inl(114,18):
          'const _Ty &std::array<_Ty,_Size>::operator [](std::array<_Ty,_Size>::size_type) noexcept const': cannot convert 'this' pointer from 'const std::array' to 'const std::array<_Ty,_Size> &'
              C:\SFML-3.0.0\include\SFML\Graphics\Transform.inl(114,18):
              Reason: cannot convert from 'const std::array' to 'const std::array<_Ty,_Size>'
              C:\SFML-3.0.0\include\SFML\Graphics\Transform.inl(114,18):
              Conversion requires a second user-defined-conversion operator or constructor
      C:\Program Files\Microsoft Visual Studio\2022\Community\VC\Tools\MSVC\14.44.35207\include\array(529,39):
      or       '_Ty &std::array<_Ty,_Size>::operator [](std::array<_Ty,_Size>::size_type) noexcept'
          C:\SFML-3.0.0\include\SFML\Graphics\Transform.inl(114,18):
          '_Ty &std::array<_Ty,_Size>::operator [](std::array<_Ty,_Size>::size_type) noexcept': cannot convert 'this' pointer from 'const std::array' to 'std::array<_Ty,_Size> &'
              C:\SFML-3.0.0\include\SFML\Graphics\Transform.inl(114,18):
              Reason: cannot convert from 'const std::array' to 'std::array<_Ty,_Size>'
              C:\SFML-3.0.0\include\SFML\Graphics\Transform.inl(114,18):
              Conversion requires a second user-defined-conversion operator or constructor
      C:\SFML-3.0.0\include\SFML\Graphics\Transform.inl(114,18):
      while trying to match the argument list '(const std::array, size_t)'
  
C:\SFML-3.0.0\include\SFML\Graphics\Transform.inl(114,49): error C2678: binary '[': no operator found which takes a left-hand operand of type 'const std::array' (or there is no acceptable conversion)
  (compiling source file 'Database.cpp')
      C:\Program Files\Microsoft Visual Studio\2022\Community\VC\Tools\MSVC\14.44.35207\include\array(537,42):
      could be 'const _Ty &std::array<_Ty,_Size>::operator [](std::array<_Ty,_Size>::size_type) noexcept const'
          C:\SFML-3.0.0\include\SFML\Graphics\Transform.inl(114,49):
          'const _Ty &std::array<_Ty,_Size>::operator [](std::array<_Ty,_Size>::size_type) noexcept const': cannot convert 'this' pointer from 'const std::array' to 'const std::array<_Ty,_Size> &'
              C:\SFML-3.0.0\include\SFML\Graphics\Transform.inl(114,49):
              Reason: cannot convert from 'const std::array' to 'const std::array<_Ty,_Size>'
              C:\SFML-3.0.0\include\SFML\Graphics\Transform.inl(114,49):
              Conversion requires a second user-defined-conversion operator or constructor
      C:\Program Files\Microsoft Visual Studio\2022\Community\VC\Tools\MSVC\14.44.35207\include\array(529,39):
      or       '_Ty &std::array<_Ty,_Size>::operator [](std::array<_Ty,_Size>::size_type) noexcept'
          C:\SFML-3.0.0\include\SFML\Graphics\Transform.inl(114,49):
          '_Ty &std::array<_Ty,_Size>::operator [](std::array<_Ty,_Size>::size_type) noexcept': cannot convert 'this' pointer from 'const std::array' to 'std::array<_Ty,_Size> &'
              C:\SFML-3.0.0\include\SFML\Graphics\Transform.inl(114,49):
              Reason: cannot convert from 'const std::array' to 'std::array<_Ty,_Size>'
              C:\SFML-3.0.0\include\SFML\Graphics\Transform.inl(114,49):
              Conversion requires a second user-defined-conversion operator or constructor
      C:\SFML-3.0.0\include\SFML\Graphics\Transform.inl(114,49):
      while trying to match the argument list '(const std::array, size_t)'
  
C:\SFML-3.0.0\include\SFML\Graphics\Transform.inl(116,18): error C2678: binary '[': no operator found which takes a left-hand operand of type 'const std::array' (or there is no acceptable conversion)
  (compiling source file 'Database.cpp')
      C:\Program Files\Microsoft Visual Studio\2022\Community\VC\Tools\MSVC\14.44.35207\include\array(537,42):
      could be 'const _Ty &std::array<_Ty,_Size>::operator [](std::array<_Ty,_Size>::size_type) noexcept const'
          C:\SFML-3.0.0\include\SFML\Graphics\Transform.inl(116,18):
          'const _Ty &std::array<_Ty,_Size>::operator [](std::array<_Ty,_Size>::size_type) noexcept const': cannot convert 'this' pointer from 'const std::array' to 'const std::array<_Ty,_Size> &'
              C:\SFML-3.0.0\include\SFML\Graphics\Transform.inl(116,18):
              Reason: cannot convert from 'const std::array' to 'const std::array<_Ty,_Size>'
              C:\SFML-3.0.0\include\SFML\Graphics\Transform.inl(116,18):
              Conversion requires a second user-defined-conversion operator or constructor
      C:\Program Files\Microsoft Visual Studio\2022\Community\VC\Tools\MSVC\14.44.35207\include\array(529,39):
      or       '_Ty &std::array<_Ty,_Size>::operator [](std::array<_Ty,_Size>::size_type) noexcept'
          C:\SFML-3.0.0\include\SFML\Graphics\Transform.inl(116,18):
          '_Ty &std::array<_Ty,_Size>::operator [](std::array<_Ty,_Size>::size_type) noexcept': cannot convert 'this' pointer from 'const std::array' to 'std::array<_Ty,_Size> &'
              C:\SFML-3.0.0\include\SFML\Graphics\Transform.inl(116,18):
              Reason: cannot convert from 'const std::array' to 'std::array<_Ty,_Size>'
              C:\SFML-3.0.0\include\SFML\Graphics\Transform.inl(116,18):
              Conversion requires a second user-defined-conversion operator or constructor
      C:\SFML-3.0.0\include\SFML\Graphics\Transform.inl(116,18):
      while trying to match the argument list '(const std::array, size_t)'
  
C:\SFML-3.0.0\include\SFML\Graphics\Transform.inl(116,49): error C2678: binary '[': no operator found which takes a left-hand operand of type 'const std::array' (or there is no acceptable conversion)
  (compiling source file 'Database.cpp')
      C:\Program Files\Microsoft Visual Studio\2022\Community\VC\Tools\MSVC\14.44.35207\include\array(537,42):
      could be 'const _Ty &std::array<_Ty,_Size>::operator [](std::array<_Ty,_Size>::size_type) noexcept const'
          C:\SFML-3.0.0\include\SFML\Graphics\Transform.inl(116,49):
          'const _Ty &std::array<_Ty,_Size>::operator [](std::array<_Ty,_Size>::size_type) noexcept const': cannot convert 'this' pointer from 'const std::array' to 'const std::array<_Ty,_Size> &'
              C:\SFML-3.0.0\include\SFML\Graphics\Transform.inl(116,49):
              Reason: cannot convert from 'const std::array' to 'const std::array<_Ty,_Size>'
              C:\SFML-3.0.0\include\SFML\Graphics\Transform.inl(116,49):
              Conversion requires a second user-defined-conversion operator or constructor
      C:\Program Files\Microsoft Visual Studio\2022\Community\VC\Tools\MSVC\14.44.35207\include\array(529,39):
      or       '_Ty &std::array<_Ty,_Size>::operator [](std::array<_Ty,_Size>::size_type) noexcept'
          C:\SFML-3.0.0\include\SFML\Graphics\Transform.inl(116,49):
          '_Ty &std::array<_Ty,_Size>::operator [](std::array<_Ty,_Size>::size_type) noexcept': cannot convert 'this' pointer from 'const std::array' to 'std::array<_Ty,_Size> &'
              C:\SFML-3.0.0\include\SFML\Graphics\Transform.inl(116,49):
              Reason: cannot convert from 'const std::array' to 'std::array<_Ty,_Size>'
              C:\SFML-3.0.0\include\SFML\Graphics\Transform.inl(116,49):
              Conversion requires a second user-defined-conversion operator or constructor
      C:\SFML-3.0.0\include\SFML\Graphics\Transform.inl(116,49):
      while trying to match the argument list '(const std::array, size_t)'
  
C:\SFML-3.0.0\include\SFML\Graphics\Transform.inl(117,18): error C2678: binary '[': no operator found which takes a left-hand operand of type 'const std::array' (or there is no acceptable conversion)
  (compiling source file 'Database.cpp')
      C:\Program Files\Microsoft Visual Studio\2022\Community\VC\Tools\MSVC\14.44.35207\include\array(537,42):
      could be 'const _Ty &std::array<_Ty,_Size>::operator [](std::array<_Ty,_Size>::size_type) noexcept const'
          C:\SFML-3.0.0\include\SFML\Graphics\Transform.inl(117,18):
          'const _Ty &std::array<_Ty,_Size>::operator [](std::array<_Ty,_Size>::size_type) noexcept const': cannot convert 'this' pointer from 'const std::array' to 'const std::array<_Ty,_Size> &'
              C:\SFML-3.0.0\include\SFML\Graphics\Transform.inl(117,18):
              Reason: cannot convert from 'const std::array' to 'const std::array<_Ty,_Size>'
              C:\SFML-3.0.0\include\SFML\Graphics\Transform.inl(117,18):
              Conversion requires a second user-defined-conversion operator or constructor
      C:\Program Files\Microsoft Visual Studio\2022\Community\VC\Tools\MSVC\14.44.35207\include\array(529,39):
      or       '_Ty &std::array<_Ty,_Size>::operator [](std::array<_Ty,_Size>::size_type) noexcept'
          C:\SFML-3.0.0\include\SFML\Graphics\Transform.inl(117,18):
          '_Ty &std::array<_Ty,_Size>::operator [](std::array<_Ty,_Size>::size_type) noexcept': cannot convert 'this' pointer from 'const std::array' to 'std::array<_Ty,_Size> &'
              C:\SFML-3.0.0\include\SFML\Graphics\Transform.inl(117,18):
              Reason: cannot convert from 'const std::array' to 'std::array<_Ty,_Size>'
              C:\SFML-3.0.0\include\SFML\Graphics\Transform.inl(117,18):
              Conversion requires a second user-defined-conversion operator or constructor
      C:\SFML-3.0.0\include\SFML\Graphics\Transform.inl(117,18):
      while trying to match the argument list '(const std::array, size_t)'
  
C:\SFML-3.0.0\include\SFML\Graphics\Transform.inl(117,49): error C2678: binary '[': no operator found which takes a left-hand operand of type 'const std::array' (or there is no acceptable conversion)
  (compiling source file 'Database.cpp')
      C:\Program Files\Microsoft Visual Studio\2022\Community\VC\Tools\MSVC\14.44.35207\include\array(537,42):
      could be 'const _Ty &std::array<_Ty,_Size>::operator [](std::array<_Ty,_Size>::size_type) noexcept const'
          C:\SFML-3.0.0\include\SFML\Graphics\Transform.inl(117,49):
          'const _Ty &std::array<_Ty,_Size>::operator [](std::array<_Ty,_Size>::size_type) noexcept const': cannot convert 'this' pointer from 'const std::array' to 'const std::array<_Ty,_Size> &'
              C:\SFML-3.0.0\include\SFML\Graphics\Transform.inl(117,49):
              Reason: cannot convert from 'const std::array' to 'const std::array<_Ty,_Size>'
              C:\SFML-3.0.0\include\SFML\Graphics\Transform.inl(117,49):
              Conversion requires a second user-defined-conversion operator or constructor
      C:\Program Files\Microsoft Visual Studio\2022\Community\VC\Tools\MSVC\14.44.35207\include\array(529,39):
      or       '_Ty &std::array<_Ty,_Size>::operator [](std::array<_Ty,_Size>::size_type) noexcept'
          C:\SFML-3.0.0\include\SFML\Graphics\Transform.inl(117,49):
          '_Ty &std::array<_Ty,_Size>::operator [](std::array<_Ty,_Size>::size_type) noexcept': cannot convert 'this' pointer from 'const std::array' to 'std::array<_Ty,_Size> &'
              C:\SFML-3.0.0\include\SFML\Graphics\Transform.inl(117,49):
              Reason: cannot convert from 'const std::array' to 'std::array<_Ty,_Size>'
              C:\SFML-3.0.0\include\SFML\Graphics\Transform.inl(117,49):
              Conversion requires a second user-defined-conversion operator or constructor
      C:\SFML-3.0.0\include\SFML\Graphics\Transform.inl(117,49):
      while trying to match the argument list '(const std::array, size_t)'
  
C:\SFML-3.0.0\include\SFML\Graphics\Transform.inl(98,32): error C3615: constexpr function 'sf::Transform::transformRect' cannot result in a constant expression
  (compiling source file 'Database.cpp')
      C:\SFML-3.0.0\include\SFML\Graphics\Transform.inl(101,22):
      failure was because type 'const std::array' is not a literal type
      C:\Program Files\Microsoft Visual Studio\2022\Community\VC\Tools\MSVC\14.44.35207\include\array(402,7):
      type 'std::array' is not a literal type because it is not an aggregate type, a closure type, or does not have a constexpr constructor that is not a copy or move constructor
      C:\SFML-3.0.0\include\SFML\Graphics\Transform.inl(110,39):
      failure was caused by call of undefined function or one not declared 'constexpr'
      C:\SFML-3.0.0\include\SFML\Graphics\Transform.inl(110,39):
      see usage of '<declval>'
      C:\SFML-3.0.0\include\SFML\Graphics\Transform.inl(98,32):
      failure was caused by control reaching the end of a constexpr function
  
C:\SFML-3.0.0\include\SFML\Graphics\Transform.inl(234,39): error C7525: inline variables require at least '/std:c++17'
  (compiling source file 'Database.cpp')
  
C:\SFML-3.0.0\include\SFML\Graphics\Rect.hpp(98,34): error C2178: 'sf::Rect<int>::optional' cannot be declared with 'constexpr' specifier
  (compiling source file 'Database.cpp')
  
C:\Program Files\Microsoft Visual Studio\2022\Community\VC\Tools\MSVC\14.44.35207\include\filesystem(12): warning STL4038: The contents of <filesystem> are available only with C++17 or later.
C:\SFML-3.0.0\include\SFML\Graphics\Texture.hpp(114,33): error C2039: 'filesystem': is not a member of 'std'
  (compiling source file 'Database.cpp')
      C:\Program Files\Microsoft Visual Studio\2022\Community\VC\Tools\MSVC\14.44.35207\include\array(19,1):
      see declaration of 'std'
  
C:\SFML-3.0.0\include\SFML\Graphics\Texture.hpp(114,33): error C3083: 'filesystem': the symbol to the left of a '::' must be a type
  (compiling source file 'Database.cpp')
  
C:\SFML-3.0.0\include\SFML\Graphics\Texture.hpp(114,45): error C2039: 'path': is not a member of 'std'
  (compiling source file 'Database.cpp')
      C:\Program Files\Microsoft Visual Studio\2022\Community\VC\Tools\MSVC\14.44.35207\include\array(19,1):
      see declaration of 'std'
  
C:\SFML-3.0.0\include\SFML\Graphics\Texture.hpp(114,22): error C4430: missing type specifier - int assumed. Note: C++ does not support default-int
  (compiling source file 'Database.cpp')
  
C:\SFML-3.0.0\include\SFML\Graphics\Texture.hpp(114,49): error C2143: syntax error: missing ',' before '&'
  (compiling source file 'Database.cpp')
  
C:\SFML-3.0.0\include\SFML\Graphics\Texture.hpp(137,24): error C2039: 'filesystem': is not a member of 'std'
  (compiling source file 'Database.cpp')
      C:\Program Files\Microsoft Visual Studio\2022\Community\VC\Tools\MSVC\14.44.35207\include\array(19,1):
      see declaration of 'std'
  
C:\SFML-3.0.0\include\SFML\Graphics\Texture.hpp(137,24): error C3083: 'filesystem': the symbol to the left of a '::' must be a type
  (compiling source file 'Database.cpp')
  
C:\SFML-3.0.0\include\SFML\Graphics\Texture.hpp(137,36): error C2039: 'path': is not a member of 'std'
  (compiling source file 'Database.cpp')
      C:\Program Files\Microsoft Visual Studio\2022\Community\VC\Tools\MSVC\14.44.35207\include\array(19,1):
      see declaration of 'std'
  
C:\SFML-3.0.0\include\SFML\Graphics\Texture.hpp(137,13): error C4430: missing type specifier - int assumed. Note: C++ does not support default-int
  (compiling source file 'Database.cpp')
  
C:\SFML-3.0.0\include\SFML\Graphics\Texture.hpp(137,40): error C2143: syntax error: missing ',' before '&'
  (compiling source file 'Database.cpp')
  
C:\SFML-3.0.0\include\SFML\Graphics\Texture.hpp(137,5): error C2535: 'sf::Texture::Texture(const int)': member function already defined or declared
  (compiling source file 'Database.cpp')
      C:\SFML-3.0.0\include\SFML\Graphics\Texture.hpp(114,5):
      see declaration of 'sf::Texture::Texture'
  
C:\SFML-3.0.0\include\SFML\Graphics\Texture.hpp(304,48): error C2039: 'filesystem': is not a member of 'std'
  (compiling source file 'Database.cpp')
      C:\Program Files\Microsoft Visual Studio\2022\Community\VC\Tools\MSVC\14.44.35207\include\array(19,1):
      see declaration of 'std'
  
C:\SFML-3.0.0\include\SFML\Graphics\Texture.hpp(304,48): error C3083: 'filesystem': the symbol to the left of a '::' must be a type
  (compiling source file 'Database.cpp')
  
C:\SFML-3.0.0\include\SFML\Graphics\Texture.hpp(304,60): error C2039: 'path': is not a member of 'std'
  (compiling source file 'Database.cpp')
      C:\Program Files\Microsoft Visual Studio\2022\Community\VC\Tools\MSVC\14.44.35207\include\array(19,1):
      see declaration of 'std'
  
C:\SFML-3.0.0\include\SFML\Graphics\Texture.hpp(304,37): error C4430: missing type specifier - int assumed. Note: C++ does not support default-int
  (compiling source file 'Database.cpp')
  
C:\SFML-3.0.0\include\SFML\Graphics\Texture.hpp(304,64): error C2143: syntax error: missing ',' before '&'
  (compiling source file 'Database.cpp')
  
C:\SFML-3.0.0\include\SFML\Graphics\Texture.hpp(304,117): error C2143: syntax error: missing ')' before '{'
  (compiling source file 'Database.cpp')
  
C:\SFML-3.0.0\include\SFML\Graphics\Texture.hpp(304,119): error C2059: syntax error: ')'
  (compiling source file 'Database.cpp')
  
C:\SFML-3.0.0\include\SFML\Graphics\Font.hpp(103,30): error C2039: 'filesystem': is not a member of 'std'
  (compiling source file 'Database.cpp')
      C:\Program Files\Microsoft Visual Studio\2022\Community\VC\Tools\MSVC\14.44.35207\include\unordered_map(23,1):
      see declaration of 'std'
  
C:\SFML-3.0.0\include\SFML\Graphics\Font.hpp(103,30): error C3083: 'filesystem': the symbol to the left of a '::' must be a type
  (compiling source file 'Database.cpp')
  
C:\SFML-3.0.0\include\SFML\Graphics\Font.hpp(103,42): error C2039: 'path': is not a member of 'std'
  (compiling source file 'Database.cpp')
      C:\Program Files\Microsoft Visual Studio\2022\Community\VC\Tools\MSVC\14.44.35207\include\unordered_map(23,1):
      see declaration of 'std'
  
C:\SFML-3.0.0\include\SFML\Graphics\Font.hpp(103,19): error C4430: missing type specifier - int assumed. Note: C++ does not support default-int
  (compiling source file 'Database.cpp')
  
C:\SFML-3.0.0\include\SFML\Graphics\Font.hpp(103,46): error C2143: syntax error: missing ',' before '&'
  (compiling source file 'Database.cpp')
  
C:\SFML-3.0.0\include\SFML\Graphics\Font.hpp(168,48): error C2039: 'filesystem': is not a member of 'std'
  (compiling source file 'Database.cpp')
      C:\Program Files\Microsoft Visual Studio\2022\Community\VC\Tools\MSVC\14.44.35207\include\unordered_map(23,1):
      see declaration of 'std'
  
C:\SFML-3.0.0\include\SFML\Graphics\Font.hpp(168,48): error C3083: 'filesystem': the symbol to the left of a '::' must be a type
  (compiling source file 'Database.cpp')
  
C:\SFML-3.0.0\include\SFML\Graphics\Font.hpp(168,60): error C2039: 'path': is not a member of 'std'
  (compiling source file 'Database.cpp')
      C:\Program Files\Microsoft Visual Studio\2022\Community\VC\Tools\MSVC\14.44.35207\include\unordered_map(23,1):
      see declaration of 'std'
  
C:\SFML-3.0.0\include\SFML\Graphics\Font.hpp(168,37): error C4430: missing type specifier - int assumed. Note: C++ does not support default-int
  (compiling source file 'Database.cpp')
  
C:\SFML-3.0.0\include\SFML\Graphics\Font.hpp(168,64): error C2143: syntax error: missing ',' before '&'
  (compiling source file 'Database.cpp')
  
C:\Program Files\Microsoft Visual Studio\2022\Community\VC\Tools\MSVC\14.44.35207\include\string_view(12): warning STL4038: The contents of <string_view> are available only with C++17 or later.
C:\SFML-3.0.0\include\SFML\Graphics\Image.hpp(103,31): error C2039: 'filesystem': is not a member of 'std'
  (compiling source file 'Database.cpp')
      C:\Program Files\Microsoft Visual Studio\2022\Community\VC\Tools\MSVC\14.44.35207\include\unordered_map(23,1):
      see declaration of 'std'
  
C:\SFML-3.0.0\include\SFML\Graphics\Image.hpp(103,31): error C3083: 'filesystem': the symbol to the left of a '::' must be a type
  (compiling source file 'Database.cpp')
  
C:\SFML-3.0.0\include\SFML\Graphics\Image.hpp(103,43): error C2039: 'path': is not a member of 'std'
  (compiling source file 'Database.cpp')
      C:\Program Files\Microsoft Visual Studio\2022\Community\VC\Tools\MSVC\14.44.35207\include\unordered_map(23,1):
      see declaration of 'std'
  
C:\SFML-3.0.0\include\SFML\Graphics\Image.hpp(103,20): error C4430: missing type specifier - int assumed. Note: C++ does not support default-int
  (compiling source file 'Database.cpp')
  
C:\SFML-3.0.0\include\SFML\Graphics\Image.hpp(103,47): error C2143: syntax error: missing ',' before '&'
  (compiling source file 'Database.cpp')
  
C:\SFML-3.0.0\include\SFML\Graphics\Image.hpp(175,48): error C2039: 'filesystem': is not a member of 'std'
  (compiling source file 'Database.cpp')
      C:\Program Files\Microsoft Visual Studio\2022\Community\VC\Tools\MSVC\14.44.35207\include\unordered_map(23,1):
      see declaration of 'std'
  
C:\SFML-3.0.0\include\SFML\Graphics\Image.hpp(175,48): error C3083: 'filesystem': the symbol to the left of a '::' must be a type
  (compiling source file 'Database.cpp')
  
C:\SFML-3.0.0\include\SFML\Graphics\Image.hpp(175,60): error C2039: 'path': is not a member of 'std'
  (compiling source file 'Database.cpp')
      C:\Program Files\Microsoft Visual Studio\2022\Community\VC\Tools\MSVC\14.44.35207\include\unordered_map(23,1):
      see declaration of 'std'
  
C:\SFML-3.0.0\include\SFML\Graphics\Image.hpp(175,37): error C4430: missing type specifier - int assumed. Note: C++ does not support default-int
  (compiling source file 'Database.cpp')
  
C:\SFML-3.0.0\include\SFML\Graphics\Image.hpp(175,64): error C2143: syntax error: missing ',' before '&'
  (compiling source file 'Database.cpp')
  
C:\SFML-3.0.0\include\SFML\Graphics\Image.hpp(227,46): error C2039: 'filesystem': is not a member of 'std'
  (compiling source file 'Database.cpp')
      C:\Program Files\Microsoft Visual Studio\2022\Community\VC\Tools\MSVC\14.44.35207\include\unordered_map(23,1):
      see declaration of 'std'
  
C:\SFML-3.0.0\include\SFML\Graphics\Image.hpp(227,46): error C3083: 'filesystem': the symbol to the left of a '::' must be a type
  (compiling source file 'Database.cpp')
  
C:\SFML-3.0.0\include\SFML\Graphics\Image.hpp(227,58): error C2039: 'path': is not a member of 'std'
  (compiling source file 'Database.cpp')
      C:\Program Files\Microsoft Visual Studio\2022\Community\VC\Tools\MSVC\14.44.35207\include\unordered_map(23,1):
      see declaration of 'std'
  
C:\SFML-3.0.0\include\SFML\Graphics\Image.hpp(227,58): error C1003: error count exceeds 100; stopping compilation
  (compiling source file 'Database.cpp')
  
  DrumVisualiser.cpp
C:\SFML-3.0.0\include\SFML\Graphics\Color.inl(75,17): error C3615: constexpr function 'sf::operator +' cannot result in a constant expression
  (compiling source file 'DrumVisualiser.cpp')
      C:\SFML-3.0.0\include\SFML\Graphics\Color.inl(77,16):
      failure was because type 'const sf::+::<lambda_16287c72c63b32e0a9fa1270f38e4b81>' is not a literal type
      C:\SFML-3.0.0\include\SFML\Graphics\Color.inl(81,5):
      type 'sf::+::<lambda_16287c72c63b32e0a9fa1270f38e4b81>' is not a literal type because it is not an aggregate type, a closure type, or does not have a constexpr constructor that is not a copy or move constructor
  
C:\SFML-3.0.0\include\SFML\Graphics\Color.inl(91,17): error C3615: constexpr function 'sf::operator -' cannot result in a constant expression
  (compiling source file 'DrumVisualiser.cpp')
      C:\SFML-3.0.0\include\SFML\Graphics\Color.inl(93,16):
      failure was because type 'const sf::-::<lambda_306030dfce25397b9816ce24c68c04f0>' is not a literal type
      C:\SFML-3.0.0\include\SFML\Graphics\Color.inl(97,5):
      type 'sf::-::<lambda_306030dfce25397b9816ce24c68c04f0>' is not a literal type because it is not an aggregate type, a closure type, or does not have a constexpr constructor that is not a copy or move constructor
  
C:\SFML-3.0.0\include\SFML\Graphics\Color.inl(107,17): error C3615: constexpr function 'sf::operator *' cannot result in a constant expression
  (compiling source file 'DrumVisualiser.cpp')
      C:\SFML-3.0.0\include\SFML\Graphics\Color.inl(109,16):
      failure was because type 'const sf::*::<lambda_1570e60a8275d4bb357b66a7fbaafc0b>' is not a literal type
      C:\SFML-3.0.0\include\SFML\Graphics\Color.inl(113,5):
      type 'sf::*::<lambda_1570e60a8275d4bb357b66a7fbaafc0b>' is not a literal type because it is not an aggregate type, a closure type, or does not have a constexpr constructor that is not a copy or move constructor
  
C:\SFML-3.0.0\include\SFML\Graphics\Color.inl(146,31): error C7525: inline variables require at least '/std:c++17'
  (compiling source file 'DrumVisualiser.cpp')
  
C:\SFML-3.0.0\include\SFML\Graphics\Color.inl(147,31): error C7525: inline variables require at least '/std:c++17'
  (compiling source file 'DrumVisualiser.cpp')
  
C:\SFML-3.0.0\include\SFML\Graphics\Color.inl(148,31): error C7525: inline variables require at least '/std:c++17'
  (compiling source file 'DrumVisualiser.cpp')
  
C:\SFML-3.0.0\include\SFML\Graphics\Color.inl(149,31): error C7525: inline variables require at least '/std:c++17'
  (compiling source file 'DrumVisualiser.cpp')
  
C:\SFML-3.0.0\include\SFML\Graphics\Color.inl(150,31): error C7525: inline variables require at least '/std:c++17'
  (compiling source file 'DrumVisualiser.cpp')
  
C:\SFML-3.0.0\include\SFML\Graphics\Color.inl(151,31): error C7525: inline variables require at least '/std:c++17'
  (compiling source file 'DrumVisualiser.cpp')
  
C:\SFML-3.0.0\include\SFML\Graphics\Color.inl(152,31): error C7525: inline variables require at least '/std:c++17'
  (compiling source file 'DrumVisualiser.cpp')
  
C:\SFML-3.0.0\include\SFML\Graphics\Color.inl(153,31): error C7525: inline variables require at least '/std:c++17'
  (compiling source file 'DrumVisualiser.cpp')
  
C:\SFML-3.0.0\include\SFML\Graphics\Color.inl(154,31): error C7525: inline variables require at least '/std:c++17'
  (compiling source file 'DrumVisualiser.cpp')
  
C:\SFML-3.0.0\include\SFML\System\Angle.inl(272,31): error C7525: inline variables require at least '/std:c++17'
  (compiling source file 'DrumVisualiser.cpp')
  
C:\Program Files\Microsoft Visual Studio\2022\Community\VC\Tools\MSVC\14.44.35207\include\optional(11): warning STL4038: The contents of <optional> are available only with C++17 or later.
C:\SFML-3.0.0\include\SFML\Graphics\Rect.hpp(98,42): error C2143: syntax error: missing ';' before '<'
  (compiling source file 'DrumVisualiser.cpp')
      C:\SFML-3.0.0\include\SFML\Graphics\Rect.hpp(98,42):
      the template instantiation context (the oldest one first) is
          C:\SFML-3.0.0\include\SFML\Graphics\Rect.hpp(42,7):
          while compiling class template 'sf::Rect'
  
C:\SFML-3.0.0\include\SFML\Graphics\Rect.hpp(98,34): error C4430: missing type specifier - int assumed. Note: C++ does not support default-int
  (compiling source file 'DrumVisualiser.cpp')
  
C:\SFML-3.0.0\include\SFML\Graphics\Rect.hpp(98,34): error C2178: 'sf::Rect<T>::optional' cannot be declared with 'constexpr' specifier
  (compiling source file 'DrumVisualiser.cpp')
  
C:\SFML-3.0.0\include\SFML\Graphics\Rect.hpp(98,5): warning C4869: 'nodiscard' may only be applied to classes, enumerations, and functions
  (compiling source file 'DrumVisualiser.cpp')
  
C:\SFML-3.0.0\include\SFML\Graphics\Rect.hpp(98,100): error C2238: unexpected token(s) preceding ';'
  (compiling source file 'DrumVisualiser.cpp')
  
C:\SFML-3.0.0\include\SFML\Graphics\Rect.inl(71,16): error C2039: 'optional': is not a member of 'std'
  (compiling source file 'DrumVisualiser.cpp')
      C:\Program Files\Microsoft Visual Studio\2022\Community\VC\Tools\MSVC\14.44.35207\include\iostream(19,1):
      see declaration of 'std'
  
C:\SFML-3.0.0\include\SFML\Graphics\Rect.inl(71,24): error C2988: unrecognizable template declaration/definition
  (compiling source file 'DrumVisualiser.cpp')
  
C:\SFML-3.0.0\include\SFML\Graphics\Rect.inl(71,24): error C2143: syntax error: missing ';' before '<'
  (compiling source file 'DrumVisualiser.cpp')
  
C:\SFML-3.0.0\include\SFML\Graphics\Rect.inl(71,16): error C4430: missing type specifier - int assumed. Note: C++ does not support default-int
  (compiling source file 'DrumVisualiser.cpp')
  
C:\SFML-3.0.0\include\SFML\Graphics\Rect.inl(71,24): error C2059: syntax error: '<'
  (compiling source file 'DrumVisualiser.cpp')
  
C:\SFML-3.0.0\include\SFML\Graphics\Rect.inl(71,30): error C2065: 'T': undeclared identifier
  (compiling source file 'DrumVisualiser.cpp')
  
C:\SFML-3.0.0\include\SFML\Graphics\Rect.inl(71,25): error C2923: 'sf::Rect': 'T' is not a valid template type argument for parameter 'T'
  (compiling source file 'DrumVisualiser.cpp')
      C:\SFML-3.0.0\include\SFML\Graphics\Rect.inl(71,30):
      see declaration of 'T'
  
C:\SFML-3.0.0\include\SFML\Graphics\Rect.inl(71,39): error C2065: 'T': undeclared identifier
  (compiling source file 'DrumVisualiser.cpp')
  
C:\SFML-3.0.0\include\SFML\Graphics\Rect.inl(71,34): error C2923: 'sf::Rect': 'T' is not a valid template type argument for parameter 'T'
  (compiling source file 'DrumVisualiser.cpp')
      C:\SFML-3.0.0\include\SFML\Graphics\Rect.inl(71,39):
      see declaration of 'T'
  
C:\SFML-3.0.0\include\SFML\Graphics\Rect.inl(71,71): error C2065: 'T': undeclared identifier
  (compiling source file 'DrumVisualiser.cpp')
  
C:\SFML-3.0.0\include\SFML\Graphics\Rect.inl(71,66): error C2923: 'sf::Rect': 'T' is not a valid template type argument for parameter 'T'
  (compiling source file 'DrumVisualiser.cpp')
      C:\SFML-3.0.0\include\SFML\Graphics\Rect.inl(71,71):
      see declaration of 'T'
  
C:\SFML-3.0.0\include\SFML\Graphics\Rect.inl(72,1): error C2143: syntax error: missing ';' before '{'
  (compiling source file 'DrumVisualiser.cpp')
  
C:\SFML-3.0.0\include\SFML\Graphics\Rect.inl(72,1): error C2447: '{': missing function header (old-style formal list?)
  (compiling source file 'DrumVisualiser.cpp')
  
C:\SFML-3.0.0\include\SFML\Graphics\Transform.inl(52,35): error C3615: constexpr function 'sf::Transform::getMatrix' cannot result in a constant expression
  (compiling source file 'DrumVisualiser.cpp')
      C:\SFML-3.0.0\include\SFML\Graphics\Transform.inl(54,25):
      failure was caused by call of undefined function or one not declared 'constexpr'
      C:\SFML-3.0.0\include\SFML\Graphics\Transform.inl(54,25):
      see usage of 'std::array<float,16>::data'
  
C:\SFML-3.0.0\include\SFML\Graphics\Rect.hpp(98,34): error C2039: 'optional': is not a member of 'std'
  (compiling source file 'DrumVisualiser.cpp')
      C:\Program Files\Microsoft Visual Studio\2022\Community\VC\Tools\MSVC\14.44.35207\include\array(19,1):
      see declaration of 'std'
      C:\SFML-3.0.0\include\SFML\Graphics\Rect.hpp(98,34):
      the template instantiation context (the oldest one first) is
          C:\SFML-3.0.0\include\SFML\Graphics\Transform.inl(98,32):
          see reference to class template instantiation 'sf::Rect<float>' being compiled
  
C:\SFML-3.0.0\include\SFML\Graphics\Rect.hpp(98,34): error C2178: 'sf::Rect<float>::optional' cannot be declared with 'constexpr' specifier
  (compiling source file 'DrumVisualiser.cpp')
  
C:\SFML-3.0.0\include\SFML\Graphics\Transform.inl(101,31): error C2514: 'std::array': class template cannot be constructed
  (compiling source file 'DrumVisualiser.cpp')
      C:\Program Files\Microsoft Visual Studio\2022\Community\VC\Tools\MSVC\14.44.35207\include\array(402,7):
      see declaration of 'std::array'
  
C:\SFML-3.0.0\include\SFML\Graphics\Transform.inl(107,21): error C2678: binary '[': no operator found which takes a left-hand operand of type 'const std::array' (or there is no acceptable conversion)
  (compiling source file 'DrumVisualiser.cpp')
      C:\Program Files\Microsoft Visual Studio\2022\Community\VC\Tools\MSVC\14.44.35207\include\array(537,42):
      could be 'const _Ty &std::array<_Ty,_Size>::operator [](std::array<_Ty,_Size>::size_type) noexcept const'
          C:\SFML-3.0.0\include\SFML\Graphics\Transform.inl(107,21):
          'const _Ty &std::array<_Ty,_Size>::operator [](std::array<_Ty,_Size>::size_type) noexcept const': cannot convert 'this' pointer from 'const std::array' to 'const std::array<_Ty,_Size> &'
              C:\SFML-3.0.0\include\SFML\Graphics\Transform.inl(107,21):
              Reason: cannot convert from 'const std::array' to 'const std::array<_Ty,_Size>'
              C:\SFML-3.0.0\include\SFML\Graphics\Transform.inl(107,21):
              Conversion requires a second user-defined-conversion operator or constructor
      C:\Program Files\Microsoft Visual Studio\2022\Community\VC\Tools\MSVC\14.44.35207\include\array(529,39):
      or       '_Ty &std::array<_Ty,_Size>::operator [](std::array<_Ty,_Size>::size_type) noexcept'
          C:\SFML-3.0.0\include\SFML\Graphics\Transform.inl(107,21):
          '_Ty &std::array<_Ty,_Size>::operator [](std::array<_Ty,_Size>::size_type) noexcept': cannot convert 'this' pointer from 'const std::array' to 'std::array<_Ty,_Size> &'
              C:\SFML-3.0.0\include\SFML\Graphics\Transform.inl(107,21):
              Reason: cannot convert from 'const std::array' to 'std::array<_Ty,_Size>'
              C:\SFML-3.0.0\include\SFML\Graphics\Transform.inl(107,21):
              Conversion requires a second user-defined-conversion operator or constructor
      C:\SFML-3.0.0\include\SFML\Graphics\Transform.inl(107,21):
      while trying to match the argument list '(const std::array, int)'
  
C:\SFML-3.0.0\include\SFML\Graphics\Transform.inl(108,21): error C2678: binary '[': no operator found which takes a left-hand operand of type 'const std::array' (or there is no acceptable conversion)
  (compiling source file 'DrumVisualiser.cpp')
      C:\Program Files\Microsoft Visual Studio\2022\Community\VC\Tools\MSVC\14.44.35207\include\array(537,42):
      could be 'const _Ty &std::array<_Ty,_Size>::operator [](std::array<_Ty,_Size>::size_type) noexcept const'
          C:\SFML-3.0.0\include\SFML\Graphics\Transform.inl(108,21):
          'const _Ty &std::array<_Ty,_Size>::operator [](std::array<_Ty,_Size>::size_type) noexcept const': cannot convert 'this' pointer from 'const std::array' to 'const std::array<_Ty,_Size> &'
              C:\SFML-3.0.0\include\SFML\Graphics\Transform.inl(108,21):
              Reason: cannot convert from 'const std::array' to 'const std::array<_Ty,_Size>'
              C:\SFML-3.0.0\include\SFML\Graphics\Transform.inl(108,21):
              Conversion requires a second user-defined-conversion operator or constructor
      C:\Program Files\Microsoft Visual Studio\2022\Community\VC\Tools\MSVC\14.44.35207\include\array(529,39):
      or       '_Ty &std::array<_Ty,_Size>::operator [](std::array<_Ty,_Size>::size_type) noexcept'
          C:\SFML-3.0.0\include\SFML\Graphics\Transform.inl(108,21):
          '_Ty &std::array<_Ty,_Size>::operator [](std::array<_Ty,_Size>::size_type) noexcept': cannot convert 'this' pointer from 'const std::array' to 'std::array<_Ty,_Size> &'
              C:\SFML-3.0.0\include\SFML\Graphics\Transform.inl(108,21):
              Reason: cannot convert from 'const std::array' to 'std::array<_Ty,_Size>'
              C:\SFML-3.0.0\include\SFML\Graphics\Transform.inl(108,21):
              Conversion requires a second user-defined-conversion operator or constructor
      C:\SFML-3.0.0\include\SFML\Graphics\Transform.inl(108,21):
      while trying to match the argument list '(const std::array, int)'
  
C:\SFML-3.0.0\include\SFML\Graphics\Transform.inl(110,40): error C2662: 'std::array<_Ty,_Size>::size_type std::array<_Ty,_Size>::size(void) noexcept const': cannot convert 'this' pointer from 'const std::array' to 'const std::array<_Ty,_Size> &'
  (compiling source file 'DrumVisualiser.cpp')
      C:\SFML-3.0.0\include\SFML\Graphics\Transform.inl(110,33):
      Reason: cannot convert from 'const std::array' to 'const std::array<_Ty,_Size>'
      C:\SFML-3.0.0\include\SFML\Graphics\Transform.inl(110,33):
      Conversion requires a second user-defined-conversion operator or constructor
      C:\Program Files\Microsoft Visual Studio\2022\Community\VC\Tools\MSVC\14.44.35207\include\array(501,59):
      see declaration of 'std::array<_Ty,_Size>::size'
      C:\SFML-3.0.0\include\SFML\Graphics\Transform.inl(110,40):
      while trying to match the argument list '()'
  
C:\SFML-3.0.0\include\SFML\Graphics\Transform.inl(113,18): error C2678: binary '[': no operator found which takes a left-hand operand of type 'const std::array' (or there is no acceptable conversion)
  (compiling source file 'DrumVisualiser.cpp')
      C:\Program Files\Microsoft Visual Studio\2022\Community\VC\Tools\MSVC\14.44.35207\include\array(537,42):
      could be 'const _Ty &std::array<_Ty,_Size>::operator [](std::array<_Ty,_Size>::size_type) noexcept const'
          C:\SFML-3.0.0\include\SFML\Graphics\Transform.inl(113,18):
          'const _Ty &std::array<_Ty,_Size>::operator [](std::array<_Ty,_Size>::size_type) noexcept const': cannot convert 'this' pointer from 'const std::array' to 'const std::array<_Ty,_Size> &'
              C:\SFML-3.0.0\include\SFML\Graphics\Transform.inl(113,18):
              Reason: cannot convert from 'const std::array' to 'const std::array<_Ty,_Size>'
              C:\SFML-3.0.0\include\SFML\Graphics\Transform.inl(113,18):
              Conversion requires a second user-defined-conversion operator or constructor
      C:\Program Files\Microsoft Visual Studio\2022\Community\VC\Tools\MSVC\14.44.35207\include\array(529,39):
      or       '_Ty &std::array<_Ty,_Size>::operator [](std::array<_Ty,_Size>::size_type) noexcept'
          C:\SFML-3.0.0\include\SFML\Graphics\Transform.inl(113,18):
          '_Ty &std::array<_Ty,_Size>::operator [](std::array<_Ty,_Size>::size_type) noexcept': cannot convert 'this' pointer from 'const std::array' to 'std::array<_Ty,_Size> &'
              C:\SFML-3.0.0\include\SFML\Graphics\Transform.inl(113,18):
              Reason: cannot convert from 'const std::array' to 'std::array<_Ty,_Size>'
              C:\SFML-3.0.0\include\SFML\Graphics\Transform.inl(113,18):
              Conversion requires a second user-defined-conversion operator or constructor
      C:\SFML-3.0.0\include\SFML\Graphics\Transform.inl(113,18):
      while trying to match the argument list '(const std::array, size_t)'
  
C:\SFML-3.0.0\include\SFML\Graphics\Transform.inl(113,49): error C2678: binary '[': no operator found which takes a left-hand operand of type 'const std::array' (or there is no acceptable conversion)
  (compiling source file 'DrumVisualiser.cpp')
      C:\Program Files\Microsoft Visual Studio\2022\Community\VC\Tools\MSVC\14.44.35207\include\array(537,42):
      could be 'const _Ty &std::array<_Ty,_Size>::operator [](std::array<_Ty,_Size>::size_type) noexcept const'
          C:\SFML-3.0.0\include\SFML\Graphics\Transform.inl(113,49):
          'const _Ty &std::array<_Ty,_Size>::operator [](std::array<_Ty,_Size>::size_type) noexcept const': cannot convert 'this' pointer from 'const std::array' to 'const std::array<_Ty,_Size> &'
              C:\SFML-3.0.0\include\SFML\Graphics\Transform.inl(113,49):
              Reason: cannot convert from 'const std::array' to 'const std::array<_Ty,_Size>'
              C:\SFML-3.0.0\include\SFML\Graphics\Transform.inl(113,49):
              Conversion requires a second user-defined-conversion operator or constructor
      C:\Program Files\Microsoft Visual Studio\2022\Community\VC\Tools\MSVC\14.44.35207\include\array(529,39):
      or       '_Ty &std::array<_Ty,_Size>::operator [](std::array<_Ty,_Size>::size_type) noexcept'
          C:\SFML-3.0.0\include\SFML\Graphics\Transform.inl(113,49):
          '_Ty &std::array<_Ty,_Size>::operator [](std::array<_Ty,_Size>::size_type) noexcept': cannot convert 'this' pointer from 'const std::array' to 'std::array<_Ty,_Size> &'
              C:\SFML-3.0.0\include\SFML\Graphics\Transform.inl(113,49):
              Reason: cannot convert from 'const std::array' to 'std::array<_Ty,_Size>'
              C:\SFML-3.0.0\include\SFML\Graphics\Transform.inl(113,49):
              Conversion requires a second user-defined-conversion operator or constructor
      C:\SFML-3.0.0\include\SFML\Graphics\Transform.inl(113,49):
      while trying to match the argument list '(const std::array, size_t)'
  
C:\SFML-3.0.0\include\SFML\Graphics\Transform.inl(114,18): error C2678: binary '[': no operator found which takes a left-hand operand of type 'const std::array' (or there is no acceptable conversion)
  (compiling source file 'DrumVisualiser.cpp')
      C:\Program Files\Microsoft Visual Studio\2022\Community\VC\Tools\MSVC\14.44.35207\include\array(537,42):
      could be 'const _Ty &std::array<_Ty,_Size>::operator [](std::array<_Ty,_Size>::size_type) noexcept const'
          C:\SFML-3.0.0\include\SFML\Graphics\Transform.inl(114,18):
          'const _Ty &std::array<_Ty,_Size>::operator [](std::array<_Ty,_Size>::size_type) noexcept const': cannot convert 'this' pointer from 'const std::array' to 'const std::array<_Ty,_Size> &'
              C:\SFML-3.0.0\include\SFML\Graphics\Transform.inl(114,18):
              Reason: cannot convert from 'const std::array' to 'const std::array<_Ty,_Size>'
              C:\SFML-3.0.0\include\SFML\Graphics\Transform.inl(114,18):
              Conversion requires a second user-defined-conversion operator or constructor
      C:\Program Files\Microsoft Visual Studio\2022\Community\VC\Tools\MSVC\14.44.35207\include\array(529,39):
      or       '_Ty &std::array<_Ty,_Size>::operator [](std::array<_Ty,_Size>::size_type) noexcept'
          C:\SFML-3.0.0\include\SFML\Graphics\Transform.inl(114,18):
          '_Ty &std::array<_Ty,_Size>::operator [](std::array<_Ty,_Size>::size_type) noexcept': cannot convert 'this' pointer from 'const std::array' to 'std::array<_Ty,_Size> &'
              C:\SFML-3.0.0\include\SFML\Graphics\Transform.inl(114,18):
              Reason: cannot convert from 'const std::array' to 'std::array<_Ty,_Size>'
              C:\SFML-3.0.0\include\SFML\Graphics\Transform.inl(114,18):
              Conversion requires a second user-defined-conversion operator or constructor
      C:\SFML-3.0.0\include\SFML\Graphics\Transform.inl(114,18):
      while trying to match the argument list '(const std::array, size_t)'
  
C:\SFML-3.0.0\include\SFML\Graphics\Transform.inl(114,49): error C2678: binary '[': no operator found which takes a left-hand operand of type 'const std::array' (or there is no acceptable conversion)
  (compiling source file 'DrumVisualiser.cpp')
      C:\Program Files\Microsoft Visual Studio\2022\Community\VC\Tools\MSVC\14.44.35207\include\array(537,42):
      could be 'const _Ty &std::array<_Ty,_Size>::operator [](std::array<_Ty,_Size>::size_type) noexcept const'
          C:\SFML-3.0.0\include\SFML\Graphics\Transform.inl(114,49):
          'const _Ty &std::array<_Ty,_Size>::operator [](std::array<_Ty,_Size>::size_type) noexcept const': cannot convert 'this' pointer from 'const std::array' to 'const std::array<_Ty,_Size> &'
              C:\SFML-3.0.0\include\SFML\Graphics\Transform.inl(114,49):
              Reason: cannot convert from 'const std::array' to 'const std::array<_Ty,_Size>'
              C:\SFML-3.0.0\include\SFML\Graphics\Transform.inl(114,49):
              Conversion requires a second user-defined-conversion operator or constructor
      C:\Program Files\Microsoft Visual Studio\2022\Community\VC\Tools\MSVC\14.44.35207\include\array(529,39):
      or       '_Ty &std::array<_Ty,_Size>::operator [](std::array<_Ty,_Size>::size_type) noexcept'
          C:\SFML-3.0.0\include\SFML\Graphics\Transform.inl(114,49):
          '_Ty &std::array<_Ty,_Size>::operator [](std::array<_Ty,_Size>::size_type) noexcept': cannot convert 'this' pointer from 'const std::array' to 'std::array<_Ty,_Size> &'
              C:\SFML-3.0.0\include\SFML\Graphics\Transform.inl(114,49):
              Reason: cannot convert from 'const std::array' to 'std::array<_Ty,_Size>'
              C:\SFML-3.0.0\include\SFML\Graphics\Transform.inl(114,49):
              Conversion requires a second user-defined-conversion operator or constructor
      C:\SFML-3.0.0\include\SFML\Graphics\Transform.inl(114,49):
      while trying to match the argument list '(const std::array, size_t)'
  
C:\SFML-3.0.0\include\SFML\Graphics\Transform.inl(116,18): error C2678: binary '[': no operator found which takes a left-hand operand of type 'const std::array' (or there is no acceptable conversion)
  (compiling source file 'DrumVisualiser.cpp')
      C:\Program Files\Microsoft Visual Studio\2022\Community\VC\Tools\MSVC\14.44.35207\include\array(537,42):
      could be 'const _Ty &std::array<_Ty,_Size>::operator [](std::array<_Ty,_Size>::size_type) noexcept const'
          C:\SFML-3.0.0\include\SFML\Graphics\Transform.inl(116,18):
          'const _Ty &std::array<_Ty,_Size>::operator [](std::array<_Ty,_Size>::size_type) noexcept const': cannot convert 'this' pointer from 'const std::array' to 'const std::array<_Ty,_Size> &'
              C:\SFML-3.0.0\include\SFML\Graphics\Transform.inl(116,18):
              Reason: cannot convert from 'const std::array' to 'const std::array<_Ty,_Size>'
              C:\SFML-3.0.0\include\SFML\Graphics\Transform.inl(116,18):
              Conversion requires a second user-defined-conversion operator or constructor
      C:\Program Files\Microsoft Visual Studio\2022\Community\VC\Tools\MSVC\14.44.35207\include\array(529,39):
      or       '_Ty &std::array<_Ty,_Size>::operator [](std::array<_Ty,_Size>::size_type) noexcept'
          C:\SFML-3.0.0\include\SFML\Graphics\Transform.inl(116,18):
          '_Ty &std::array<_Ty,_Size>::operator [](std::array<_Ty,_Size>::size_type) noexcept': cannot convert 'this' pointer from 'const std::array' to 'std::array<_Ty,_Size> &'
              C:\SFML-3.0.0\include\SFML\Graphics\Transform.inl(116,18):
              Reason: cannot convert from 'const std::array' to 'std::array<_Ty,_Size>'
              C:\SFML-3.0.0\include\SFML\Graphics\Transform.inl(116,18):
              Conversion requires a second user-defined-conversion operator or constructor
      C:\SFML-3.0.0\include\SFML\Graphics\Transform.inl(116,18):
      while trying to match the argument list '(const std::array, size_t)'
  
C:\SFML-3.0.0\include\SFML\Graphics\Transform.inl(116,49): error C2678: binary '[': no operator found which takes a left-hand operand of type 'const std::array' (or there is no acceptable conversion)
  (compiling source file 'DrumVisualiser.cpp')
      C:\Program Files\Microsoft Visual Studio\2022\Community\VC\Tools\MSVC\14.44.35207\include\array(537,42):
      could be 'const _Ty &std::array<_Ty,_Size>::operator [](std::array<_Ty,_Size>::size_type) noexcept const'
          C:\SFML-3.0.0\include\SFML\Graphics\Transform.inl(116,49):
          'const _Ty &std::array<_Ty,_Size>::operator [](std::array<_Ty,_Size>::size_type) noexcept const': cannot convert 'this' pointer from 'const std::array' to 'const std::array<_Ty,_Size> &'
              C:\SFML-3.0.0\include\SFML\Graphics\Transform.inl(116,49):
              Reason: cannot convert from 'const std::array' to 'const std::array<_Ty,_Size>'
              C:\SFML-3.0.0\include\SFML\Graphics\Transform.inl(116,49):
              Conversion requires a second user-defined-conversion operator or constructor
      C:\Program Files\Microsoft Visual Studio\2022\Community\VC\Tools\MSVC\14.44.35207\include\array(529,39):
      or       '_Ty &std::array<_Ty,_Size>::operator [](std::array<_Ty,_Size>::size_type) noexcept'
          C:\SFML-3.0.0\include\SFML\Graphics\Transform.inl(116,49):
          '_Ty &std::array<_Ty,_Size>::operator [](std::array<_Ty,_Size>::size_type) noexcept': cannot convert 'this' pointer from 'const std::array' to 'std::array<_Ty,_Size> &'
              C:\SFML-3.0.0\include\SFML\Graphics\Transform.inl(116,49):
              Reason: cannot convert from 'const std::array' to 'std::array<_Ty,_Size>'
              C:\SFML-3.0.0\include\SFML\Graphics\Transform.inl(116,49):
              Conversion requires a second user-defined-conversion operator or constructor
      C:\SFML-3.0.0\include\SFML\Graphics\Transform.inl(116,49):
      while trying to match the argument list '(const std::array, size_t)'
  
C:\SFML-3.0.0\include\SFML\Graphics\Transform.inl(117,18): error C2678: binary '[': no operator found which takes a left-hand operand of type 'const std::array' (or there is no acceptable conversion)
  (compiling source file 'DrumVisualiser.cpp')
      C:\Program Files\Microsoft Visual Studio\2022\Community\VC\Tools\MSVC\14.44.35207\include\array(537,42):
      could be 'const _Ty &std::array<_Ty,_Size>::operator [](std::array<_Ty,_Size>::size_type) noexcept const'
          C:\SFML-3.0.0\include\SFML\Graphics\Transform.inl(117,18):
          'const _Ty &std::array<_Ty,_Size>::operator [](std::array<_Ty,_Size>::size_type) noexcept const': cannot convert 'this' pointer from 'const std::array' to 'const std::array<_Ty,_Size> &'
              C:\SFML-3.0.0\include\SFML\Graphics\Transform.inl(117,18):
              Reason: cannot convert from 'const std::array' to 'const std::array<_Ty,_Size>'
              C:\SFML-3.0.0\include\SFML\Graphics\Transform.inl(117,18):
              Conversion requires a second user-defined-conversion operator or constructor
      C:\Program Files\Microsoft Visual Studio\2022\Community\VC\Tools\MSVC\14.44.35207\include\array(529,39):
      or       '_Ty &std::array<_Ty,_Size>::operator [](std::array<_Ty,_Size>::size_type) noexcept'
          C:\SFML-3.0.0\include\SFML\Graphics\Transform.inl(117,18):
          '_Ty &std::array<_Ty,_Size>::operator [](std::array<_Ty,_Size>::size_type) noexcept': cannot convert 'this' pointer from 'const std::array' to 'std::array<_Ty,_Size> &'
              C:\SFML-3.0.0\include\SFML\Graphics\Transform.inl(117,18):
              Reason: cannot convert from 'const std::array' to 'std::array<_Ty,_Size>'
              C:\SFML-3.0.0\include\SFML\Graphics\Transform.inl(117,18):
              Conversion requires a second user-defined-conversion operator or constructor
      C:\SFML-3.0.0\include\SFML\Graphics\Transform.inl(117,18):
      while trying to match the argument list '(const std::array, size_t)'
  
C:\SFML-3.0.0\include\SFML\Graphics\Transform.inl(117,49): error C2678: binary '[': no operator found which takes a left-hand operand of type 'const std::array' (or there is no acceptable conversion)
  (compiling source file 'DrumVisualiser.cpp')
      C:\Program Files\Microsoft Visual Studio\2022\Community\VC\Tools\MSVC\14.44.35207\include\array(537,42):
      could be 'const _Ty &std::array<_Ty,_Size>::operator [](std::array<_Ty,_Size>::size_type) noexcept const'
          C:\SFML-3.0.0\include\SFML\Graphics\Transform.inl(117,49):
          'const _Ty &std::array<_Ty,_Size>::operator [](std::array<_Ty,_Size>::size_type) noexcept const': cannot convert 'this' pointer from 'const std::array' to 'const std::array<_Ty,_Size> &'
              C:\SFML-3.0.0\include\SFML\Graphics\Transform.inl(117,49):
              Reason: cannot convert from 'const std::array' to 'const std::array<_Ty,_Size>'
              C:\SFML-3.0.0\include\SFML\Graphics\Transform.inl(117,49):
              Conversion requires a second user-defined-conversion operator or constructor
      C:\Program Files\Microsoft Visual Studio\2022\Community\VC\Tools\MSVC\14.44.35207\include\array(529,39):
      or       '_Ty &std::array<_Ty,_Size>::operator [](std::array<_Ty,_Size>::size_type) noexcept'
          C:\SFML-3.0.0\include\SFML\Graphics\Transform.inl(117,49):
          '_Ty &std::array<_Ty,_Size>::operator [](std::array<_Ty,_Size>::size_type) noexcept': cannot convert 'this' pointer from 'const std::array' to 'std::array<_Ty,_Size> &'
              C:\SFML-3.0.0\include\SFML\Graphics\Transform.inl(117,49):
              Reason: cannot convert from 'const std::array' to 'std::array<_Ty,_Size>'
              C:\SFML-3.0.0\include\SFML\Graphics\Transform.inl(117,49):
              Conversion requires a second user-defined-conversion operator or constructor
      C:\SFML-3.0.0\include\SFML\Graphics\Transform.inl(117,49):
      while trying to match the argument list '(const std::array, size_t)'
  
C:\SFML-3.0.0\include\SFML\Graphics\Transform.inl(98,32): error C3615: constexpr function 'sf::Transform::transformRect' cannot result in a constant expression
  (compiling source file 'DrumVisualiser.cpp')
      C:\SFML-3.0.0\include\SFML\Graphics\Transform.inl(101,22):
      failure was because type 'const std::array' is not a literal type
      C:\Program Files\Microsoft Visual Studio\2022\Community\VC\Tools\MSVC\14.44.35207\include\array(402,7):
      type 'std::array' is not a literal type because it is not an aggregate type, a closure type, or does not have a constexpr constructor that is not a copy or move constructor
      C:\SFML-3.0.0\include\SFML\Graphics\Transform.inl(110,39):
      failure was caused by call of undefined function or one not declared 'constexpr'
      C:\SFML-3.0.0\include\SFML\Graphics\Transform.inl(110,39):
      see usage of '<declval>'
      C:\SFML-3.0.0\include\SFML\Graphics\Transform.inl(98,32):
      failure was caused by control reaching the end of a constexpr function
  
C:\SFML-3.0.0\include\SFML\Graphics\Transform.inl(234,39): error C7525: inline variables require at least '/std:c++17'
  (compiling source file 'DrumVisualiser.cpp')
  
C:\SFML-3.0.0\include\SFML\Graphics\Rect.hpp(98,34): error C2178: 'sf::Rect<int>::optional' cannot be declared with 'constexpr' specifier
  (compiling source file 'DrumVisualiser.cpp')
  
C:\Program Files\Microsoft Visual Studio\2022\Community\VC\Tools\MSVC\14.44.35207\include\filesystem(12): warning STL4038: The contents of <filesystem> are available only with C++17 or later.
C:\SFML-3.0.0\include\SFML\Graphics\Texture.hpp(114,33): error C2039: 'filesystem': is not a member of 'std'
  (compiling source file 'DrumVisualiser.cpp')
      C:\Program Files\Microsoft Visual Studio\2022\Community\VC\Tools\MSVC\14.44.35207\include\array(19,1):
      see declaration of 'std'
  
C:\SFML-3.0.0\include\SFML\Graphics\Texture.hpp(114,33): error C3083: 'filesystem': the symbol to the left of a '::' must be a type
  (compiling source file 'DrumVisualiser.cpp')
  
C:\SFML-3.0.0\include\SFML\Graphics\Texture.hpp(114,45): error C2039: 'path': is not a member of 'std'
  (compiling source file 'DrumVisualiser.cpp')
      C:\Program Files\Microsoft Visual Studio\2022\Community\VC\Tools\MSVC\14.44.35207\include\array(19,1):
      see declaration of 'std'
  
C:\SFML-3.0.0\include\SFML\Graphics\Texture.hpp(114,22): error C4430: missing type specifier - int assumed. Note: C++ does not support default-int
  (compiling source file 'DrumVisualiser.cpp')
  
C:\SFML-3.0.0\include\SFML\Graphics\Texture.hpp(114,49): error C2143: syntax error: missing ',' before '&'
  (compiling source file 'DrumVisualiser.cpp')
  
C:\SFML-3.0.0\include\SFML\Graphics\Texture.hpp(137,24): error C2039: 'filesystem': is not a member of 'std'
  (compiling source file 'DrumVisualiser.cpp')
      C:\Program Files\Microsoft Visual Studio\2022\Community\VC\Tools\MSVC\14.44.35207\include\array(19,1):
      see declaration of 'std'
  
C:\SFML-3.0.0\include\SFML\Graphics\Texture.hpp(137,24): error C3083: 'filesystem': the symbol to the left of a '::' must be a type
  (compiling source file 'DrumVisualiser.cpp')
  
C:\SFML-3.0.0\include\SFML\Graphics\Texture.hpp(137,36): error C2039: 'path': is not a member of 'std'
  (compiling source file 'DrumVisualiser.cpp')
      C:\Program Files\Microsoft Visual Studio\2022\Community\VC\Tools\MSVC\14.44.35207\include\array(19,1):
      see declaration of 'std'
  
C:\SFML-3.0.0\include\SFML\Graphics\Texture.hpp(137,13): error C4430: missing type specifier - int assumed. Note: C++ does not support default-int
  (compiling source file 'DrumVisualiser.cpp')
  
C:\SFML-3.0.0\include\SFML\Graphics\Texture.hpp(137,40): error C2143: syntax error: missing ',' before '&'
  (compiling source file 'DrumVisualiser.cpp')
  
C:\SFML-3.0.0\include\SFML\Graphics\Texture.hpp(137,5): error C2535: 'sf::Texture::Texture(const int)': member function already defined or declared
  (compiling source file 'DrumVisualiser.cpp')
      C:\SFML-3.0.0\include\SFML\Graphics\Texture.hpp(114,5):
      see declaration of 'sf::Texture::Texture'
  
C:\SFML-3.0.0\include\SFML\Graphics\Texture.hpp(304,48): error C2039: 'filesystem': is not a member of 'std'
  (compiling source file 'DrumVisualiser.cpp')
      C:\Program Files\Microsoft Visual Studio\2022\Community\VC\Tools\MSVC\14.44.35207\include\array(19,1):
      see declaration of 'std'
  
C:\SFML-3.0.0\include\SFML\Graphics\Texture.hpp(304,48): error C3083: 'filesystem': the symbol to the left of a '::' must be a type
  (compiling source file 'DrumVisualiser.cpp')
  
C:\SFML-3.0.0\include\SFML\Graphics\Texture.hpp(304,60): error C2039: 'path': is not a member of 'std'
  (compiling source file 'DrumVisualiser.cpp')
      C:\Program Files\Microsoft Visual Studio\2022\Community\VC\Tools\MSVC\14.44.35207\include\array(19,1):
      see declaration of 'std'
  
C:\SFML-3.0.0\include\SFML\Graphics\Texture.hpp(304,37): error C4430: missing type specifier - int assumed. Note: C++ does not support default-int
  (compiling source file 'DrumVisualiser.cpp')
  
C:\SFML-3.0.0\include\SFML\Graphics\Texture.hpp(304,64): error C2143: syntax error: missing ',' before '&'
  (compiling source file 'DrumVisualiser.cpp')
  
C:\SFML-3.0.0\include\SFML\Graphics\Texture.hpp(304,117): error C2143: syntax error: missing ')' before '{'
  (compiling source file 'DrumVisualiser.cpp')
  
C:\SFML-3.0.0\include\SFML\Graphics\Texture.hpp(304,119): error C2059: syntax error: ')'
  (compiling source file 'DrumVisualiser.cpp')
  
C:\SFML-3.0.0\include\SFML\Graphics\Font.hpp(103,30): error C2039: 'filesystem': is not a member of 'std'
  (compiling source file 'DrumVisualiser.cpp')
      C:\Program Files\Microsoft Visual Studio\2022\Community\VC\Tools\MSVC\14.44.35207\include\unordered_map(23,1):
      see declaration of 'std'
  
C:\SFML-3.0.0\include\SFML\Graphics\Font.hpp(103,30): error C3083: 'filesystem': the symbol to the left of a '::' must be a type
  (compiling source file 'DrumVisualiser.cpp')
  
C:\SFML-3.0.0\include\SFML\Graphics\Font.hpp(103,42): error C2039: 'path': is not a member of 'std'
  (compiling source file 'DrumVisualiser.cpp')
      C:\Program Files\Microsoft Visual Studio\2022\Community\VC\Tools\MSVC\14.44.35207\include\unordered_map(23,1):
      see declaration of 'std'
  
C:\SFML-3.0.0\include\SFML\Graphics\Font.hpp(103,19): error C4430: missing type specifier - int assumed. Note: C++ does not support default-int
  (compiling source file 'DrumVisualiser.cpp')
  
C:\SFML-3.0.0\include\SFML\Graphics\Font.hpp(103,46): error C2143: syntax error: missing ',' before '&'
  (compiling source file 'DrumVisualiser.cpp')
  
C:\SFML-3.0.0\include\SFML\Graphics\Font.hpp(168,48): error C2039: 'filesystem': is not a member of 'std'
  (compiling source file 'DrumVisualiser.cpp')
      C:\Program Files\Microsoft Visual Studio\2022\Community\VC\Tools\MSVC\14.44.35207\include\unordered_map(23,1):
      see declaration of 'std'
  
C:\SFML-3.0.0\include\SFML\Graphics\Font.hpp(168,48): error C3083: 'filesystem': the symbol to the left of a '::' must be a type
  (compiling source file 'DrumVisualiser.cpp')
  
C:\SFML-3.0.0\include\SFML\Graphics\Font.hpp(168,60): error C2039: 'path': is not a member of 'std'
  (compiling source file 'DrumVisualiser.cpp')
      C:\Program Files\Microsoft Visual Studio\2022\Community\VC\Tools\MSVC\14.44.35207\include\unordered_map(23,1):
      see declaration of 'std'
  
C:\SFML-3.0.0\include\SFML\Graphics\Font.hpp(168,37): error C4430: missing type specifier - int assumed. Note: C++ does not support default-int
  (compiling source file 'DrumVisualiser.cpp')
  
C:\SFML-3.0.0\include\SFML\Graphics\Font.hpp(168,64): error C2143: syntax error: missing ',' before '&'
  (compiling source file 'DrumVisualiser.cpp')
  
C:\Program Files\Microsoft Visual Studio\2022\Community\VC\Tools\MSVC\14.44.35207\include\string_view(12): warning STL4038: The contents of <string_view> are available only with C++17 or later.
C:\SFML-3.0.0\include\SFML\Graphics\Image.hpp(103,31): error C2039: 'filesystem': is not a member of 'std'
  (compiling source file 'DrumVisualiser.cpp')
      C:\Program Files\Microsoft Visual Studio\2022\Community\VC\Tools\MSVC\14.44.35207\include\unordered_map(23,1):
      see declaration of 'std'
  
C:\SFML-3.0.0\include\SFML\Graphics\Image.hpp(103,31): error C3083: 'filesystem': the symbol to the left of a '::' must be a type
  (compiling source file 'DrumVisualiser.cpp')
  
C:\SFML-3.0.0\include\SFML\Graphics\Image.hpp(103,43): error C2039: 'path': is not a member of 'std'
  (compiling source file 'DrumVisualiser.cpp')
      C:\Program Files\Microsoft Visual Studio\2022\Community\VC\Tools\MSVC\14.44.35207\include\unordered_map(23,1):
      see declaration of 'std'
  
C:\SFML-3.0.0\include\SFML\Graphics\Image.hpp(103,20): error C4430: missing type specifier - int assumed. Note: C++ does not support default-int
  (compiling source file 'DrumVisualiser.cpp')
  
C:\SFML-3.0.0\include\SFML\Graphics\Image.hpp(103,47): error C2143: syntax error: missing ',' before '&'
  (compiling source file 'DrumVisualiser.cpp')
  
C:\SFML-3.0.0\include\SFML\Graphics\Image.hpp(175,48): error C2039: 'filesystem': is not a member of 'std'
  (compiling source file 'DrumVisualiser.cpp')
      C:\Program Files\Microsoft Visual Studio\2022\Community\VC\Tools\MSVC\14.44.35207\include\unordered_map(23,1):
      see declaration of 'std'
  
C:\SFML-3.0.0\include\SFML\Graphics\Image.hpp(175,48): error C3083: 'filesystem': the symbol to the left of a '::' must be a type
  (compiling source file 'DrumVisualiser.cpp')
  
C:\SFML-3.0.0\include\SFML\Graphics\Image.hpp(175,60): error C2039: 'path': is not a member of 'std'
  (compiling source file 'DrumVisualiser.cpp')
      C:\Program Files\Microsoft Visual Studio\2022\Community\VC\Tools\MSVC\14.44.35207\include\unordered_map(23,1):
      see declaration of 'std'
  
C:\SFML-3.0.0\include\SFML\Graphics\Image.hpp(175,37): error C4430: missing type specifier - int assumed. Note: C++ does not support default-int
  (compiling source file 'DrumVisualiser.cpp')
  
C:\SFML-3.0.0\include\SFML\Graphics\Image.hpp(175,64): error C2143: syntax error: missing ',' before '&'
  (compiling source file 'DrumVisualiser.cpp')
  
C:\SFML-3.0.0\include\SFML\Graphics\Image.hpp(227,46): error C2039: 'filesystem': is not a member of 'std'
  (compiling source file 'DrumVisualiser.cpp')
      C:\Program Files\Microsoft Visual Studio\2022\Community\VC\Tools\MSVC\14.44.35207\include\unordered_map(23,1):
      see declaration of 'std'
  
C:\SFML-3.0.0\include\SFML\Graphics\Image.hpp(227,46): error C3083: 'filesystem': the symbol to the left of a '::' must be a type
  (compiling source file 'DrumVisualiser.cpp')
  
C:\SFML-3.0.0\include\SFML\Graphics\Image.hpp(227,58): error C2039: 'path': is not a member of 'std'
  (compiling source file 'DrumVisualiser.cpp')
      C:\Program Files\Microsoft Visual Studio\2022\Community\VC\Tools\MSVC\14.44.35207\include\unordered_map(23,1):
      see declaration of 'std'
  
C:\SFML-3.0.0\include\SFML\Graphics\Image.hpp(227,58): error C1003: error count exceeds 100; stopping compilation
  (compiling source file 'DrumVisualiser.cpp')
  
  Game.cpp
C:\SFML-3.0.0\include\SFML\Graphics\Color.inl(75,17): error C3615: constexpr function 'sf::operator +' cannot result in a constant expression
  (compiling source file 'Game.cpp')
      C:\SFML-3.0.0\include\SFML\Graphics\Color.inl(77,16):
      failure was because type 'const sf::+::<lambda_16287c72c63b32e0a9fa1270f38e4b81>' is not a literal type
      C:\SFML-3.0.0\include\SFML\Graphics\Color.inl(81,5):
      type 'sf::+::<lambda_16287c72c63b32e0a9fa1270f38e4b81>' is not a literal type because it is not an aggregate type, a closure type, or does not have a constexpr constructor that is not a copy or move constructor
  
C:\SFML-3.0.0\include\SFML\Graphics\Color.inl(91,17): error C3615: constexpr function 'sf::operator -' cannot result in a constant expression
  (compiling source file 'Game.cpp')
      C:\SFML-3.0.0\include\SFML\Graphics\Color.inl(93,16):
      failure was because type 'const sf::-::<lambda_306030dfce25397b9816ce24c68c04f0>' is not a literal type
      C:\SFML-3.0.0\include\SFML\Graphics\Color.inl(97,5):
      type 'sf::-::<lambda_306030dfce25397b9816ce24c68c04f0>' is not a literal type because it is not an aggregate type, a closure type, or does not have a constexpr constructor that is not a copy or move constructor
  
C:\SFML-3.0.0\include\SFML\Graphics\Color.inl(107,17): error C3615: constexpr function 'sf::operator *' cannot result in a constant expression
  (compiling source file 'Game.cpp')
      C:\SFML-3.0.0\include\SFML\Graphics\Color.inl(109,16):
      failure was because type 'const sf::*::<lambda_1570e60a8275d4bb357b66a7fbaafc0b>' is not a literal type
      C:\SFML-3.0.0\include\SFML\Graphics\Color.inl(113,5):
      type 'sf::*::<lambda_1570e60a8275d4bb357b66a7fbaafc0b>' is not a literal type because it is not an aggregate type, a closure type, or does not have a constexpr constructor that is not a copy or move constructor
  
C:\SFML-3.0.0\include\SFML\Graphics\Color.inl(146,31): error C7525: inline variables require at least '/std:c++17'
  (compiling source file 'Game.cpp')
  
C:\SFML-3.0.0\include\SFML\Graphics\Color.inl(147,31): error C7525: inline variables require at least '/std:c++17'
  (compiling source file 'Game.cpp')
  
C:\SFML-3.0.0\include\SFML\Graphics\Color.inl(148,31): error C7525: inline variables require at least '/std:c++17'
  (compiling source file 'Game.cpp')
  
C:\SFML-3.0.0\include\SFML\Graphics\Color.inl(149,31): error C7525: inline variables require at least '/std:c++17'
  (compiling source file 'Game.cpp')
  
C:\SFML-3.0.0\include\SFML\Graphics\Color.inl(150,31): error C7525: inline variables require at least '/std:c++17'
  (compiling source file 'Game.cpp')
  
C:\SFML-3.0.0\include\SFML\Graphics\Color.inl(151,31): error C7525: inline variables require at least '/std:c++17'
  (compiling source file 'Game.cpp')
  
C:\SFML-3.0.0\include\SFML\Graphics\Color.inl(152,31): error C7525: inline variables require at least '/std:c++17'
  (compiling source file 'Game.cpp')
  
C:\SFML-3.0.0\include\SFML\Graphics\Color.inl(153,31): error C7525: inline variables require at least '/std:c++17'
  (compiling source file 'Game.cpp')
  
C:\SFML-3.0.0\include\SFML\Graphics\Color.inl(154,31): error C7525: inline variables require at least '/std:c++17'
  (compiling source file 'Game.cpp')
  
C:\SFML-3.0.0\include\SFML\System\Angle.inl(272,31): error C7525: inline variables require at least '/std:c++17'
  (compiling source file 'Game.cpp')
  
C:\Program Files\Microsoft Visual Studio\2022\Community\VC\Tools\MSVC\14.44.35207\include\optional(11): warning STL4038: The contents of <optional> are available only with C++17 or later.
C:\SFML-3.0.0\include\SFML\Graphics\Rect.hpp(98,42): error C2143: syntax error: missing ';' before '<'
  (compiling source file 'Game.cpp')
      C:\SFML-3.0.0\include\SFML\Graphics\Rect.hpp(98,42):
      the template instantiation context (the oldest one first) is
          C:\SFML-3.0.0\include\SFML\Graphics\Rect.hpp(42,7):
          while compiling class template 'sf::Rect'
  
C:\SFML-3.0.0\include\SFML\Graphics\Rect.hpp(98,34): error C4430: missing type specifier - int assumed. Note: C++ does not support default-int
  (compiling source file 'Game.cpp')
  
C:\SFML-3.0.0\include\SFML\Graphics\Rect.hpp(98,34): error C2178: 'sf::Rect<T>::optional' cannot be declared with 'constexpr' specifier
  (compiling source file 'Game.cpp')
  
C:\SFML-3.0.0\include\SFML\Graphics\Rect.hpp(98,5): warning C4869: 'nodiscard' may only be applied to classes, enumerations, and functions
  (compiling source file 'Game.cpp')
  
C:\SFML-3.0.0\include\SFML\Graphics\Rect.hpp(98,100): error C2238: unexpected token(s) preceding ';'
  (compiling source file 'Game.cpp')
  
C:\SFML-3.0.0\include\SFML\Graphics\Rect.inl(71,16): error C2039: 'optional': is not a member of 'std'
  (compiling source file 'Game.cpp')
      C:\Program Files\Microsoft Visual Studio\2022\Community\VC\Tools\MSVC\14.44.35207\include\yvals.h(361,1):
      see declaration of 'std'
  
C:\SFML-3.0.0\include\SFML\Graphics\Rect.inl(71,24): error C2988: unrecognizable template declaration/definition
  (compiling source file 'Game.cpp')
  
C:\SFML-3.0.0\include\SFML\Graphics\Rect.inl(71,24): error C2143: syntax error: missing ';' before '<'
  (compiling source file 'Game.cpp')
  
C:\SFML-3.0.0\include\SFML\Graphics\Rect.inl(71,16): error C4430: missing type specifier - int assumed. Note: C++ does not support default-int
  (compiling source file 'Game.cpp')
  
C:\SFML-3.0.0\include\SFML\Graphics\Rect.inl(71,24): error C2059: syntax error: '<'
  (compiling source file 'Game.cpp')
  
C:\SFML-3.0.0\include\SFML\Graphics\Rect.inl(71,30): error C2065: 'T': undeclared identifier
  (compiling source file 'Game.cpp')
  
C:\SFML-3.0.0\include\SFML\Graphics\Rect.inl(71,25): error C2923: 'sf::Rect': 'T' is not a valid template type argument for parameter 'T'
  (compiling source file 'Game.cpp')
      C:\SFML-3.0.0\include\SFML\Graphics\Rect.inl(71,30):
      see declaration of 'T'
  
C:\SFML-3.0.0\include\SFML\Graphics\Rect.inl(71,39): error C2065: 'T': undeclared identifier
  (compiling source file 'Game.cpp')
  
C:\SFML-3.0.0\include\SFML\Graphics\Rect.inl(71,34): error C2923: 'sf::Rect': 'T' is not a valid template type argument for parameter 'T'
  (compiling source file 'Game.cpp')
      C:\SFML-3.0.0\include\SFML\Graphics\Rect.inl(71,39):
      see declaration of 'T'
  
C:\SFML-3.0.0\include\SFML\Graphics\Rect.inl(71,71): error C2065: 'T': undeclared identifier
  (compiling source file 'Game.cpp')
  
C:\SFML-3.0.0\include\SFML\Graphics\Rect.inl(71,66): error C2923: 'sf::Rect': 'T' is not a valid template type argument for parameter 'T'
  (compiling source file 'Game.cpp')
      C:\SFML-3.0.0\include\SFML\Graphics\Rect.inl(71,71):
      see declaration of 'T'
  
C:\SFML-3.0.0\include\SFML\Graphics\Rect.inl(72,1): error C2143: syntax error: missing ';' before '{'
  (compiling source file 'Game.cpp')
  
C:\SFML-3.0.0\include\SFML\Graphics\Rect.inl(72,1): error C2447: '{': missing function header (old-style formal list?)
  (compiling source file 'Game.cpp')
  
C:\SFML-3.0.0\include\SFML\Graphics\Transform.inl(52,35): error C3615: constexpr function 'sf::Transform::getMatrix' cannot result in a constant expression
  (compiling source file 'Game.cpp')
      C:\SFML-3.0.0\include\SFML\Graphics\Transform.inl(54,25):
      failure was caused by call of undefined function or one not declared 'constexpr'
      C:\SFML-3.0.0\include\SFML\Graphics\Transform.inl(54,25):
      see usage of 'std::array<float,16>::data'
  
C:\SFML-3.0.0\include\SFML\Graphics\Rect.hpp(98,34): error C2039: 'optional': is not a member of 'std'
  (compiling source file 'Game.cpp')
      C:\Program Files\Microsoft Visual Studio\2022\Community\VC\Tools\MSVC\14.44.35207\include\array(19,1):
      see declaration of 'std'
      C:\SFML-3.0.0\include\SFML\Graphics\Rect.hpp(98,34):
      the template instantiation context (the oldest one first) is
          C:\SFML-3.0.0\include\SFML\Graphics\Transform.inl(98,32):
          see reference to class template instantiation 'sf::Rect<float>' being compiled
  
C:\SFML-3.0.0\include\SFML\Graphics\Rect.hpp(98,34): error C2178: 'sf::Rect<float>::optional' cannot be declared with 'constexpr' specifier
  (compiling source file 'Game.cpp')
  
C:\SFML-3.0.0\include\SFML\Graphics\Transform.inl(101,31): error C2514: 'std::array': class template cannot be constructed
  (compiling source file 'Game.cpp')
      C:\Program Files\Microsoft Visual Studio\2022\Community\VC\Tools\MSVC\14.44.35207\include\array(402,7):
      see declaration of 'std::array'
  
C:\SFML-3.0.0\include\SFML\Graphics\Transform.inl(107,21): error C2678: binary '[': no operator found which takes a left-hand operand of type 'const std::array' (or there is no acceptable conversion)
  (compiling source file 'Game.cpp')
      C:\Program Files\Microsoft Visual Studio\2022\Community\VC\Tools\MSVC\14.44.35207\include\array(537,42):
      could be 'const _Ty &std::array<_Ty,_Size>::operator [](std::array<_Ty,_Size>::size_type) noexcept const'
          C:\SFML-3.0.0\include\SFML\Graphics\Transform.inl(107,21):
          'const _Ty &std::array<_Ty,_Size>::operator [](std::array<_Ty,_Size>::size_type) noexcept const': cannot convert 'this' pointer from 'const std::array' to 'const std::array<_Ty,_Size> &'
              C:\SFML-3.0.0\include\SFML\Graphics\Transform.inl(107,21):
              Reason: cannot convert from 'const std::array' to 'const std::array<_Ty,_Size>'
              C:\SFML-3.0.0\include\SFML\Graphics\Transform.inl(107,21):
              Conversion requires a second user-defined-conversion operator or constructor
      C:\Program Files\Microsoft Visual Studio\2022\Community\VC\Tools\MSVC\14.44.35207\include\array(529,39):
      or       '_Ty &std::array<_Ty,_Size>::operator [](std::array<_Ty,_Size>::size_type) noexcept'
          C:\SFML-3.0.0\include\SFML\Graphics\Transform.inl(107,21):
          '_Ty &std::array<_Ty,_Size>::operator [](std::array<_Ty,_Size>::size_type) noexcept': cannot convert 'this' pointer from 'const std::array' to 'std::array<_Ty,_Size> &'
              C:\SFML-3.0.0\include\SFML\Graphics\Transform.inl(107,21):
              Reason: cannot convert from 'const std::array' to 'std::array<_Ty,_Size>'
              C:\SFML-3.0.0\include\SFML\Graphics\Transform.inl(107,21):
              Conversion requires a second user-defined-conversion operator or constructor
      C:\SFML-3.0.0\include\SFML\Graphics\Transform.inl(107,21):
      while trying to match the argument list '(const std::array, int)'
  
C:\SFML-3.0.0\include\SFML\Graphics\Transform.inl(108,21): error C2678: binary '[': no operator found which takes a left-hand operand of type 'const std::array' (or there is no acceptable conversion)
  (compiling source file 'Game.cpp')
      C:\Program Files\Microsoft Visual Studio\2022\Community\VC\Tools\MSVC\14.44.35207\include\array(537,42):
      could be 'const _Ty &std::array<_Ty,_Size>::operator [](std::array<_Ty,_Size>::size_type) noexcept const'
          C:\SFML-3.0.0\include\SFML\Graphics\Transform.inl(108,21):
          'const _Ty &std::array<_Ty,_Size>::operator [](std::array<_Ty,_Size>::size_type) noexcept const': cannot convert 'this' pointer from 'const std::array' to 'const std::array<_Ty,_Size> &'
              C:\SFML-3.0.0\include\SFML\Graphics\Transform.inl(108,21):
              Reason: cannot convert from 'const std::array' to 'const std::array<_Ty,_Size>'
              C:\SFML-3.0.0\include\SFML\Graphics\Transform.inl(108,21):
              Conversion requires a second user-defined-conversion operator or constructor
      C:\Program Files\Microsoft Visual Studio\2022\Community\VC\Tools\MSVC\14.44.35207\include\array(529,39):
      or       '_Ty &std::array<_Ty,_Size>::operator [](std::array<_Ty,_Size>::size_type) noexcept'
          C:\SFML-3.0.0\include\SFML\Graphics\Transform.inl(108,21):
          '_Ty &std::array<_Ty,_Size>::operator [](std::array<_Ty,_Size>::size_type) noexcept': cannot convert 'this' pointer from 'const std::array' to 'std::array<_Ty,_Size> &'
              C:\SFML-3.0.0\include\SFML\Graphics\Transform.inl(108,21):
              Reason: cannot convert from 'const std::array' to 'std::array<_Ty,_Size>'
              C:\SFML-3.0.0\include\SFML\Graphics\Transform.inl(108,21):
              Conversion requires a second user-defined-conversion operator or constructor
      C:\SFML-3.0.0\include\SFML\Graphics\Transform.inl(108,21):
      while trying to match the argument list '(const std::array, int)'
  
C:\SFML-3.0.0\include\SFML\Graphics\Transform.inl(110,40): error C2662: 'std::array<_Ty,_Size>::size_type std::array<_Ty,_Size>::size(void) noexcept const': cannot convert 'this' pointer from 'const std::array' to 'const std::array<_Ty,_Size> &'
  (compiling source file 'Game.cpp')
      C:\SFML-3.0.0\include\SFML\Graphics\Transform.inl(110,33):
      Reason: cannot convert from 'const std::array' to 'const std::array<_Ty,_Size>'
      C:\SFML-3.0.0\include\SFML\Graphics\Transform.inl(110,33):
      Conversion requires a second user-defined-conversion operator or constructor
      C:\Program Files\Microsoft Visual Studio\2022\Community\VC\Tools\MSVC\14.44.35207\include\array(501,59):
      see declaration of 'std::array<_Ty,_Size>::size'
      C:\SFML-3.0.0\include\SFML\Graphics\Transform.inl(110,40):
      while trying to match the argument list '()'
  
C:\SFML-3.0.0\include\SFML\Graphics\Transform.inl(113,18): error C2678: binary '[': no operator found which takes a left-hand operand of type 'const std::array' (or there is no acceptable conversion)
  (compiling source file 'Game.cpp')
      C:\Program Files\Microsoft Visual Studio\2022\Community\VC\Tools\MSVC\14.44.35207\include\array(537,42):
      could be 'const _Ty &std::array<_Ty,_Size>::operator [](std::array<_Ty,_Size>::size_type) noexcept const'
          C:\SFML-3.0.0\include\SFML\Graphics\Transform.inl(113,18):
          'const _Ty &std::array<_Ty,_Size>::operator [](std::array<_Ty,_Size>::size_type) noexcept const': cannot convert 'this' pointer from 'const std::array' to 'const std::array<_Ty,_Size> &'
              C:\SFML-3.0.0\include\SFML\Graphics\Transform.inl(113,18):
              Reason: cannot convert from 'const std::array' to 'const std::array<_Ty,_Size>'
              C:\SFML-3.0.0\include\SFML\Graphics\Transform.inl(113,18):
              Conversion requires a second user-defined-conversion operator or constructor
      C:\Program Files\Microsoft Visual Studio\2022\Community\VC\Tools\MSVC\14.44.35207\include\array(529,39):
      or       '_Ty &std::array<_Ty,_Size>::operator [](std::array<_Ty,_Size>::size_type) noexcept'
          C:\SFML-3.0.0\include\SFML\Graphics\Transform.inl(113,18):
          '_Ty &std::array<_Ty,_Size>::operator [](std::array<_Ty,_Size>::size_type) noexcept': cannot convert 'this' pointer from 'const std::array' to 'std::array<_Ty,_Size> &'
              C:\SFML-3.0.0\include\SFML\Graphics\Transform.inl(113,18):
              Reason: cannot convert from 'const std::array' to 'std::array<_Ty,_Size>'
              C:\SFML-3.0.0\include\SFML\Graphics\Transform.inl(113,18):
              Conversion requires a second user-defined-conversion operator or constructor
      C:\SFML-3.0.0\include\SFML\Graphics\Transform.inl(113,18):
      while trying to match the argument list '(const std::array, size_t)'
  
C:\SFML-3.0.0\include\SFML\Graphics\Transform.inl(113,49): error C2678: binary '[': no operator found which takes a left-hand operand of type 'const std::array' (or there is no acceptable conversion)
  (compiling source file 'Game.cpp')
      C:\Program Files\Microsoft Visual Studio\2022\Community\VC\Tools\MSVC\14.44.35207\include\array(537,42):
      could be 'const _Ty &std::array<_Ty,_Size>::operator [](std::array<_Ty,_Size>::size_type) noexcept const'
          C:\SFML-3.0.0\include\SFML\Graphics\Transform.inl(113,49):
          'const _Ty &std::array<_Ty,_Size>::operator [](std::array<_Ty,_Size>::size_type) noexcept const': cannot convert 'this' pointer from 'const std::array' to 'const std::array<_Ty,_Size> &'
              C:\SFML-3.0.0\include\SFML\Graphics\Transform.inl(113,49):
              Reason: cannot convert from 'const std::array' to 'const std::array<_Ty,_Size>'
              C:\SFML-3.0.0\include\SFML\Graphics\Transform.inl(113,49):
              Conversion requires a second user-defined-conversion operator or constructor
      C:\Program Files\Microsoft Visual Studio\2022\Community\VC\Tools\MSVC\14.44.35207\include\array(529,39):
      or       '_Ty &std::array<_Ty,_Size>::operator [](std::array<_Ty,_Size>::size_type) noexcept'
          C:\SFML-3.0.0\include\SFML\Graphics\Transform.inl(113,49):
          '_Ty &std::array<_Ty,_Size>::operator [](std::array<_Ty,_Size>::size_type) noexcept': cannot convert 'this' pointer from 'const std::array' to 'std::array<_Ty,_Size> &'
              C:\SFML-3.0.0\include\SFML\Graphics\Transform.inl(113,49):
              Reason: cannot convert from 'const std::array' to 'std::array<_Ty,_Size>'
              C:\SFML-3.0.0\include\SFML\Graphics\Transform.inl(113,49):
              Conversion requires a second user-defined-conversion operator or constructor
      C:\SFML-3.0.0\include\SFML\Graphics\Transform.inl(113,49):
      while trying to match the argument list '(const std::array, size_t)'
  
C:\SFML-3.0.0\include\SFML\Graphics\Transform.inl(114,18): error C2678: binary '[': no operator found which takes a left-hand operand of type 'const std::array' (or there is no acceptable conversion)
  (compiling source file 'Game.cpp')
      C:\Program Files\Microsoft Visual Studio\2022\Community\VC\Tools\MSVC\14.44.35207\include\array(537,42):
      could be 'const _Ty &std::array<_Ty,_Size>::operator [](std::array<_Ty,_Size>::size_type) noexcept const'
          C:\SFML-3.0.0\include\SFML\Graphics\Transform.inl(114,18):
          'const _Ty &std::array<_Ty,_Size>::operator [](std::array<_Ty,_Size>::size_type) noexcept const': cannot convert 'this' pointer from 'const std::array' to 'const std::array<_Ty,_Size> &'
              C:\SFML-3.0.0\include\SFML\Graphics\Transform.inl(114,18):
              Reason: cannot convert from 'const std::array' to 'const std::array<_Ty,_Size>'
              C:\SFML-3.0.0\include\SFML\Graphics\Transform.inl(114,18):
              Conversion requires a second user-defined-conversion operator or constructor
      C:\Program Files\Microsoft Visual Studio\2022\Community\VC\Tools\MSVC\14.44.35207\include\array(529,39):
      or       '_Ty &std::array<_Ty,_Size>::operator [](std::array<_Ty,_Size>::size_type) noexcept'
          C:\SFML-3.0.0\include\SFML\Graphics\Transform.inl(114,18):
          '_Ty &std::array<_Ty,_Size>::operator [](std::array<_Ty,_Size>::size_type) noexcept': cannot convert 'this' pointer from 'const std::array' to 'std::array<_Ty,_Size> &'
              C:\SFML-3.0.0\include\SFML\Graphics\Transform.inl(114,18):
              Reason: cannot convert from 'const std::array' to 'std::array<_Ty,_Size>'
              C:\SFML-3.0.0\include\SFML\Graphics\Transform.inl(114,18):
              Conversion requires a second user-defined-conversion operator or constructor
      C:\SFML-3.0.0\include\SFML\Graphics\Transform.inl(114,18):
      while trying to match the argument list '(const std::array, size_t)'
  
C:\SFML-3.0.0\include\SFML\Graphics\Transform.inl(114,49): error C2678: binary '[': no operator found which takes a left-hand operand of type 'const std::array' (or there is no acceptable conversion)
  (compiling source file 'Game.cpp')
      C:\Program Files\Microsoft Visual Studio\2022\Community\VC\Tools\MSVC\14.44.35207\include\array(537,42):
      could be 'const _Ty &std::array<_Ty,_Size>::operator [](std::array<_Ty,_Size>::size_type) noexcept const'
          C:\SFML-3.0.0\include\SFML\Graphics\Transform.inl(114,49):
          'const _Ty &std::array<_Ty,_Size>::operator [](std::array<_Ty,_Size>::size_type) noexcept const': cannot convert 'this' pointer from 'const std::array' to 'const std::array<_Ty,_Size> &'
              C:\SFML-3.0.0\include\SFML\Graphics\Transform.inl(114,49):
              Reason: cannot convert from 'const std::array' to 'const std::array<_Ty,_Size>'
              C:\SFML-3.0.0\include\SFML\Graphics\Transform.inl(114,49):
              Conversion requires a second user-defined-conversion operator or constructor
      C:\Program Files\Microsoft Visual Studio\2022\Community\VC\Tools\MSVC\14.44.35207\include\array(529,39):
      or       '_Ty &std::array<_Ty,_Size>::operator [](std::array<_Ty,_Size>::size_type) noexcept'
          C:\SFML-3.0.0\include\SFML\Graphics\Transform.inl(114,49):
          '_Ty &std::array<_Ty,_Size>::operator [](std::array<_Ty,_Size>::size_type) noexcept': cannot convert 'this' pointer from 'const std::array' to 'std::array<_Ty,_Size> &'
              C:\SFML-3.0.0\include\SFML\Graphics\Transform.inl(114,49):
              Reason: cannot convert from 'const std::array' to 'std::array<_Ty,_Size>'
              C:\SFML-3.0.0\include\SFML\Graphics\Transform.inl(114,49):
              Conversion requires a second user-defined-conversion operator or constructor
      C:\SFML-3.0.0\include\SFML\Graphics\Transform.inl(114,49):
      while trying to match the argument list '(const std::array, size_t)'
  
C:\SFML-3.0.0\include\SFML\Graphics\Transform.inl(116,18): error C2678: binary '[': no operator found which takes a left-hand operand of type 'const std::array' (or there is no acceptable conversion)
  (compiling source file 'Game.cpp')
      C:\Program Files\Microsoft Visual Studio\2022\Community\VC\Tools\MSVC\14.44.35207\include\array(537,42):
      could be 'const _Ty &std::array<_Ty,_Size>::operator [](std::array<_Ty,_Size>::size_type) noexcept const'
          C:\SFML-3.0.0\include\SFML\Graphics\Transform.inl(116,18):
          'const _Ty &std::array<_Ty,_Size>::operator [](std::array<_Ty,_Size>::size_type) noexcept const': cannot convert 'this' pointer from 'const std::array' to 'const std::array<_Ty,_Size> &'
              C:\SFML-3.0.0\include\SFML\Graphics\Transform.inl(116,18):
              Reason: cannot convert from 'const std::array' to 'const std::array<_Ty,_Size>'
              C:\SFML-3.0.0\include\SFML\Graphics\Transform.inl(116,18):
              Conversion requires a second user-defined-conversion operator or constructor
      C:\Program Files\Microsoft Visual Studio\2022\Community\VC\Tools\MSVC\14.44.35207\include\array(529,39):
      or       '_Ty &std::array<_Ty,_Size>::operator [](std::array<_Ty,_Size>::size_type) noexcept'
          C:\SFML-3.0.0\include\SFML\Graphics\Transform.inl(116,18):
          '_Ty &std::array<_Ty,_Size>::operator [](std::array<_Ty,_Size>::size_type) noexcept': cannot convert 'this' pointer from 'const std::array' to 'std::array<_Ty,_Size> &'
              C:\SFML-3.0.0\include\SFML\Graphics\Transform.inl(116,18):
              Reason: cannot convert from 'const std::array' to 'std::array<_Ty,_Size>'
              C:\SFML-3.0.0\include\SFML\Graphics\Transform.inl(116,18):
              Conversion requires a second user-defined-conversion operator or constructor
      C:\SFML-3.0.0\include\SFML\Graphics\Transform.inl(116,18):
      while trying to match the argument list '(const std::array, size_t)'
  
C:\SFML-3.0.0\include\SFML\Graphics\Transform.inl(116,49): error C2678: binary '[': no operator found which takes a left-hand operand of type 'const std::array' (or there is no acceptable conversion)
  (compiling source file 'Game.cpp')
      C:\Program Files\Microsoft Visual Studio\2022\Community\VC\Tools\MSVC\14.44.35207\include\array(537,42):
      could be 'const _Ty &std::array<_Ty,_Size>::operator [](std::array<_Ty,_Size>::size_type) noexcept const'
          C:\SFML-3.0.0\include\SFML\Graphics\Transform.inl(116,49):
          'const _Ty &std::array<_Ty,_Size>::operator [](std::array<_Ty,_Size>::size_type) noexcept const': cannot convert 'this' pointer from 'const std::array' to 'const std::array<_Ty,_Size> &'
              C:\SFML-3.0.0\include\SFML\Graphics\Transform.inl(116,49):
              Reason: cannot convert from 'const std::array' to 'const std::array<_Ty,_Size>'
              C:\SFML-3.0.0\include\SFML\Graphics\Transform.inl(116,49):
              Conversion requires a second user-defined-conversion operator or constructor
      C:\Program Files\Microsoft Visual Studio\2022\Community\VC\Tools\MSVC\14.44.35207\include\array(529,39):
      or       '_Ty &std::array<_Ty,_Size>::operator [](std::array<_Ty,_Size>::size_type) noexcept'
          C:\SFML-3.0.0\include\SFML\Graphics\Transform.inl(116,49):
          '_Ty &std::array<_Ty,_Size>::operator [](std::array<_Ty,_Size>::size_type) noexcept': cannot convert 'this' pointer from 'const std::array' to 'std::array<_Ty,_Size> &'
              C:\SFML-3.0.0\include\SFML\Graphics\Transform.inl(116,49):
              Reason: cannot convert from 'const std::array' to 'std::array<_Ty,_Size>'
              C:\SFML-3.0.0\include\SFML\Graphics\Transform.inl(116,49):
              Conversion requires a second user-defined-conversion operator or constructor
      C:\SFML-3.0.0\include\SFML\Graphics\Transform.inl(116,49):
      while trying to match the argument list '(const std::array, size_t)'
  
C:\SFML-3.0.0\include\SFML\Graphics\Transform.inl(117,18): error C2678: binary '[': no operator found which takes a left-hand operand of type 'const std::array' (or there is no acceptable conversion)
  (compiling source file 'Game.cpp')
      C:\Program Files\Microsoft Visual Studio\2022\Community\VC\Tools\MSVC\14.44.35207\include\array(537,42):
      could be 'const _Ty &std::array<_Ty,_Size>::operator [](std::array<_Ty,_Size>::size_type) noexcept const'
          C:\SFML-3.0.0\include\SFML\Graphics\Transform.inl(117,18):
          'const _Ty &std::array<_Ty,_Size>::operator [](std::array<_Ty,_Size>::size_type) noexcept const': cannot convert 'this' pointer from 'const std::array' to 'const std::array<_Ty,_Size> &'
              C:\SFML-3.0.0\include\SFML\Graphics\Transform.inl(117,18):
              Reason: cannot convert from 'const std::array' to 'const std::array<_Ty,_Size>'
              C:\SFML-3.0.0\include\SFML\Graphics\Transform.inl(117,18):
              Conversion requires a second user-defined-conversion operator or constructor
      C:\Program Files\Microsoft Visual Studio\2022\Community\VC\Tools\MSVC\14.44.35207\include\array(529,39):
      or       '_Ty &std::array<_Ty,_Size>::operator [](std::array<_Ty,_Size>::size_type) noexcept'
          C:\SFML-3.0.0\include\SFML\Graphics\Transform.inl(117,18):
          '_Ty &std::array<_Ty,_Size>::operator [](std::array<_Ty,_Size>::size_type) noexcept': cannot convert 'this' pointer from 'const std::array' to 'std::array<_Ty,_Size> &'
              C:\SFML-3.0.0\include\SFML\Graphics\Transform.inl(117,18):
              Reason: cannot convert from 'const std::array' to 'std::array<_Ty,_Size>'
              C:\SFML-3.0.0\include\SFML\Graphics\Transform.inl(117,18):
              Conversion requires a second user-defined-conversion operator or constructor
      C:\SFML-3.0.0\include\SFML\Graphics\Transform.inl(117,18):
      while trying to match the argument list '(const std::array, size_t)'
  
C:\SFML-3.0.0\include\SFML\Graphics\Transform.inl(117,49): error C2678: binary '[': no operator found which takes a left-hand operand of type 'const std::array' (or there is no acceptable conversion)
  (compiling source file 'Game.cpp')
      C:\Program Files\Microsoft Visual Studio\2022\Community\VC\Tools\MSVC\14.44.35207\include\array(537,42):
      could be 'const _Ty &std::array<_Ty,_Size>::operator [](std::array<_Ty,_Size>::size_type) noexcept const'
          C:\SFML-3.0.0\include\SFML\Graphics\Transform.inl(117,49):
          'const _Ty &std::array<_Ty,_Size>::operator [](std::array<_Ty,_Size>::size_type) noexcept const': cannot convert 'this' pointer from 'const std::array' to 'const std::array<_Ty,_Size> &'
              C:\SFML-3.0.0\include\SFML\Graphics\Transform.inl(117,49):
              Reason: cannot convert from 'const std::array' to 'const std::array<_Ty,_Size>'
              C:\SFML-3.0.0\include\SFML\Graphics\Transform.inl(117,49):
              Conversion requires a second user-defined-conversion operator or constructor
      C:\Program Files\Microsoft Visual Studio\2022\Community\VC\Tools\MSVC\14.44.35207\include\array(529,39):
      or       '_Ty &std::array<_Ty,_Size>::operator [](std::array<_Ty,_Size>::size_type) noexcept'
          C:\SFML-3.0.0\include\SFML\Graphics\Transform.inl(117,49):
          '_Ty &std::array<_Ty,_Size>::operator [](std::array<_Ty,_Size>::size_type) noexcept': cannot convert 'this' pointer from 'const std::array' to 'std::array<_Ty,_Size> &'
              C:\SFML-3.0.0\include\SFML\Graphics\Transform.inl(117,49):
              Reason: cannot convert from 'const std::array' to 'std::array<_Ty,_Size>'
              C:\SFML-3.0.0\include\SFML\Graphics\Transform.inl(117,49):
              Conversion requires a second user-defined-conversion operator or constructor
      C:\SFML-3.0.0\include\SFML\Graphics\Transform.inl(117,49):
      while trying to match the argument list '(const std::array, size_t)'
  
C:\SFML-3.0.0\include\SFML\Graphics\Transform.inl(98,32): error C3615: constexpr function 'sf::Transform::transformRect' cannot result in a constant expression
  (compiling source file 'Game.cpp')
      C:\SFML-3.0.0\include\SFML\Graphics\Transform.inl(101,22):
      failure was because type 'const std::array' is not a literal type
      C:\Program Files\Microsoft Visual Studio\2022\Community\VC\Tools\MSVC\14.44.35207\include\array(402,7):
      type 'std::array' is not a literal type because it is not an aggregate type, a closure type, or does not have a constexpr constructor that is not a copy or move constructor
      C:\SFML-3.0.0\include\SFML\Graphics\Transform.inl(110,39):
      failure was caused by call of undefined function or one not declared 'constexpr'
      C:\SFML-3.0.0\include\SFML\Graphics\Transform.inl(110,39):
      see usage of '<declval>'
      C:\SFML-3.0.0\include\SFML\Graphics\Transform.inl(98,32):
      failure was caused by control reaching the end of a constexpr function
  
C:\SFML-3.0.0\include\SFML\Graphics\Transform.inl(234,39): error C7525: inline variables require at least '/std:c++17'
  (compiling source file 'Game.cpp')
  
C:\SFML-3.0.0\include\SFML\Graphics\Rect.hpp(98,34): error C2178: 'sf::Rect<int>::optional' cannot be declared with 'constexpr' specifier
  (compiling source file 'Game.cpp')
  
C:\Program Files\Microsoft Visual Studio\2022\Community\VC\Tools\MSVC\14.44.35207\include\filesystem(12): warning STL4038: The contents of <filesystem> are available only with C++17 or later.
C:\SFML-3.0.0\include\SFML\Graphics\Texture.hpp(114,33): error C2039: 'filesystem': is not a member of 'std'
  (compiling source file 'Game.cpp')
      C:\Program Files\Microsoft Visual Studio\2022\Community\VC\Tools\MSVC\14.44.35207\include\memory(31,1):
      see declaration of 'std'
  
C:\SFML-3.0.0\include\SFML\Graphics\Texture.hpp(114,33): error C3083: 'filesystem': the symbol to the left of a '::' must be a type
  (compiling source file 'Game.cpp')
  
C:\SFML-3.0.0\include\SFML\Graphics\Texture.hpp(114,45): error C2039: 'path': is not a member of 'std'
  (compiling source file 'Game.cpp')
      C:\Program Files\Microsoft Visual Studio\2022\Community\VC\Tools\MSVC\14.44.35207\include\memory(31,1):
      see declaration of 'std'
  
C:\SFML-3.0.0\include\SFML\Graphics\Texture.hpp(114,22): error C4430: missing type specifier - int assumed. Note: C++ does not support default-int
  (compiling source file 'Game.cpp')
  
C:\SFML-3.0.0\include\SFML\Graphics\Texture.hpp(114,49): error C2143: syntax error: missing ',' before '&'
  (compiling source file 'Game.cpp')
  
C:\SFML-3.0.0\include\SFML\Graphics\Texture.hpp(137,24): error C2039: 'filesystem': is not a member of 'std'
  (compiling source file 'Game.cpp')
      C:\Program Files\Microsoft Visual Studio\2022\Community\VC\Tools\MSVC\14.44.35207\include\memory(31,1):
      see declaration of 'std'
  
C:\SFML-3.0.0\include\SFML\Graphics\Texture.hpp(137,24): error C3083: 'filesystem': the symbol to the left of a '::' must be a type
  (compiling source file 'Game.cpp')
  
C:\SFML-3.0.0\include\SFML\Graphics\Texture.hpp(137,36): error C2039: 'path': is not a member of 'std'
  (compiling source file 'Game.cpp')
      C:\Program Files\Microsoft Visual Studio\2022\Community\VC\Tools\MSVC\14.44.35207\include\memory(31,1):
      see declaration of 'std'
  
C:\SFML-3.0.0\include\SFML\Graphics\Texture.hpp(137,13): error C4430: missing type specifier - int assumed. Note: C++ does not support default-int
  (compiling source file 'Game.cpp')
  
C:\SFML-3.0.0\include\SFML\Graphics\Texture.hpp(137,40): error C2143: syntax error: missing ',' before '&'
  (compiling source file 'Game.cpp')
  
C:\SFML-3.0.0\include\SFML\Graphics\Texture.hpp(137,5): error C2535: 'sf::Texture::Texture(const int)': member function already defined or declared
  (compiling source file 'Game.cpp')
      C:\SFML-3.0.0\include\SFML\Graphics\Texture.hpp(114,5):
      see declaration of 'sf::Texture::Texture'
  
C:\SFML-3.0.0\include\SFML\Graphics\Texture.hpp(304,48): error C2039: 'filesystem': is not a member of 'std'
  (compiling source file 'Game.cpp')
      C:\Program Files\Microsoft Visual Studio\2022\Community\VC\Tools\MSVC\14.44.35207\include\memory(31,1):
      see declaration of 'std'
  
C:\SFML-3.0.0\include\SFML\Graphics\Texture.hpp(304,48): error C3083: 'filesystem': the symbol to the left of a '::' must be a type
  (compiling source file 'Game.cpp')
  
C:\SFML-3.0.0\include\SFML\Graphics\Texture.hpp(304,60): error C2039: 'path': is not a member of 'std'
  (compiling source file 'Game.cpp')
      C:\Program Files\Microsoft Visual Studio\2022\Community\VC\Tools\MSVC\14.44.35207\include\memory(31,1):
      see declaration of 'std'
  
C:\SFML-3.0.0\include\SFML\Graphics\Texture.hpp(304,37): error C4430: missing type specifier - int assumed. Note: C++ does not support default-int
  (compiling source file 'Game.cpp')
  
C:\SFML-3.0.0\include\SFML\Graphics\Texture.hpp(304,64): error C2143: syntax error: missing ',' before '&'
  (compiling source file 'Game.cpp')
  
C:\SFML-3.0.0\include\SFML\Graphics\Texture.hpp(304,117): error C2143: syntax error: missing ')' before '{'
  (compiling source file 'Game.cpp')
  
C:\SFML-3.0.0\include\SFML\Graphics\Texture.hpp(304,119): error C2059: syntax error: ')'
  (compiling source file 'Game.cpp')
  
C:\SFML-3.0.0\include\SFML\Graphics\Font.hpp(103,30): error C2039: 'filesystem': is not a member of 'std'
  (compiling source file 'Game.cpp')
      C:\Program Files\Microsoft Visual Studio\2022\Community\VC\Tools\MSVC\14.44.35207\include\unordered_map(23,1):
      see declaration of 'std'
  
C:\SFML-3.0.0\include\SFML\Graphics\Font.hpp(103,30): error C3083: 'filesystem': the symbol to the left of a '::' must be a type
  (compiling source file 'Game.cpp')
  
C:\SFML-3.0.0\include\SFML\Graphics\Font.hpp(103,42): error C2039: 'path': is not a member of 'std'
  (compiling source file 'Game.cpp')
      C:\Program Files\Microsoft Visual Studio\2022\Community\VC\Tools\MSVC\14.44.35207\include\unordered_map(23,1):
      see declaration of 'std'
  
C:\SFML-3.0.0\include\SFML\Graphics\Font.hpp(103,19): error C4430: missing type specifier - int assumed. Note: C++ does not support default-int
  (compiling source file 'Game.cpp')
  
C:\SFML-3.0.0\include\SFML\Graphics\Font.hpp(103,46): error C2143: syntax error: missing ',' before '&'
  (compiling source file 'Game.cpp')
  
C:\SFML-3.0.0\include\SFML\Graphics\Font.hpp(168,48): error C2039: 'filesystem': is not a member of 'std'
  (compiling source file 'Game.cpp')
      C:\Program Files\Microsoft Visual Studio\2022\Community\VC\Tools\MSVC\14.44.35207\include\unordered_map(23,1):
      see declaration of 'std'
  
C:\SFML-3.0.0\include\SFML\Graphics\Font.hpp(168,48): error C3083: 'filesystem': the symbol to the left of a '::' must be a type
  (compiling source file 'Game.cpp')
  
C:\SFML-3.0.0\include\SFML\Graphics\Font.hpp(168,60): error C2039: 'path': is not a member of 'std'
  (compiling source file 'Game.cpp')
      C:\Program Files\Microsoft Visual Studio\2022\Community\VC\Tools\MSVC\14.44.35207\include\unordered_map(23,1):
      see declaration of 'std'
  
C:\SFML-3.0.0\include\SFML\Graphics\Font.hpp(168,37): error C4430: missing type specifier - int assumed. Note: C++ does not support default-int
  (compiling source file 'Game.cpp')
  
C:\SFML-3.0.0\include\SFML\Graphics\Font.hpp(168,64): error C2143: syntax error: missing ',' before '&'
  (compiling source file 'Game.cpp')
  
C:\Program Files\Microsoft Visual Studio\2022\Community\VC\Tools\MSVC\14.44.35207\include\string_view(12): warning STL4038: The contents of <string_view> are available only with C++17 or later.
C:\SFML-3.0.0\include\SFML\Graphics\Image.hpp(103,31): error C2039: 'filesystem': is not a member of 'std'
  (compiling source file 'Game.cpp')
      C:\Program Files\Microsoft Visual Studio\2022\Community\VC\Tools\MSVC\14.44.35207\include\unordered_map(23,1):
      see declaration of 'std'
  
C:\SFML-3.0.0\include\SFML\Graphics\Image.hpp(103,31): error C3083: 'filesystem': the symbol to the left of a '::' must be a type
  (compiling source file 'Game.cpp')
  
C:\SFML-3.0.0\include\SFML\Graphics\Image.hpp(103,43): error C2039: 'path': is not a member of 'std'
  (compiling source file 'Game.cpp')
      C:\Program Files\Microsoft Visual Studio\2022\Community\VC\Tools\MSVC\14.44.35207\include\unordered_map(23,1):
      see declaration of 'std'
  
C:\SFML-3.0.0\include\SFML\Graphics\Image.hpp(103,20): error C4430: missing type specifier - int assumed. Note: C++ does not support default-int
  (compiling source file 'Game.cpp')
  
C:\SFML-3.0.0\include\SFML\Graphics\Image.hpp(103,47): error C2143: syntax error: missing ',' before '&'
  (compiling source file 'Game.cpp')
  
C:\SFML-3.0.0\include\SFML\Graphics\Image.hpp(175,48): error C2039: 'filesystem': is not a member of 'std'
  (compiling source file 'Game.cpp')
      C:\Program Files\Microsoft Visual Studio\2022\Community\VC\Tools\MSVC\14.44.35207\include\unordered_map(23,1):
      see declaration of 'std'
  
C:\SFML-3.0.0\include\SFML\Graphics\Image.hpp(175,48): error C3083: 'filesystem': the symbol to the left of a '::' must be a type
  (compiling source file 'Game.cpp')
  
C:\SFML-3.0.0\include\SFML\Graphics\Image.hpp(175,60): error C2039: 'path': is not a member of 'std'
  (compiling source file 'Game.cpp')
      C:\Program Files\Microsoft Visual Studio\2022\Community\VC\Tools\MSVC\14.44.35207\include\unordered_map(23,1):
      see declaration of 'std'
  
C:\SFML-3.0.0\include\SFML\Graphics\Image.hpp(175,37): error C4430: missing type specifier - int assumed. Note: C++ does not support default-int
  (compiling source file 'Game.cpp')
  
C:\SFML-3.0.0\include\SFML\Graphics\Image.hpp(175,64): error C2143: syntax error: missing ',' before '&'
  (compiling source file 'Game.cpp')
  
C:\SFML-3.0.0\include\SFML\Graphics\Image.hpp(227,46): error C2039: 'filesystem': is not a member of 'std'
  (compiling source file 'Game.cpp')
      C:\Program Files\Microsoft Visual Studio\2022\Community\VC\Tools\MSVC\14.44.35207\include\unordered_map(23,1):
      see declaration of 'std'
  
C:\SFML-3.0.0\include\SFML\Graphics\Image.hpp(227,46): error C3083: 'filesystem': the symbol to the left of a '::' must be a type
  (compiling source file 'Game.cpp')
  
C:\SFML-3.0.0\include\SFML\Graphics\Image.hpp(227,58): error C2039: 'path': is not a member of 'std'
  (compiling source file 'Game.cpp')
      C:\Program Files\Microsoft Visual Studio\2022\Community\VC\Tools\MSVC\14.44.35207\include\unordered_map(23,1):
      see declaration of 'std'
  
C:\SFML-3.0.0\include\SFML\Graphics\Image.hpp(227,58): error C1003: error count exceeds 100; stopping compilation
  (compiling source file 'Game.cpp')
  
  GameOver.cpp
C:\SFML-3.0.0\include\SFML\Graphics\Color.inl(75,17): error C3615: constexpr function 'sf::operator +' cannot result in a constant expression
  (compiling source file 'GameOver.cpp')
      C:\SFML-3.0.0\include\SFML\Graphics\Color.inl(77,16):
      failure was because type 'const sf::+::<lambda_16287c72c63b32e0a9fa1270f38e4b81>' is not a literal type
      C:\SFML-3.0.0\include\SFML\Graphics\Color.inl(81,5):
      type 'sf::+::<lambda_16287c72c63b32e0a9fa1270f38e4b81>' is not a literal type because it is not an aggregate type, a closure type, or does not have a constexpr constructor that is not a copy or move constructor
  
C:\SFML-3.0.0\include\SFML\Graphics\Color.inl(91,17): error C3615: constexpr function 'sf::operator -' cannot result in a constant expression
  (compiling source file 'GameOver.cpp')
      C:\SFML-3.0.0\include\SFML\Graphics\Color.inl(93,16):
      failure was because type 'const sf::-::<lambda_306030dfce25397b9816ce24c68c04f0>' is not a literal type
      C:\SFML-3.0.0\include\SFML\Graphics\Color.inl(97,5):
      type 'sf::-::<lambda_306030dfce25397b9816ce24c68c04f0>' is not a literal type because it is not an aggregate type, a closure type, or does not have a constexpr constructor that is not a copy or move constructor
  
C:\SFML-3.0.0\include\SFML\Graphics\Color.inl(107,17): error C3615: constexpr function 'sf::operator *' cannot result in a constant expression
  (compiling source file 'GameOver.cpp')
      C:\SFML-3.0.0\include\SFML\Graphics\Color.inl(109,16):
      failure was because type 'const sf::*::<lambda_1570e60a8275d4bb357b66a7fbaafc0b>' is not a literal type
      C:\SFML-3.0.0\include\SFML\Graphics\Color.inl(113,5):
      type 'sf::*::<lambda_1570e60a8275d4bb357b66a7fbaafc0b>' is not a literal type because it is not an aggregate type, a closure type, or does not have a constexpr constructor that is not a copy or move constructor
  
C:\SFML-3.0.0\include\SFML\Graphics\Color.inl(146,31): error C7525: inline variables require at least '/std:c++17'
  (compiling source file 'GameOver.cpp')
  
C:\SFML-3.0.0\include\SFML\Graphics\Color.inl(147,31): error C7525: inline variables require at least '/std:c++17'
  (compiling source file 'GameOver.cpp')
  
C:\SFML-3.0.0\include\SFML\Graphics\Color.inl(148,31): error C7525: inline variables require at least '/std:c++17'
  (compiling source file 'GameOver.cpp')
  
C:\SFML-3.0.0\include\SFML\Graphics\Color.inl(149,31): error C7525: inline variables require at least '/std:c++17'
  (compiling source file 'GameOver.cpp')
  
C:\SFML-3.0.0\include\SFML\Graphics\Color.inl(150,31): error C7525: inline variables require at least '/std:c++17'
  (compiling source file 'GameOver.cpp')
  
C:\SFML-3.0.0\include\SFML\Graphics\Color.inl(151,31): error C7525: inline variables require at least '/std:c++17'
  (compiling source file 'GameOver.cpp')
  
C:\SFML-3.0.0\include\SFML\Graphics\Color.inl(152,31): error C7525: inline variables require at least '/std:c++17'
  (compiling source file 'GameOver.cpp')
  
C:\SFML-3.0.0\include\SFML\Graphics\Color.inl(153,31): error C7525: inline variables require at least '/std:c++17'
  (compiling source file 'GameOver.cpp')
  
C:\SFML-3.0.0\include\SFML\Graphics\Color.inl(154,31): error C7525: inline variables require at least '/std:c++17'
  (compiling source file 'GameOver.cpp')
  
C:\SFML-3.0.0\include\SFML\System\Angle.inl(272,31): error C7525: inline variables require at least '/std:c++17'
  (compiling source file 'GameOver.cpp')
  
C:\Program Files\Microsoft Visual Studio\2022\Community\VC\Tools\MSVC\14.44.35207\include\optional(11): warning STL4038: The contents of <optional> are available only with C++17 or later.
C:\SFML-3.0.0\include\SFML\Graphics\Rect.hpp(98,42): error C2143: syntax error: missing ';' before '<'
  (compiling source file 'GameOver.cpp')
      C:\SFML-3.0.0\include\SFML\Graphics\Rect.hpp(98,42):
      the template instantiation context (the oldest one first) is
          C:\SFML-3.0.0\include\SFML\Graphics\Rect.hpp(42,7):
          while compiling class template 'sf::Rect'
  
C:\SFML-3.0.0\include\SFML\Graphics\Rect.hpp(98,34): error C4430: missing type specifier - int assumed. Note: C++ does not support default-int
  (compiling source file 'GameOver.cpp')
  
C:\SFML-3.0.0\include\SFML\Graphics\Rect.hpp(98,34): error C2178: 'sf::Rect<T>::optional' cannot be declared with 'constexpr' specifier
  (compiling source file 'GameOver.cpp')
  
C:\SFML-3.0.0\include\SFML\Graphics\Rect.hpp(98,5): warning C4869: 'nodiscard' may only be applied to classes, enumerations, and functions
  (compiling source file 'GameOver.cpp')
  
C:\SFML-3.0.0\include\SFML\Graphics\Rect.hpp(98,100): error C2238: unexpected token(s) preceding ';'
  (compiling source file 'GameOver.cpp')
  
C:\SFML-3.0.0\include\SFML\Graphics\Rect.inl(71,16): error C2039: 'optional': is not a member of 'std'
  (compiling source file 'GameOver.cpp')
      C:\Program Files\Microsoft Visual Studio\2022\Community\VC\Tools\MSVC\14.44.35207\include\yvals.h(361,1):
      see declaration of 'std'
  
C:\SFML-3.0.0\include\SFML\Graphics\Rect.inl(71,24): error C2988: unrecognizable template declaration/definition
  (compiling source file 'GameOver.cpp')
  
C:\SFML-3.0.0\include\SFML\Graphics\Rect.inl(71,24): error C2143: syntax error: missing ';' before '<'
  (compiling source file 'GameOver.cpp')
  
C:\SFML-3.0.0\include\SFML\Graphics\Rect.inl(71,16): error C4430: missing type specifier - int assumed. Note: C++ does not support default-int
  (compiling source file 'GameOver.cpp')
  
C:\SFML-3.0.0\include\SFML\Graphics\Rect.inl(71,24): error C2059: syntax error: '<'
  (compiling source file 'GameOver.cpp')
  
C:\SFML-3.0.0\include\SFML\Graphics\Rect.inl(71,30): error C2065: 'T': undeclared identifier
  (compiling source file 'GameOver.cpp')
  
C:\SFML-3.0.0\include\SFML\Graphics\Rect.inl(71,25): error C2923: 'sf::Rect': 'T' is not a valid template type argument for parameter 'T'
  (compiling source file 'GameOver.cpp')
      C:\SFML-3.0.0\include\SFML\Graphics\Rect.inl(71,30):
      see declaration of 'T'
  
C:\SFML-3.0.0\include\SFML\Graphics\Rect.inl(71,39): error C2065: 'T': undeclared identifier
  (compiling source file 'GameOver.cpp')
  
C:\SFML-3.0.0\include\SFML\Graphics\Rect.inl(71,34): error C2923: 'sf::Rect': 'T' is not a valid template type argument for parameter 'T'
  (compiling source file 'GameOver.cpp')
      C:\SFML-3.0.0\include\SFML\Graphics\Rect.inl(71,39):
      see declaration of 'T'
  
C:\SFML-3.0.0\include\SFML\Graphics\Rect.inl(71,71): error C2065: 'T': undeclared identifier
  (compiling source file 'GameOver.cpp')
  
C:\SFML-3.0.0\include\SFML\Graphics\Rect.inl(71,66): error C2923: 'sf::Rect': 'T' is not a valid template type argument for parameter 'T'
  (compiling source file 'GameOver.cpp')
      C:\SFML-3.0.0\include\SFML\Graphics\Rect.inl(71,71):
      see declaration of 'T'
  
C:\SFML-3.0.0\include\SFML\Graphics\Rect.inl(72,1): error C2143: syntax error: missing ';' before '{'
  (compiling source file 'GameOver.cpp')
  
C:\SFML-3.0.0\include\SFML\Graphics\Rect.inl(72,1): error C2447: '{': missing function header (old-style formal list?)
  (compiling source file 'GameOver.cpp')
  
C:\SFML-3.0.0\include\SFML\Graphics\Transform.inl(52,35): error C3615: constexpr function 'sf::Transform::getMatrix' cannot result in a constant expression
  (compiling source file 'GameOver.cpp')
      C:\SFML-3.0.0\include\SFML\Graphics\Transform.inl(54,25):
      failure was caused by call of undefined function or one not declared 'constexpr'
      C:\SFML-3.0.0\include\SFML\Graphics\Transform.inl(54,25):
      see usage of 'std::array<float,16>::data'
  
C:\SFML-3.0.0\include\SFML\Graphics\Rect.hpp(98,34): error C2039: 'optional': is not a member of 'std'
  (compiling source file 'GameOver.cpp')
      C:\Program Files\Microsoft Visual Studio\2022\Community\VC\Tools\MSVC\14.44.35207\include\array(19,1):
      see declaration of 'std'
      C:\SFML-3.0.0\include\SFML\Graphics\Rect.hpp(98,34):
      the template instantiation context (the oldest one first) is
          C:\SFML-3.0.0\include\SFML\Graphics\Transform.inl(98,32):
          see reference to class template instantiation 'sf::Rect<float>' being compiled
  
C:\SFML-3.0.0\include\SFML\Graphics\Rect.hpp(98,34): error C2178: 'sf::Rect<float>::optional' cannot be declared with 'constexpr' specifier
  (compiling source file 'GameOver.cpp')
  
C:\SFML-3.0.0\include\SFML\Graphics\Transform.inl(101,31): error C2514: 'std::array': class template cannot be constructed
  (compiling source file 'GameOver.cpp')
      C:\Program Files\Microsoft Visual Studio\2022\Community\VC\Tools\MSVC\14.44.35207\include\array(402,7):
      see declaration of 'std::array'
  
C:\SFML-3.0.0\include\SFML\Graphics\Transform.inl(107,21): error C2678: binary '[': no operator found which takes a left-hand operand of type 'const std::array' (or there is no acceptable conversion)
  (compiling source file 'GameOver.cpp')
      C:\Program Files\Microsoft Visual Studio\2022\Community\VC\Tools\MSVC\14.44.35207\include\array(537,42):
      could be 'const _Ty &std::array<_Ty,_Size>::operator [](std::array<_Ty,_Size>::size_type) noexcept const'
          C:\SFML-3.0.0\include\SFML\Graphics\Transform.inl(107,21):
          'const _Ty &std::array<_Ty,_Size>::operator [](std::array<_Ty,_Size>::size_type) noexcept const': cannot convert 'this' pointer from 'const std::array' to 'const std::array<_Ty,_Size> &'
              C:\SFML-3.0.0\include\SFML\Graphics\Transform.inl(107,21):
              Reason: cannot convert from 'const std::array' to 'const std::array<_Ty,_Size>'
              C:\SFML-3.0.0\include\SFML\Graphics\Transform.inl(107,21):
              Conversion requires a second user-defined-conversion operator or constructor
      C:\Program Files\Microsoft Visual Studio\2022\Community\VC\Tools\MSVC\14.44.35207\include\array(529,39):
      or       '_Ty &std::array<_Ty,_Size>::operator [](std::array<_Ty,_Size>::size_type) noexcept'
          C:\SFML-3.0.0\include\SFML\Graphics\Transform.inl(107,21):
          '_Ty &std::array<_Ty,_Size>::operator [](std::array<_Ty,_Size>::size_type) noexcept': cannot convert 'this' pointer from 'const std::array' to 'std::array<_Ty,_Size> &'
              C:\SFML-3.0.0\include\SFML\Graphics\Transform.inl(107,21):
              Reason: cannot convert from 'const std::array' to 'std::array<_Ty,_Size>'
              C:\SFML-3.0.0\include\SFML\Graphics\Transform.inl(107,21):
              Conversion requires a second user-defined-conversion operator or constructor
      C:\SFML-3.0.0\include\SFML\Graphics\Transform.inl(107,21):
      while trying to match the argument list '(const std::array, int)'
  
C:\SFML-3.0.0\include\SFML\Graphics\Transform.inl(108,21): error C2678: binary '[': no operator found which takes a left-hand operand of type 'const std::array' (or there is no acceptable conversion)
  (compiling source file 'GameOver.cpp')
      C:\Program Files\Microsoft Visual Studio\2022\Community\VC\Tools\MSVC\14.44.35207\include\array(537,42):
      could be 'const _Ty &std::array<_Ty,_Size>::operator [](std::array<_Ty,_Size>::size_type) noexcept const'
          C:\SFML-3.0.0\include\SFML\Graphics\Transform.inl(108,21):
          'const _Ty &std::array<_Ty,_Size>::operator [](std::array<_Ty,_Size>::size_type) noexcept const': cannot convert 'this' pointer from 'const std::array' to 'const std::array<_Ty,_Size> &'
              C:\SFML-3.0.0\include\SFML\Graphics\Transform.inl(108,21):
              Reason: cannot convert from 'const std::array' to 'const std::array<_Ty,_Size>'
              C:\SFML-3.0.0\include\SFML\Graphics\Transform.inl(108,21):
              Conversion requires a second user-defined-conversion operator or constructor
      C:\Program Files\Microsoft Visual Studio\2022\Community\VC\Tools\MSVC\14.44.35207\include\array(529,39):
      or       '_Ty &std::array<_Ty,_Size>::operator [](std::array<_Ty,_Size>::size_type) noexcept'
          C:\SFML-3.0.0\include\SFML\Graphics\Transform.inl(108,21):
          '_Ty &std::array<_Ty,_Size>::operator [](std::array<_Ty,_Size>::size_type) noexcept': cannot convert 'this' pointer from 'const std::array' to 'std::array<_Ty,_Size> &'
              C:\SFML-3.0.0\include\SFML\Graphics\Transform.inl(108,21):
              Reason: cannot convert from 'const std::array' to 'std::array<_Ty,_Size>'
              C:\SFML-3.0.0\include\SFML\Graphics\Transform.inl(108,21):
              Conversion requires a second user-defined-conversion operator or constructor
      C:\SFML-3.0.0\include\SFML\Graphics\Transform.inl(108,21):
      while trying to match the argument list '(const std::array, int)'
  
C:\SFML-3.0.0\include\SFML\Graphics\Transform.inl(110,40): error C2662: 'std::array<_Ty,_Size>::size_type std::array<_Ty,_Size>::size(void) noexcept const': cannot convert 'this' pointer from 'const std::array' to 'const std::array<_Ty,_Size> &'
  (compiling source file 'GameOver.cpp')
      C:\SFML-3.0.0\include\SFML\Graphics\Transform.inl(110,33):
      Reason: cannot convert from 'const std::array' to 'const std::array<_Ty,_Size>'
      C:\SFML-3.0.0\include\SFML\Graphics\Transform.inl(110,33):
      Conversion requires a second user-defined-conversion operator or constructor
      C:\Program Files\Microsoft Visual Studio\2022\Community\VC\Tools\MSVC\14.44.35207\include\array(501,59):
      see declaration of 'std::array<_Ty,_Size>::size'
      C:\SFML-3.0.0\include\SFML\Graphics\Transform.inl(110,40):
      while trying to match the argument list '()'
  
C:\SFML-3.0.0\include\SFML\Graphics\Transform.inl(113,18): error C2678: binary '[': no operator found which takes a left-hand operand of type 'const std::array' (or there is no acceptable conversion)
  (compiling source file 'GameOver.cpp')
      C:\Program Files\Microsoft Visual Studio\2022\Community\VC\Tools\MSVC\14.44.35207\include\array(537,42):
      could be 'const _Ty &std::array<_Ty,_Size>::operator [](std::array<_Ty,_Size>::size_type) noexcept const'
          C:\SFML-3.0.0\include\SFML\Graphics\Transform.inl(113,18):
          'const _Ty &std::array<_Ty,_Size>::operator [](std::array<_Ty,_Size>::size_type) noexcept const': cannot convert 'this' pointer from 'const std::array' to 'const std::array<_Ty,_Size> &'
              C:\SFML-3.0.0\include\SFML\Graphics\Transform.inl(113,18):
              Reason: cannot convert from 'const std::array' to 'const std::array<_Ty,_Size>'
              C:\SFML-3.0.0\include\SFML\Graphics\Transform.inl(113,18):
              Conversion requires a second user-defined-conversion operator or constructor
      C:\Program Files\Microsoft Visual Studio\2022\Community\VC\Tools\MSVC\14.44.35207\include\array(529,39):
      or       '_Ty &std::array<_Ty,_Size>::operator [](std::array<_Ty,_Size>::size_type) noexcept'
          C:\SFML-3.0.0\include\SFML\Graphics\Transform.inl(113,18):
          '_Ty &std::array<_Ty,_Size>::operator [](std::array<_Ty,_Size>::size_type) noexcept': cannot convert 'this' pointer from 'const std::array' to 'std::array<_Ty,_Size> &'
              C:\SFML-3.0.0\include\SFML\Graphics\Transform.inl(113,18):
              Reason: cannot convert from 'const std::array' to 'std::array<_Ty,_Size>'
              C:\SFML-3.0.0\include\SFML\Graphics\Transform.inl(113,18):
              Conversion requires a second user-defined-conversion operator or constructor
      C:\SFML-3.0.0\include\SFML\Graphics\Transform.inl(113,18):
      while trying to match the argument list '(const std::array, size_t)'
  
C:\SFML-3.0.0\include\SFML\Graphics\Transform.inl(113,49): error C2678: binary '[': no operator found which takes a left-hand operand of type 'const std::array' (or there is no acceptable conversion)
  (compiling source file 'GameOver.cpp')
      C:\Program Files\Microsoft Visual Studio\2022\Community\VC\Tools\MSVC\14.44.35207\include\array(537,42):
      could be 'const _Ty &std::array<_Ty,_Size>::operator [](std::array<_Ty,_Size>::size_type) noexcept const'
          C:\SFML-3.0.0\include\SFML\Graphics\Transform.inl(113,49):
          'const _Ty &std::array<_Ty,_Size>::operator [](std::array<_Ty,_Size>::size_type) noexcept const': cannot convert 'this' pointer from 'const std::array' to 'const std::array<_Ty,_Size> &'
              C:\SFML-3.0.0\include\SFML\Graphics\Transform.inl(113,49):
              Reason: cannot convert from 'const std::array' to 'const std::array<_Ty,_Size>'
              C:\SFML-3.0.0\include\SFML\Graphics\Transform.inl(113,49):
              Conversion requires a second user-defined-conversion operator or constructor
      C:\Program Files\Microsoft Visual Studio\2022\Community\VC\Tools\MSVC\14.44.35207\include\array(529,39):
      or       '_Ty &std::array<_Ty,_Size>::operator [](std::array<_Ty,_Size>::size_type) noexcept'
          C:\SFML-3.0.0\include\SFML\Graphics\Transform.inl(113,49):
          '_Ty &std::array<_Ty,_Size>::operator [](std::array<_Ty,_Size>::size_type) noexcept': cannot convert 'this' pointer from 'const std::array' to 'std::array<_Ty,_Size> &'
              C:\SFML-3.0.0\include\SFML\Graphics\Transform.inl(113,49):
              Reason: cannot convert from 'const std::array' to 'std::array<_Ty,_Size>'
              C:\SFML-3.0.0\include\SFML\Graphics\Transform.inl(113,49):
              Conversion requires a second user-defined-conversion operator or constructor
      C:\SFML-3.0.0\include\SFML\Graphics\Transform.inl(113,49):
      while trying to match the argument list '(const std::array, size_t)'
  
C:\SFML-3.0.0\include\SFML\Graphics\Transform.inl(114,18): error C2678: binary '[': no operator found which takes a left-hand operand of type 'const std::array' (or there is no acceptable conversion)
  (compiling source file 'GameOver.cpp')
      C:\Program Files\Microsoft Visual Studio\2022\Community\VC\Tools\MSVC\14.44.35207\include\array(537,42):
      could be 'const _Ty &std::array<_Ty,_Size>::operator [](std::array<_Ty,_Size>::size_type) noexcept const'
          C:\SFML-3.0.0\include\SFML\Graphics\Transform.inl(114,18):
          'const _Ty &std::array<_Ty,_Size>::operator [](std::array<_Ty,_Size>::size_type) noexcept const': cannot convert 'this' pointer from 'const std::array' to 'const std::array<_Ty,_Size> &'
              C:\SFML-3.0.0\include\SFML\Graphics\Transform.inl(114,18):
              Reason: cannot convert from 'const std::array' to 'const std::array<_Ty,_Size>'
              C:\SFML-3.0.0\include\SFML\Graphics\Transform.inl(114,18):
              Conversion requires a second user-defined-conversion operator or constructor
      C:\Program Files\Microsoft Visual Studio\2022\Community\VC\Tools\MSVC\14.44.35207\include\array(529,39):
      or       '_Ty &std::array<_Ty,_Size>::operator [](std::array<_Ty,_Size>::size_type) noexcept'
          C:\SFML-3.0.0\include\SFML\Graphics\Transform.inl(114,18):
          '_Ty &std::array<_Ty,_Size>::operator [](std::array<_Ty,_Size>::size_type) noexcept': cannot convert 'this' pointer from 'const std::array' to 'std::array<_Ty,_Size> &'
              C:\SFML-3.0.0\include\SFML\Graphics\Transform.inl(114,18):
              Reason: cannot convert from 'const std::array' to 'std::array<_Ty,_Size>'
              C:\SFML-3.0.0\include\SFML\Graphics\Transform.inl(114,18):
              Conversion requires a second user-defined-conversion operator or constructor
      C:\SFML-3.0.0\include\SFML\Graphics\Transform.inl(114,18):
      while trying to match the argument list '(const std::array, size_t)'
  
C:\SFML-3.0.0\include\SFML\Graphics\Transform.inl(114,49): error C2678: binary '[': no operator found which takes a left-hand operand of type 'const std::array' (or there is no acceptable conversion)
  (compiling source file 'GameOver.cpp')
      C:\Program Files\Microsoft Visual Studio\2022\Community\VC\Tools\MSVC\14.44.35207\include\array(537,42):
      could be 'const _Ty &std::array<_Ty,_Size>::operator [](std::array<_Ty,_Size>::size_type) noexcept const'
          C:\SFML-3.0.0\include\SFML\Graphics\Transform.inl(114,49):
          'const _Ty &std::array<_Ty,_Size>::operator [](std::array<_Ty,_Size>::size_type) noexcept const': cannot convert 'this' pointer from 'const std::array' to 'const std::array<_Ty,_Size> &'
              C:\SFML-3.0.0\include\SFML\Graphics\Transform.inl(114,49):
              Reason: cannot convert from 'const std::array' to 'const std::array<_Ty,_Size>'
              C:\SFML-3.0.0\include\SFML\Graphics\Transform.inl(114,49):
              Conversion requires a second user-defined-conversion operator or constructor
      C:\Program Files\Microsoft Visual Studio\2022\Community\VC\Tools\MSVC\14.44.35207\include\array(529,39):
      or       '_Ty &std::array<_Ty,_Size>::operator [](std::array<_Ty,_Size>::size_type) noexcept'
          C:\SFML-3.0.0\include\SFML\Graphics\Transform.inl(114,49):
          '_Ty &std::array<_Ty,_Size>::operator [](std::array<_Ty,_Size>::size_type) noexcept': cannot convert 'this' pointer from 'const std::array' to 'std::array<_Ty,_Size> &'
              C:\SFML-3.0.0\include\SFML\Graphics\Transform.inl(114,49):
              Reason: cannot convert from 'const std::array' to 'std::array<_Ty,_Size>'
              C:\SFML-3.0.0\include\SFML\Graphics\Transform.inl(114,49):
              Conversion requires a second user-defined-conversion operator or constructor
      C:\SFML-3.0.0\include\SFML\Graphics\Transform.inl(114,49):
      while trying to match the argument list '(const std::array, size_t)'
  
C:\SFML-3.0.0\include\SFML\Graphics\Transform.inl(116,18): error C2678: binary '[': no operator found which takes a left-hand operand of type 'const std::array' (or there is no acceptable conversion)
  (compiling source file 'GameOver.cpp')
      C:\Program Files\Microsoft Visual Studio\2022\Community\VC\Tools\MSVC\14.44.35207\include\array(537,42):
      could be 'const _Ty &std::array<_Ty,_Size>::operator [](std::array<_Ty,_Size>::size_type) noexcept const'
          C:\SFML-3.0.0\include\SFML\Graphics\Transform.inl(116,18):
          'const _Ty &std::array<_Ty,_Size>::operator [](std::array<_Ty,_Size>::size_type) noexcept const': cannot convert 'this' pointer from 'const std::array' to 'const std::array<_Ty,_Size> &'
              C:\SFML-3.0.0\include\SFML\Graphics\Transform.inl(116,18):
              Reason: cannot convert from 'const std::array' to 'const std::array<_Ty,_Size>'
              C:\SFML-3.0.0\include\SFML\Graphics\Transform.inl(116,18):
              Conversion requires a second user-defined-conversion operator or constructor
      C:\Program Files\Microsoft Visual Studio\2022\Community\VC\Tools\MSVC\14.44.35207\include\array(529,39):
      or       '_Ty &std::array<_Ty,_Size>::operator [](std::array<_Ty,_Size>::size_type) noexcept'
          C:\SFML-3.0.0\include\SFML\Graphics\Transform.inl(116,18):
          '_Ty &std::array<_Ty,_Size>::operator [](std::array<_Ty,_Size>::size_type) noexcept': cannot convert 'this' pointer from 'const std::array' to 'std::array<_Ty,_Size> &'
              C:\SFML-3.0.0\include\SFML\Graphics\Transform.inl(116,18):
              Reason: cannot convert from 'const std::array' to 'std::array<_Ty,_Size>'
              C:\SFML-3.0.0\include\SFML\Graphics\Transform.inl(116,18):
              Conversion requires a second user-defined-conversion operator or constructor
      C:\SFML-3.0.0\include\SFML\Graphics\Transform.inl(116,18):
      while trying to match the argument list '(const std::array, size_t)'
  
C:\SFML-3.0.0\include\SFML\Graphics\Transform.inl(116,49): error C2678: binary '[': no operator found which takes a left-hand operand of type 'const std::array' (or there is no acceptable conversion)
  (compiling source file 'GameOver.cpp')
      C:\Program Files\Microsoft Visual Studio\2022\Community\VC\Tools\MSVC\14.44.35207\include\array(537,42):
      could be 'const _Ty &std::array<_Ty,_Size>::operator [](std::array<_Ty,_Size>::size_type) noexcept const'
          C:\SFML-3.0.0\include\SFML\Graphics\Transform.inl(116,49):
          'const _Ty &std::array<_Ty,_Size>::operator [](std::array<_Ty,_Size>::size_type) noexcept const': cannot convert 'this' pointer from 'const std::array' to 'const std::array<_Ty,_Size> &'
              C:\SFML-3.0.0\include\SFML\Graphics\Transform.inl(116,49):
              Reason: cannot convert from 'const std::array' to 'const std::array<_Ty,_Size>'
              C:\SFML-3.0.0\include\SFML\Graphics\Transform.inl(116,49):
              Conversion requires a second user-defined-conversion operator or constructor
      C:\Program Files\Microsoft Visual Studio\2022\Community\VC\Tools\MSVC\14.44.35207\include\array(529,39):
      or       '_Ty &std::array<_Ty,_Size>::operator [](std::array<_Ty,_Size>::size_type) noexcept'
          C:\SFML-3.0.0\include\SFML\Graphics\Transform.inl(116,49):
          '_Ty &std::array<_Ty,_Size>::operator [](std::array<_Ty,_Size>::size_type) noexcept': cannot convert 'this' pointer from 'const std::array' to 'std::array<_Ty,_Size> &'
              C:\SFML-3.0.0\include\SFML\Graphics\Transform.inl(116,49):
              Reason: cannot convert from 'const std::array' to 'std::array<_Ty,_Size>'
              C:\SFML-3.0.0\include\SFML\Graphics\Transform.inl(116,49):
              Conversion requires a second user-defined-conversion operator or constructor
      C:\SFML-3.0.0\include\SFML\Graphics\Transform.inl(116,49):
      while trying to match the argument list '(const std::array, size_t)'
  
C:\SFML-3.0.0\include\SFML\Graphics\Transform.inl(117,18): error C2678: binary '[': no operator found which takes a left-hand operand of type 'const std::array' (or there is no acceptable conversion)
  (compiling source file 'GameOver.cpp')
      C:\Program Files\Microsoft Visual Studio\2022\Community\VC\Tools\MSVC\14.44.35207\include\array(537,42):
      could be 'const _Ty &std::array<_Ty,_Size>::operator [](std::array<_Ty,_Size>::size_type) noexcept const'
          C:\SFML-3.0.0\include\SFML\Graphics\Transform.inl(117,18):
          'const _Ty &std::array<_Ty,_Size>::operator [](std::array<_Ty,_Size>::size_type) noexcept const': cannot convert 'this' pointer from 'const std::array' to 'const std::array<_Ty,_Size> &'
              C:\SFML-3.0.0\include\SFML\Graphics\Transform.inl(117,18):
              Reason: cannot convert from 'const std::array' to 'const std::array<_Ty,_Size>'
              C:\SFML-3.0.0\include\SFML\Graphics\Transform.inl(117,18):
              Conversion requires a second user-defined-conversion operator or constructor
      C:\Program Files\Microsoft Visual Studio\2022\Community\VC\Tools\MSVC\14.44.35207\include\array(529,39):
      or       '_Ty &std::array<_Ty,_Size>::operator [](std::array<_Ty,_Size>::size_type) noexcept'
          C:\SFML-3.0.0\include\SFML\Graphics\Transform.inl(117,18):
          '_Ty &std::array<_Ty,_Size>::operator [](std::array<_Ty,_Size>::size_type) noexcept': cannot convert 'this' pointer from 'const std::array' to 'std::array<_Ty,_Size> &'
              C:\SFML-3.0.0\include\SFML\Graphics\Transform.inl(117,18):
              Reason: cannot convert from 'const std::array' to 'std::array<_Ty,_Size>'
              C:\SFML-3.0.0\include\SFML\Graphics\Transform.inl(117,18):
              Conversion requires a second user-defined-conversion operator or constructor
      C:\SFML-3.0.0\include\SFML\Graphics\Transform.inl(117,18):
      while trying to match the argument list '(const std::array, size_t)'
  
C:\SFML-3.0.0\include\SFML\Graphics\Transform.inl(117,49): error C2678: binary '[': no operator found which takes a left-hand operand of type 'const std::array' (or there is no acceptable conversion)
  (compiling source file 'GameOver.cpp')
      C:\Program Files\Microsoft Visual Studio\2022\Community\VC\Tools\MSVC\14.44.35207\include\array(537,42):
      could be 'const _Ty &std::array<_Ty,_Size>::operator [](std::array<_Ty,_Size>::size_type) noexcept const'
          C:\SFML-3.0.0\include\SFML\Graphics\Transform.inl(117,49):
          'const _Ty &std::array<_Ty,_Size>::operator [](std::array<_Ty,_Size>::size_type) noexcept const': cannot convert 'this' pointer from 'const std::array' to 'const std::array<_Ty,_Size> &'
              C:\SFML-3.0.0\include\SFML\Graphics\Transform.inl(117,49):
              Reason: cannot convert from 'const std::array' to 'const std::array<_Ty,_Size>'
              C:\SFML-3.0.0\include\SFML\Graphics\Transform.inl(117,49):
              Conversion requires a second user-defined-conversion operator or constructor
      C:\Program Files\Microsoft Visual Studio\2022\Community\VC\Tools\MSVC\14.44.35207\include\array(529,39):
      or       '_Ty &std::array<_Ty,_Size>::operator [](std::array<_Ty,_Size>::size_type) noexcept'
          C:\SFML-3.0.0\include\SFML\Graphics\Transform.inl(117,49):
          '_Ty &std::array<_Ty,_Size>::operator [](std::array<_Ty,_Size>::size_type) noexcept': cannot convert 'this' pointer from 'const std::array' to 'std::array<_Ty,_Size> &'
              C:\SFML-3.0.0\include\SFML\Graphics\Transform.inl(117,49):
              Reason: cannot convert from 'const std::array' to 'std::array<_Ty,_Size>'
              C:\SFML-3.0.0\include\SFML\Graphics\Transform.inl(117,49):
              Conversion requires a second user-defined-conversion operator or constructor
      C:\SFML-3.0.0\include\SFML\Graphics\Transform.inl(117,49):
      while trying to match the argument list '(const std::array, size_t)'
  
C:\SFML-3.0.0\include\SFML\Graphics\Transform.inl(98,32): error C3615: constexpr function 'sf::Transform::transformRect' cannot result in a constant expression
  (compiling source file 'GameOver.cpp')
      C:\SFML-3.0.0\include\SFML\Graphics\Transform.inl(101,22):
      failure was because type 'const std::array' is not a literal type
      C:\Program Files\Microsoft Visual Studio\2022\Community\VC\Tools\MSVC\14.44.35207\include\array(402,7):
      type 'std::array' is not a literal type because it is not an aggregate type, a closure type, or does not have a constexpr constructor that is not a copy or move constructor
      C:\SFML-3.0.0\include\SFML\Graphics\Transform.inl(110,39):
      failure was caused by call of undefined function or one not declared 'constexpr'
      C:\SFML-3.0.0\include\SFML\Graphics\Transform.inl(110,39):
      see usage of '<declval>'
      C:\SFML-3.0.0\include\SFML\Graphics\Transform.inl(98,32):
      failure was caused by control reaching the end of a constexpr function
  
C:\SFML-3.0.0\include\SFML\Graphics\Transform.inl(234,39): error C7525: inline variables require at least '/std:c++17'
  (compiling source file 'GameOver.cpp')
  
C:\SFML-3.0.0\include\SFML\System\Time.inl(282,29): error C7525: inline variables require at least '/std:c++17'
  (compiling source file 'GameOver.cpp')
  
C:\SFML-3.0.0\include\SFML\Window\WindowBase.hpp(226,24): error C2039: 'optional': is not a member of 'std'
  (compiling source file 'GameOver.cpp')
      C:\Program Files\Microsoft Visual Studio\2022\Community\VC\Tools\MSVC\14.44.35207\include\chrono(45,1):
      see declaration of 'std'
  
C:\SFML-3.0.0\include\SFML\Window\WindowBase.hpp(226,32): error C2143: syntax error: missing ';' before '<'
  (compiling source file 'GameOver.cpp')
  
C:\SFML-3.0.0\include\SFML\Window\WindowBase.hpp(226,24): error C4430: missing type specifier - int assumed. Note: C++ does not support default-int
  (compiling source file 'GameOver.cpp')
  
C:\SFML-3.0.0\include\SFML\Window\WindowBase.hpp(226,5): warning C4869: 'nodiscard' may only be applied to classes, enumerations, and functions
  (compiling source file 'GameOver.cpp')
  
C:\SFML-3.0.0\include\SFML\Window\WindowBase.hpp(226,51): error C2238: unexpected token(s) preceding ';'
  (compiling source file 'GameOver.cpp')
  
C:\SFML-3.0.0\include\SFML\Window\WindowBase.hpp(252,24): error C2039: 'optional': is not a member of 'std'
  (compiling source file 'GameOver.cpp')
      C:\Program Files\Microsoft Visual Studio\2022\Community\VC\Tools\MSVC\14.44.35207\include\chrono(45,1):
      see declaration of 'std'
  
C:\SFML-3.0.0\include\SFML\Window\WindowBase.hpp(252,32): error C2143: syntax error: missing ';' before '<'
  (compiling source file 'GameOver.cpp')
  
C:\SFML-3.0.0\include\SFML\Window\WindowBase.hpp(252,24): error C4430: missing type specifier - int assumed. Note: C++ does not support default-int
  (compiling source file 'GameOver.cpp')
  
C:\SFML-3.0.0\include\SFML\Window\WindowBase.hpp(252,5): warning C4869: 'nodiscard' may only be applied to classes, enumerations, and functions
  (compiling source file 'GameOver.cpp')
  
C:\SFML-3.0.0\include\SFML\Window\WindowBase.hpp(252,76): error C2238: unexpected token(s) preceding ';'
  (compiling source file 'GameOver.cpp')
  
C:\SFML-3.0.0\include\SFML\Window\WindowBase.hpp(387,36): error C2039: 'optional': is not a member of 'std'
  (compiling source file 'GameOver.cpp')
      C:\Program Files\Microsoft Visual Studio\2022\Community\VC\Tools\MSVC\14.44.35207\include\chrono(45,1):
      see declaration of 'std'
  
C:\SFML-3.0.0\include\SFML\Window\WindowBase.hpp(387,25): error C4430: missing type specifier - int assumed. Note: C++ does not support default-int
  (compiling source file 'GameOver.cpp')
  
C:\SFML-3.0.0\include\SFML\Window\WindowBase.hpp(387,44): error C2143: syntax error: missing ',' before '<'
  (compiling source file 'GameOver.cpp')
  
C:\SFML-3.0.0\include\SFML\Window\WindowBase.hpp(397,36): error C2039: 'optional': is not a member of 'std'
  (compiling source file 'GameOver.cpp')
      C:\Program Files\Microsoft Visual Studio\2022\Community\VC\Tools\MSVC\14.44.35207\include\chrono(45,1):
      see declaration of 'std'
  
C:\SFML-3.0.0\include\SFML\Window\WindowBase.hpp(397,25): error C4430: missing type specifier - int assumed. Note: C++ does not support default-int
  (compiling source file 'GameOver.cpp')
  
C:\SFML-3.0.0\include\SFML\Window\WindowBase.hpp(397,44): error C2143: syntax error: missing ',' before '<'
  (compiling source file 'GameOver.cpp')
  
C:\SFML-3.0.0\include\SFML\System\String.hpp(102,37): error C7525: inline variables require at least '/std:c++17'
  (compiling source file 'GameOver.cpp')
  
C:\SFML-3.0.0\include\SFML\Window\Joystick.hpp(38,11): error C2429: language feature 'nested-namespace-definition' requires compiler flag '/std:c++17'
  (compiling source file 'GameOver.cpp')
  
C:\SFML-3.0.0\include\SFML\Window\Sensor.hpp(38,11): error C2429: language feature 'nested-namespace-definition' requires compiler flag '/std:c++17'
C:\Program Files\Microsoft Visual Studio\2022\Community\VC\Tools\MSVC\14.44.35207\include\variant(12): warning STL4038: The contents of <variant> are available only with C++17 or later.
  (compiling source file 'GameOver.cpp')
  
C:\SFML-3.0.0\include\SFML\Window\Event.hpp(345,10): error C2039: 'variant': is not a member of 'std'
  (compiling source file 'GameOver.cpp')
      C:\Program Files\Microsoft Visual Studio\2022\Community\VC\Tools\MSVC\14.44.35207\include\string(23,1):
      see declaration of 'std'
  
C:\SFML-3.0.0\include\SFML\Window\Event.hpp(345,17): error C2143: syntax error: missing ';' before '<'
  (compiling source file 'GameOver.cpp')
  
C:\SFML-3.0.0\include\SFML\Window\Event.hpp(345,10): error C4430: missing type specifier - int assumed. Note: C++ does not support default-int
  (compiling source file 'GameOver.cpp')
  
C:\SFML-3.0.0\include\SFML\Window\Event.hpp(368,15): error C2238: unexpected token(s) preceding ';'
  (compiling source file 'GameOver.cpp')
  
C:\SFML-3.0.0\include\SFML\Window\Event.hpp(374,70): error C2039: 'variant': is not a member of 'std'
  (compiling source file 'GameOver.cpp')
      C:\Program Files\Microsoft Visual Studio\2022\Community\VC\Tools\MSVC\14.44.35207\include\string(23,1):
      see declaration of 'std'
  
C:\SFML-3.0.0\include\SFML\Window\Event.hpp(374,59): error C4430: missing type specifier - int assumed. Note: C++ does not support default-int
  (compiling source file 'GameOver.cpp')
  
C:\SFML-3.0.0\include\SFML\Window\Event.hpp(374,77): error C2988: unrecognizable template declaration/definition
  (compiling source file 'GameOver.cpp')
  
C:\SFML-3.0.0\include\SFML\Window\Event.hpp(374,77): error C2143: syntax error: missing ',' before '<'
  (compiling source file 'GameOver.cpp')
  
C:\SFML-3.0.0\include\SFML\Window\WindowBase.inl(41,25): error C7530: applying a pack-expansion to a using-declaration requires at least '/std:c++17'
  (compiling source file 'GameOver.cpp')
      C:\SFML-3.0.0\include\SFML\Window\WindowBase.inl(41,25):
      the template instantiation context (the oldest one first) is
          C:\SFML-3.0.0\include\SFML\Window\WindowBase.inl(39,8):
          while compiling class template 'sf::priv::OverloadSet'
  
C:\SFML-3.0.0\include\SFML\Window\WindowBase.inl(47,15): error C2988: unrecognizable template declaration/definition
  (compiling source file 'GameOver.cpp')
  
C:\SFML-3.0.0\include\SFML\Window\WindowBase.inl(47,15): error C2143: syntax error: missing ')' before '...'
  (compiling source file 'GameOver.cpp')
  
C:\SFML-3.0.0\include\SFML\Window\WindowBase.inl(47,15): error C2143: syntax error: missing ';' before '...'
  (compiling source file 'GameOver.cpp')
  
C:\SFML-3.0.0\include\SFML\Window\WindowBase.inl(47,13): error C2365: 'Ts': redefinition; previous definition was 'template parameter'
  (compiling source file 'GameOver.cpp')
      C:\SFML-3.0.0\include\SFML\Window\WindowBase.inl(46,23):
      see declaration of 'Ts'
  
C:\SFML-3.0.0\include\SFML\Window\WindowBase.inl(47,18): error C2059: syntax error: ')'
  (compiling source file 'GameOver.cpp')
  
C:\SFML-3.0.0\include\SFML\Window\WindowBase.inl(47,20): error C2988: unrecognizable template declaration/definition
  (compiling source file 'GameOver.cpp')
  
C:\SFML-3.0.0\include\SFML\Window\WindowBase.inl(47,20): error C2059: syntax error: '->'
  (compiling source file 'GameOver.cpp')
  
C:\SFML-3.0.0\include\SFML\Window\WindowBase.inl(47,35): error C2065: 'Ts': undeclared identifier
  (compiling source file 'GameOver.cpp')
  
C:\SFML-3.0.0\include\SFML\Window\WindowBase.inl(47,35): error C3546: '...': there are no parameter packs available to expand
  (compiling source file 'GameOver.cpp')
  
C:\SFML-3.0.0\include\SFML\Window\WindowBase.inl(47,23): error C3544: 'Ts': parameter pack expects a type template argument
  (compiling source file 'GameOver.cpp')
  
C:\SFML-3.0.0\include\SFML\Graphics\Rect.hpp(98,34): error C2178: 'sf::Rect<int>::optional' cannot be declared with 'constexpr' specifier
  (compiling source file 'GameOver.cpp')
  
C:\Program Files\Microsoft Visual Studio\2022\Community\VC\Tools\MSVC\14.44.35207\include\filesystem(12): warning STL4038: The contents of <filesystem> are available only with C++17 or later.
C:\SFML-3.0.0\include\SFML\Graphics\Texture.hpp(114,33): error C2039: 'filesystem': is not a member of 'std'
  (compiling source file 'GameOver.cpp')
      C:\Program Files\Microsoft Visual Studio\2022\Community\VC\Tools\MSVC\14.44.35207\include\string(23,1):
      see declaration of 'std'
  
C:\SFML-3.0.0\include\SFML\Graphics\Texture.hpp(114,33): error C3083: 'filesystem': the symbol to the left of a '::' must be a type
  (compiling source file 'GameOver.cpp')
  
C:\SFML-3.0.0\include\SFML\Graphics\Texture.hpp(114,45): error C2039: 'path': is not a member of 'std'
  (compiling source file 'GameOver.cpp')
      C:\Program Files\Microsoft Visual Studio\2022\Community\VC\Tools\MSVC\14.44.35207\include\string(23,1):
      see declaration of 'std'
  
C:\SFML-3.0.0\include\SFML\Graphics\Texture.hpp(114,22): error C4430: missing type specifier - int assumed. Note: C++ does not support default-int
  (compiling source file 'GameOver.cpp')
  
C:\SFML-3.0.0\include\SFML\Graphics\Texture.hpp(114,49): error C2143: syntax error: missing ',' before '&'
  (compiling source file 'GameOver.cpp')
  
C:\SFML-3.0.0\include\SFML\Graphics\Texture.hpp(137,24): error C2039: 'filesystem': is not a member of 'std'
  (compiling source file 'GameOver.cpp')
      C:\Program Files\Microsoft Visual Studio\2022\Community\VC\Tools\MSVC\14.44.35207\include\string(23,1):
      see declaration of 'std'
  
C:\SFML-3.0.0\include\SFML\Graphics\Texture.hpp(137,24): error C3083: 'filesystem': the symbol to the left of a '::' must be a type
  (compiling source file 'GameOver.cpp')
  
C:\SFML-3.0.0\include\SFML\Graphics\Texture.hpp(137,36): error C2039: 'path': is not a member of 'std'
  (compiling source file 'GameOver.cpp')
      C:\Program Files\Microsoft Visual Studio\2022\Community\VC\Tools\MSVC\14.44.35207\include\string(23,1):
      see declaration of 'std'
  
C:\SFML-3.0.0\include\SFML\Graphics\Texture.hpp(137,36): error C1003: error count exceeds 100; stopping compilation
  (compiling source file 'GameOver.cpp')
  
  Gameplay.cpp
C:\SFML-3.0.0\include\SFML\Graphics\Color.inl(75,17): error C3615: constexpr function 'sf::operator +' cannot result in a constant expression
  (compiling source file 'Gameplay.cpp')
      C:\SFML-3.0.0\include\SFML\Graphics\Color.inl(77,16):
      failure was because type 'const sf::+::<lambda_16287c72c63b32e0a9fa1270f38e4b81>' is not a literal type
      C:\SFML-3.0.0\include\SFML\Graphics\Color.inl(81,5):
      type 'sf::+::<lambda_16287c72c63b32e0a9fa1270f38e4b81>' is not a literal type because it is not an aggregate type, a closure type, or does not have a constexpr constructor that is not a copy or move constructor
  
C:\SFML-3.0.0\include\SFML\Graphics\Color.inl(91,17): error C3615: constexpr function 'sf::operator -' cannot result in a constant expression
  (compiling source file 'Gameplay.cpp')
      C:\SFML-3.0.0\include\SFML\Graphics\Color.inl(93,16):
      failure was because type 'const sf::-::<lambda_306030dfce25397b9816ce24c68c04f0>' is not a literal type
      C:\SFML-3.0.0\include\SFML\Graphics\Color.inl(97,5):
      type 'sf::-::<lambda_306030dfce25397b9816ce24c68c04f0>' is not a literal type because it is not an aggregate type, a closure type, or does not have a constexpr constructor that is not a copy or move constructor
  
C:\SFML-3.0.0\include\SFML\Graphics\Color.inl(107,17): error C3615: constexpr function 'sf::operator *' cannot result in a constant expression
  (compiling source file 'Gameplay.cpp')
      C:\SFML-3.0.0\include\SFML\Graphics\Color.inl(109,16):
      failure was because type 'const sf::*::<lambda_1570e60a8275d4bb357b66a7fbaafc0b>' is not a literal type
      C:\SFML-3.0.0\include\SFML\Graphics\Color.inl(113,5):
      type 'sf::*::<lambda_1570e60a8275d4bb357b66a7fbaafc0b>' is not a literal type because it is not an aggregate type, a closure type, or does not have a constexpr constructor that is not a copy or move constructor
  
C:\SFML-3.0.0\include\SFML\Graphics\Color.inl(146,31): error C7525: inline variables require at least '/std:c++17'
  (compiling source file 'Gameplay.cpp')
  
C:\SFML-3.0.0\include\SFML\Graphics\Color.inl(147,31): error C7525: inline variables require at least '/std:c++17'
  (compiling source file 'Gameplay.cpp')
  
C:\SFML-3.0.0\include\SFML\Graphics\Color.inl(148,31): error C7525: inline variables require at least '/std:c++17'
  (compiling source file 'Gameplay.cpp')
  
C:\SFML-3.0.0\include\SFML\Graphics\Color.inl(149,31): error C7525: inline variables require at least '/std:c++17'
  (compiling source file 'Gameplay.cpp')
  
C:\SFML-3.0.0\include\SFML\Graphics\Color.inl(150,31): error C7525: inline variables require at least '/std:c++17'
  (compiling source file 'Gameplay.cpp')
  
C:\SFML-3.0.0\include\SFML\Graphics\Color.inl(151,31): error C7525: inline variables require at least '/std:c++17'
  (compiling source file 'Gameplay.cpp')
  
C:\SFML-3.0.0\include\SFML\Graphics\Color.inl(152,31): error C7525: inline variables require at least '/std:c++17'
  (compiling source file 'Gameplay.cpp')
  
C:\SFML-3.0.0\include\SFML\Graphics\Color.inl(153,31): error C7525: inline variables require at least '/std:c++17'
  (compiling source file 'Gameplay.cpp')
  
C:\SFML-3.0.0\include\SFML\Graphics\Color.inl(154,31): error C7525: inline variables require at least '/std:c++17'
  (compiling source file 'Gameplay.cpp')
  
C:\SFML-3.0.0\include\SFML\System\Angle.inl(272,31): error C7525: inline variables require at least '/std:c++17'
  (compiling source file 'Gameplay.cpp')
  
C:\Program Files\Microsoft Visual Studio\2022\Community\VC\Tools\MSVC\14.44.35207\include\optional(11): warning STL4038: The contents of <optional> are available only with C++17 or later.
C:\SFML-3.0.0\include\SFML\Graphics\Rect.hpp(98,42): error C2143: syntax error: missing ';' before '<'
  (compiling source file 'Gameplay.cpp')
      C:\SFML-3.0.0\include\SFML\Graphics\Rect.hpp(98,42):
      the template instantiation context (the oldest one first) is
          C:\SFML-3.0.0\include\SFML\Graphics\Rect.hpp(42,7):
          while compiling class template 'sf::Rect'
  
C:\SFML-3.0.0\include\SFML\Graphics\Rect.hpp(98,34): error C4430: missing type specifier - int assumed. Note: C++ does not support default-int
  (compiling source file 'Gameplay.cpp')
  
C:\SFML-3.0.0\include\SFML\Graphics\Rect.hpp(98,34): error C2178: 'sf::Rect<T>::optional' cannot be declared with 'constexpr' specifier
  (compiling source file 'Gameplay.cpp')
  
C:\SFML-3.0.0\include\SFML\Graphics\Rect.hpp(98,5): warning C4869: 'nodiscard' may only be applied to classes, enumerations, and functions
  (compiling source file 'Gameplay.cpp')
  
C:\SFML-3.0.0\include\SFML\Graphics\Rect.hpp(98,100): error C2238: unexpected token(s) preceding ';'
  (compiling source file 'Gameplay.cpp')
  
C:\SFML-3.0.0\include\SFML\Graphics\Rect.inl(71,16): error C2039: 'optional': is not a member of 'std'
  (compiling source file 'Gameplay.cpp')
      C:\Program Files\Microsoft Visual Studio\2022\Community\VC\Tools\MSVC\14.44.35207\include\yvals.h(361,1):
      see declaration of 'std'
  
C:\SFML-3.0.0\include\SFML\Graphics\Rect.inl(71,24): error C2988: unrecognizable template declaration/definition
  (compiling source file 'Gameplay.cpp')
  
C:\SFML-3.0.0\include\SFML\Graphics\Rect.inl(71,24): error C2143: syntax error: missing ';' before '<'
  (compiling source file 'Gameplay.cpp')
  
C:\SFML-3.0.0\include\SFML\Graphics\Rect.inl(71,16): error C4430: missing type specifier - int assumed. Note: C++ does not support default-int
  (compiling source file 'Gameplay.cpp')
  
C:\SFML-3.0.0\include\SFML\Graphics\Rect.inl(71,24): error C2059: syntax error: '<'
  (compiling source file 'Gameplay.cpp')
  
C:\SFML-3.0.0\include\SFML\Graphics\Rect.inl(71,30): error C2065: 'T': undeclared identifier
  (compiling source file 'Gameplay.cpp')
  
C:\SFML-3.0.0\include\SFML\Graphics\Rect.inl(71,25): error C2923: 'sf::Rect': 'T' is not a valid template type argument for parameter 'T'
  (compiling source file 'Gameplay.cpp')
      C:\SFML-3.0.0\include\SFML\Graphics\Rect.inl(71,30):
      see declaration of 'T'
  
C:\SFML-3.0.0\include\SFML\Graphics\Rect.inl(71,39): error C2065: 'T': undeclared identifier
  (compiling source file 'Gameplay.cpp')
  
C:\SFML-3.0.0\include\SFML\Graphics\Rect.inl(71,34): error C2923: 'sf::Rect': 'T' is not a valid template type argument for parameter 'T'
  (compiling source file 'Gameplay.cpp')
      C:\SFML-3.0.0\include\SFML\Graphics\Rect.inl(71,39):
      see declaration of 'T'
  
C:\SFML-3.0.0\include\SFML\Graphics\Rect.inl(71,71): error C2065: 'T': undeclared identifier
  (compiling source file 'Gameplay.cpp')
  
C:\SFML-3.0.0\include\SFML\Graphics\Rect.inl(71,66): error C2923: 'sf::Rect': 'T' is not a valid template type argument for parameter 'T'
  (compiling source file 'Gameplay.cpp')
      C:\SFML-3.0.0\include\SFML\Graphics\Rect.inl(71,71):
      see declaration of 'T'
  
C:\SFML-3.0.0\include\SFML\Graphics\Rect.inl(72,1): error C2143: syntax error: missing ';' before '{'
  (compiling source file 'Gameplay.cpp')
  
C:\SFML-3.0.0\include\SFML\Graphics\Rect.inl(72,1): error C2447: '{': missing function header (old-style formal list?)
  (compiling source file 'Gameplay.cpp')
  
C:\SFML-3.0.0\include\SFML\Graphics\Transform.inl(52,35): error C3615: constexpr function 'sf::Transform::getMatrix' cannot result in a constant expression
  (compiling source file 'Gameplay.cpp')
      C:\SFML-3.0.0\include\SFML\Graphics\Transform.inl(54,25):
      failure was caused by call of undefined function or one not declared 'constexpr'
      C:\SFML-3.0.0\include\SFML\Graphics\Transform.inl(54,25):
      see usage of 'std::array<float,16>::data'
  
C:\SFML-3.0.0\include\SFML\Graphics\Rect.hpp(98,34): error C2039: 'optional': is not a member of 'std'
  (compiling source file 'Gameplay.cpp')
      C:\Program Files\Microsoft Visual Studio\2022\Community\VC\Tools\MSVC\14.44.35207\include\array(19,1):
      see declaration of 'std'
      C:\SFML-3.0.0\include\SFML\Graphics\Rect.hpp(98,34):
      the template instantiation context (the oldest one first) is
          C:\SFML-3.0.0\include\SFML\Graphics\Transform.inl(98,32):
          see reference to class template instantiation 'sf::Rect<float>' being compiled
  
C:\SFML-3.0.0\include\SFML\Graphics\Rect.hpp(98,34): error C2178: 'sf::Rect<float>::optional' cannot be declared with 'constexpr' specifier
  (compiling source file 'Gameplay.cpp')
  
C:\SFML-3.0.0\include\SFML\Graphics\Transform.inl(101,31): error C2514: 'std::array': class template cannot be constructed
  (compiling source file 'Gameplay.cpp')
      C:\Program Files\Microsoft Visual Studio\2022\Community\VC\Tools\MSVC\14.44.35207\include\array(402,7):
      see declaration of 'std::array'
  
C:\SFML-3.0.0\include\SFML\Graphics\Transform.inl(107,21): error C2678: binary '[': no operator found which takes a left-hand operand of type 'const std::array' (or there is no acceptable conversion)
  (compiling source file 'Gameplay.cpp')
      C:\Program Files\Microsoft Visual Studio\2022\Community\VC\Tools\MSVC\14.44.35207\include\array(537,42):
      could be 'const _Ty &std::array<_Ty,_Size>::operator [](std::array<_Ty,_Size>::size_type) noexcept const'
          C:\SFML-3.0.0\include\SFML\Graphics\Transform.inl(107,21):
          'const _Ty &std::array<_Ty,_Size>::operator [](std::array<_Ty,_Size>::size_type) noexcept const': cannot convert 'this' pointer from 'const std::array' to 'const std::array<_Ty,_Size> &'
              C:\SFML-3.0.0\include\SFML\Graphics\Transform.inl(107,21):
              Reason: cannot convert from 'const std::array' to 'const std::array<_Ty,_Size>'
              C:\SFML-3.0.0\include\SFML\Graphics\Transform.inl(107,21):
              Conversion requires a second user-defined-conversion operator or constructor
      C:\Program Files\Microsoft Visual Studio\2022\Community\VC\Tools\MSVC\14.44.35207\include\array(529,39):
      or       '_Ty &std::array<_Ty,_Size>::operator [](std::array<_Ty,_Size>::size_type) noexcept'
          C:\SFML-3.0.0\include\SFML\Graphics\Transform.inl(107,21):
          '_Ty &std::array<_Ty,_Size>::operator [](std::array<_Ty,_Size>::size_type) noexcept': cannot convert 'this' pointer from 'const std::array' to 'std::array<_Ty,_Size> &'
              C:\SFML-3.0.0\include\SFML\Graphics\Transform.inl(107,21):
              Reason: cannot convert from 'const std::array' to 'std::array<_Ty,_Size>'
              C:\SFML-3.0.0\include\SFML\Graphics\Transform.inl(107,21):
              Conversion requires a second user-defined-conversion operator or constructor
      C:\SFML-3.0.0\include\SFML\Graphics\Transform.inl(107,21):
      while trying to match the argument list '(const std::array, int)'
  
C:\SFML-3.0.0\include\SFML\Graphics\Transform.inl(108,21): error C2678: binary '[': no operator found which takes a left-hand operand of type 'const std::array' (or there is no acceptable conversion)
  (compiling source file 'Gameplay.cpp')
      C:\Program Files\Microsoft Visual Studio\2022\Community\VC\Tools\MSVC\14.44.35207\include\array(537,42):
      could be 'const _Ty &std::array<_Ty,_Size>::operator [](std::array<_Ty,_Size>::size_type) noexcept const'
          C:\SFML-3.0.0\include\SFML\Graphics\Transform.inl(108,21):
          'const _Ty &std::array<_Ty,_Size>::operator [](std::array<_Ty,_Size>::size_type) noexcept const': cannot convert 'this' pointer from 'const std::array' to 'const std::array<_Ty,_Size> &'
              C:\SFML-3.0.0\include\SFML\Graphics\Transform.inl(108,21):
              Reason: cannot convert from 'const std::array' to 'const std::array<_Ty,_Size>'
              C:\SFML-3.0.0\include\SFML\Graphics\Transform.inl(108,21):
              Conversion requires a second user-defined-conversion operator or constructor
      C:\Program Files\Microsoft Visual Studio\2022\Community\VC\Tools\MSVC\14.44.35207\include\array(529,39):
      or       '_Ty &std::array<_Ty,_Size>::operator [](std::array<_Ty,_Size>::size_type) noexcept'
          C:\SFML-3.0.0\include\SFML\Graphics\Transform.inl(108,21):
          '_Ty &std::array<_Ty,_Size>::operator [](std::array<_Ty,_Size>::size_type) noexcept': cannot convert 'this' pointer from 'const std::array' to 'std::array<_Ty,_Size> &'
              C:\SFML-3.0.0\include\SFML\Graphics\Transform.inl(108,21):
              Reason: cannot convert from 'const std::array' to 'std::array<_Ty,_Size>'
              C:\SFML-3.0.0\include\SFML\Graphics\Transform.inl(108,21):
              Conversion requires a second user-defined-conversion operator or constructor
      C:\SFML-3.0.0\include\SFML\Graphics\Transform.inl(108,21):
      while trying to match the argument list '(const std::array, int)'
  
C:\SFML-3.0.0\include\SFML\Graphics\Transform.inl(110,40): error C2662: 'std::array<_Ty,_Size>::size_type std::array<_Ty,_Size>::size(void) noexcept const': cannot convert 'this' pointer from 'const std::array' to 'const std::array<_Ty,_Size> &'
  (compiling source file 'Gameplay.cpp')
      C:\SFML-3.0.0\include\SFML\Graphics\Transform.inl(110,33):
      Reason: cannot convert from 'const std::array' to 'const std::array<_Ty,_Size>'
      C:\SFML-3.0.0\include\SFML\Graphics\Transform.inl(110,33):
      Conversion requires a second user-defined-conversion operator or constructor
      C:\Program Files\Microsoft Visual Studio\2022\Community\VC\Tools\MSVC\14.44.35207\include\array(501,59):
      see declaration of 'std::array<_Ty,_Size>::size'
      C:\SFML-3.0.0\include\SFML\Graphics\Transform.inl(110,40):
      while trying to match the argument list '()'
  
C:\SFML-3.0.0\include\SFML\Graphics\Transform.inl(113,18): error C2678: binary '[': no operator found which takes a left-hand operand of type 'const std::array' (or there is no acceptable conversion)
  (compiling source file 'Gameplay.cpp')
      C:\Program Files\Microsoft Visual Studio\2022\Community\VC\Tools\MSVC\14.44.35207\include\array(537,42):
      could be 'const _Ty &std::array<_Ty,_Size>::operator [](std::array<_Ty,_Size>::size_type) noexcept const'
          C:\SFML-3.0.0\include\SFML\Graphics\Transform.inl(113,18):
          'const _Ty &std::array<_Ty,_Size>::operator [](std::array<_Ty,_Size>::size_type) noexcept const': cannot convert 'this' pointer from 'const std::array' to 'const std::array<_Ty,_Size> &'
              C:\SFML-3.0.0\include\SFML\Graphics\Transform.inl(113,18):
              Reason: cannot convert from 'const std::array' to 'const std::array<_Ty,_Size>'
              C:\SFML-3.0.0\include\SFML\Graphics\Transform.inl(113,18):
              Conversion requires a second user-defined-conversion operator or constructor
      C:\Program Files\Microsoft Visual Studio\2022\Community\VC\Tools\MSVC\14.44.35207\include\array(529,39):
      or       '_Ty &std::array<_Ty,_Size>::operator [](std::array<_Ty,_Size>::size_type) noexcept'
          C:\SFML-3.0.0\include\SFML\Graphics\Transform.inl(113,18):
          '_Ty &std::array<_Ty,_Size>::operator [](std::array<_Ty,_Size>::size_type) noexcept': cannot convert 'this' pointer from 'const std::array' to 'std::array<_Ty,_Size> &'
              C:\SFML-3.0.0\include\SFML\Graphics\Transform.inl(113,18):
              Reason: cannot convert from 'const std::array' to 'std::array<_Ty,_Size>'
              C:\SFML-3.0.0\include\SFML\Graphics\Transform.inl(113,18):
              Conversion requires a second user-defined-conversion operator or constructor
      C:\SFML-3.0.0\include\SFML\Graphics\Transform.inl(113,18):
      while trying to match the argument list '(const std::array, size_t)'
  
C:\SFML-3.0.0\include\SFML\Graphics\Transform.inl(113,49): error C2678: binary '[': no operator found which takes a left-hand operand of type 'const std::array' (or there is no acceptable conversion)
  (compiling source file 'Gameplay.cpp')
      C:\Program Files\Microsoft Visual Studio\2022\Community\VC\Tools\MSVC\14.44.35207\include\array(537,42):
      could be 'const _Ty &std::array<_Ty,_Size>::operator [](std::array<_Ty,_Size>::size_type) noexcept const'
          C:\SFML-3.0.0\include\SFML\Graphics\Transform.inl(113,49):
          'const _Ty &std::array<_Ty,_Size>::operator [](std::array<_Ty,_Size>::size_type) noexcept const': cannot convert 'this' pointer from 'const std::array' to 'const std::array<_Ty,_Size> &'
              C:\SFML-3.0.0\include\SFML\Graphics\Transform.inl(113,49):
              Reason: cannot convert from 'const std::array' to 'const std::array<_Ty,_Size>'
              C:\SFML-3.0.0\include\SFML\Graphics\Transform.inl(113,49):
              Conversion requires a second user-defined-conversion operator or constructor
      C:\Program Files\Microsoft Visual Studio\2022\Community\VC\Tools\MSVC\14.44.35207\include\array(529,39):
      or       '_Ty &std::array<_Ty,_Size>::operator [](std::array<_Ty,_Size>::size_type) noexcept'
          C:\SFML-3.0.0\include\SFML\Graphics\Transform.inl(113,49):
          '_Ty &std::array<_Ty,_Size>::operator [](std::array<_Ty,_Size>::size_type) noexcept': cannot convert 'this' pointer from 'const std::array' to 'std::array<_Ty,_Size> &'
              C:\SFML-3.0.0\include\SFML\Graphics\Transform.inl(113,49):
              Reason: cannot convert from 'const std::array' to 'std::array<_Ty,_Size>'
              C:\SFML-3.0.0\include\SFML\Graphics\Transform.inl(113,49):
              Conversion requires a second user-defined-conversion operator or constructor
      C:\SFML-3.0.0\include\SFML\Graphics\Transform.inl(113,49):
      while trying to match the argument list '(const std::array, size_t)'
  
C:\SFML-3.0.0\include\SFML\Graphics\Transform.inl(114,18): error C2678: binary '[': no operator found which takes a left-hand operand of type 'const std::array' (or there is no acceptable conversion)
  (compiling source file 'Gameplay.cpp')
      C:\Program Files\Microsoft Visual Studio\2022\Community\VC\Tools\MSVC\14.44.35207\include\array(537,42):
      could be 'const _Ty &std::array<_Ty,_Size>::operator [](std::array<_Ty,_Size>::size_type) noexcept const'
          C:\SFML-3.0.0\include\SFML\Graphics\Transform.inl(114,18):
          'const _Ty &std::array<_Ty,_Size>::operator [](std::array<_Ty,_Size>::size_type) noexcept const': cannot convert 'this' pointer from 'const std::array' to 'const std::array<_Ty,_Size> &'
              C:\SFML-3.0.0\include\SFML\Graphics\Transform.inl(114,18):
              Reason: cannot convert from 'const std::array' to 'const std::array<_Ty,_Size>'
              C:\SFML-3.0.0\include\SFML\Graphics\Transform.inl(114,18):
              Conversion requires a second user-defined-conversion operator or constructor
      C:\Program Files\Microsoft Visual Studio\2022\Community\VC\Tools\MSVC\14.44.35207\include\array(529,39):
      or       '_Ty &std::array<_Ty,_Size>::operator [](std::array<_Ty,_Size>::size_type) noexcept'
          C:\SFML-3.0.0\include\SFML\Graphics\Transform.inl(114,18):
          '_Ty &std::array<_Ty,_Size>::operator [](std::array<_Ty,_Size>::size_type) noexcept': cannot convert 'this' pointer from 'const std::array' to 'std::array<_Ty,_Size> &'
              C:\SFML-3.0.0\include\SFML\Graphics\Transform.inl(114,18):
              Reason: cannot convert from 'const std::array' to 'std::array<_Ty,_Size>'
              C:\SFML-3.0.0\include\SFML\Graphics\Transform.inl(114,18):
              Conversion requires a second user-defined-conversion operator or constructor
      C:\SFML-3.0.0\include\SFML\Graphics\Transform.inl(114,18):
      while trying to match the argument list '(const std::array, size_t)'
  
C:\SFML-3.0.0\include\SFML\Graphics\Transform.inl(114,49): error C2678: binary '[': no operator found which takes a left-hand operand of type 'const std::array' (or there is no acceptable conversion)
  (compiling source file 'Gameplay.cpp')
      C:\Program Files\Microsoft Visual Studio\2022\Community\VC\Tools\MSVC\14.44.35207\include\array(537,42):
      could be 'const _Ty &std::array<_Ty,_Size>::operator [](std::array<_Ty,_Size>::size_type) noexcept const'
          C:\SFML-3.0.0\include\SFML\Graphics\Transform.inl(114,49):
          'const _Ty &std::array<_Ty,_Size>::operator [](std::array<_Ty,_Size>::size_type) noexcept const': cannot convert 'this' pointer from 'const std::array' to 'const std::array<_Ty,_Size> &'
              C:\SFML-3.0.0\include\SFML\Graphics\Transform.inl(114,49):
              Reason: cannot convert from 'const std::array' to 'const std::array<_Ty,_Size>'
              C:\SFML-3.0.0\include\SFML\Graphics\Transform.inl(114,49):
              Conversion requires a second user-defined-conversion operator or constructor
      C:\Program Files\Microsoft Visual Studio\2022\Community\VC\Tools\MSVC\14.44.35207\include\array(529,39):
      or       '_Ty &std::array<_Ty,_Size>::operator [](std::array<_Ty,_Size>::size_type) noexcept'
          C:\SFML-3.0.0\include\SFML\Graphics\Transform.inl(114,49):
          '_Ty &std::array<_Ty,_Size>::operator [](std::array<_Ty,_Size>::size_type) noexcept': cannot convert 'this' pointer from 'const std::array' to 'std::array<_Ty,_Size> &'
              C:\SFML-3.0.0\include\SFML\Graphics\Transform.inl(114,49):
              Reason: cannot convert from 'const std::array' to 'std::array<_Ty,_Size>'
              C:\SFML-3.0.0\include\SFML\Graphics\Transform.inl(114,49):
              Conversion requires a second user-defined-conversion operator or constructor
      C:\SFML-3.0.0\include\SFML\Graphics\Transform.inl(114,49):
      while trying to match the argument list '(const std::array, size_t)'
  
C:\SFML-3.0.0\include\SFML\Graphics\Transform.inl(116,18): error C2678: binary '[': no operator found which takes a left-hand operand of type 'const std::array' (or there is no acceptable conversion)
  (compiling source file 'Gameplay.cpp')
      C:\Program Files\Microsoft Visual Studio\2022\Community\VC\Tools\MSVC\14.44.35207\include\array(537,42):
      could be 'const _Ty &std::array<_Ty,_Size>::operator [](std::array<_Ty,_Size>::size_type) noexcept const'
          C:\SFML-3.0.0\include\SFML\Graphics\Transform.inl(116,18):
          'const _Ty &std::array<_Ty,_Size>::operator [](std::array<_Ty,_Size>::size_type) noexcept const': cannot convert 'this' pointer from 'const std::array' to 'const std::array<_Ty,_Size> &'
              C:\SFML-3.0.0\include\SFML\Graphics\Transform.inl(116,18):
              Reason: cannot convert from 'const std::array' to 'const std::array<_Ty,_Size>'
              C:\SFML-3.0.0\include\SFML\Graphics\Transform.inl(116,18):
              Conversion requires a second user-defined-conversion operator or constructor
      C:\Program Files\Microsoft Visual Studio\2022\Community\VC\Tools\MSVC\14.44.35207\include\array(529,39):
      or       '_Ty &std::array<_Ty,_Size>::operator [](std::array<_Ty,_Size>::size_type) noexcept'
          C:\SFML-3.0.0\include\SFML\Graphics\Transform.inl(116,18):
          '_Ty &std::array<_Ty,_Size>::operator [](std::array<_Ty,_Size>::size_type) noexcept': cannot convert 'this' pointer from 'const std::array' to 'std::array<_Ty,_Size> &'
              C:\SFML-3.0.0\include\SFML\Graphics\Transform.inl(116,18):
              Reason: cannot convert from 'const std::array' to 'std::array<_Ty,_Size>'
              C:\SFML-3.0.0\include\SFML\Graphics\Transform.inl(116,18):
              Conversion requires a second user-defined-conversion operator or constructor
      C:\SFML-3.0.0\include\SFML\Graphics\Transform.inl(116,18):
      while trying to match the argument list '(const std::array, size_t)'
  
C:\SFML-3.0.0\include\SFML\Graphics\Transform.inl(116,49): error C2678: binary '[': no operator found which takes a left-hand operand of type 'const std::array' (or there is no acceptable conversion)
  (compiling source file 'Gameplay.cpp')
      C:\Program Files\Microsoft Visual Studio\2022\Community\VC\Tools\MSVC\14.44.35207\include\array(537,42):
      could be 'const _Ty &std::array<_Ty,_Size>::operator [](std::array<_Ty,_Size>::size_type) noexcept const'
          C:\SFML-3.0.0\include\SFML\Graphics\Transform.inl(116,49):
          'const _Ty &std::array<_Ty,_Size>::operator [](std::array<_Ty,_Size>::size_type) noexcept const': cannot convert 'this' pointer from 'const std::array' to 'const std::array<_Ty,_Size> &'
              C:\SFML-3.0.0\include\SFML\Graphics\Transform.inl(116,49):
              Reason: cannot convert from 'const std::array' to 'const std::array<_Ty,_Size>'
              C:\SFML-3.0.0\include\SFML\Graphics\Transform.inl(116,49):
              Conversion requires a second user-defined-conversion operator or constructor
      C:\Program Files\Microsoft Visual Studio\2022\Community\VC\Tools\MSVC\14.44.35207\include\array(529,39):
      or       '_Ty &std::array<_Ty,_Size>::operator [](std::array<_Ty,_Size>::size_type) noexcept'
          C:\SFML-3.0.0\include\SFML\Graphics\Transform.inl(116,49):
          '_Ty &std::array<_Ty,_Size>::operator [](std::array<_Ty,_Size>::size_type) noexcept': cannot convert 'this' pointer from 'const std::array' to 'std::array<_Ty,_Size> &'
              C:\SFML-3.0.0\include\SFML\Graphics\Transform.inl(116,49):
              Reason: cannot convert from 'const std::array' to 'std::array<_Ty,_Size>'
              C:\SFML-3.0.0\include\SFML\Graphics\Transform.inl(116,49):
              Conversion requires a second user-defined-conversion operator or constructor
      C:\SFML-3.0.0\include\SFML\Graphics\Transform.inl(116,49):
      while trying to match the argument list '(const std::array, size_t)'
  
C:\SFML-3.0.0\include\SFML\Graphics\Transform.inl(117,18): error C2678: binary '[': no operator found which takes a left-hand operand of type 'const std::array' (or there is no acceptable conversion)
  (compiling source file 'Gameplay.cpp')
      C:\Program Files\Microsoft Visual Studio\2022\Community\VC\Tools\MSVC\14.44.35207\include\array(537,42):
      could be 'const _Ty &std::array<_Ty,_Size>::operator [](std::array<_Ty,_Size>::size_type) noexcept const'
          C:\SFML-3.0.0\include\SFML\Graphics\Transform.inl(117,18):
          'const _Ty &std::array<_Ty,_Size>::operator [](std::array<_Ty,_Size>::size_type) noexcept const': cannot convert 'this' pointer from 'const std::array' to 'const std::array<_Ty,_Size> &'
              C:\SFML-3.0.0\include\SFML\Graphics\Transform.inl(117,18):
              Reason: cannot convert from 'const std::array' to 'const std::array<_Ty,_Size>'
              C:\SFML-3.0.0\include\SFML\Graphics\Transform.inl(117,18):
              Conversion requires a second user-defined-conversion operator or constructor
      C:\Program Files\Microsoft Visual Studio\2022\Community\VC\Tools\MSVC\14.44.35207\include\array(529,39):
      or       '_Ty &std::array<_Ty,_Size>::operator [](std::array<_Ty,_Size>::size_type) noexcept'
          C:\SFML-3.0.0\include\SFML\Graphics\Transform.inl(117,18):
          '_Ty &std::array<_Ty,_Size>::operator [](std::array<_Ty,_Size>::size_type) noexcept': cannot convert 'this' pointer from 'const std::array' to 'std::array<_Ty,_Size> &'
              C:\SFML-3.0.0\include\SFML\Graphics\Transform.inl(117,18):
              Reason: cannot convert from 'const std::array' to 'std::array<_Ty,_Size>'
              C:\SFML-3.0.0\include\SFML\Graphics\Transform.inl(117,18):
              Conversion requires a second user-defined-conversion operator or constructor
      C:\SFML-3.0.0\include\SFML\Graphics\Transform.inl(117,18):
      while trying to match the argument list '(const std::array, size_t)'
  
C:\SFML-3.0.0\include\SFML\Graphics\Transform.inl(117,49): error C2678: binary '[': no operator found which takes a left-hand operand of type 'const std::array' (or there is no acceptable conversion)
  (compiling source file 'Gameplay.cpp')
      C:\Program Files\Microsoft Visual Studio\2022\Community\VC\Tools\MSVC\14.44.35207\include\array(537,42):
      could be 'const _Ty &std::array<_Ty,_Size>::operator [](std::array<_Ty,_Size>::size_type) noexcept const'
          C:\SFML-3.0.0\include\SFML\Graphics\Transform.inl(117,49):
          'const _Ty &std::array<_Ty,_Size>::operator [](std::array<_Ty,_Size>::size_type) noexcept const': cannot convert 'this' pointer from 'const std::array' to 'const std::array<_Ty,_Size> &'
              C:\SFML-3.0.0\include\SFML\Graphics\Transform.inl(117,49):
              Reason: cannot convert from 'const std::array' to 'const std::array<_Ty,_Size>'
              C:\SFML-3.0.0\include\SFML\Graphics\Transform.inl(117,49):
              Conversion requires a second user-defined-conversion operator or constructor
      C:\Program Files\Microsoft Visual Studio\2022\Community\VC\Tools\MSVC\14.44.35207\include\array(529,39):
      or       '_Ty &std::array<_Ty,_Size>::operator [](std::array<_Ty,_Size>::size_type) noexcept'
          C:\SFML-3.0.0\include\SFML\Graphics\Transform.inl(117,49):
          '_Ty &std::array<_Ty,_Size>::operator [](std::array<_Ty,_Size>::size_type) noexcept': cannot convert 'this' pointer from 'const std::array' to 'std::array<_Ty,_Size> &'
              C:\SFML-3.0.0\include\SFML\Graphics\Transform.inl(117,49):
              Reason: cannot convert from 'const std::array' to 'std::array<_Ty,_Size>'
              C:\SFML-3.0.0\include\SFML\Graphics\Transform.inl(117,49):
              Conversion requires a second user-defined-conversion operator or constructor
      C:\SFML-3.0.0\include\SFML\Graphics\Transform.inl(117,49):
      while trying to match the argument list '(const std::array, size_t)'
  
C:\SFML-3.0.0\include\SFML\Graphics\Transform.inl(98,32): error C3615: constexpr function 'sf::Transform::transformRect' cannot result in a constant expression
  (compiling source file 'Gameplay.cpp')
      C:\SFML-3.0.0\include\SFML\Graphics\Transform.inl(101,22):
      failure was because type 'const std::array' is not a literal type
      C:\Program Files\Microsoft Visual Studio\2022\Community\VC\Tools\MSVC\14.44.35207\include\array(402,7):
      type 'std::array' is not a literal type because it is not an aggregate type, a closure type, or does not have a constexpr constructor that is not a copy or move constructor
      C:\SFML-3.0.0\include\SFML\Graphics\Transform.inl(110,39):
      failure was caused by call of undefined function or one not declared 'constexpr'
      C:\SFML-3.0.0\include\SFML\Graphics\Transform.inl(110,39):
      see usage of '<declval>'
      C:\SFML-3.0.0\include\SFML\Graphics\Transform.inl(98,32):
      failure was caused by control reaching the end of a constexpr function
  
C:\SFML-3.0.0\include\SFML\Graphics\Transform.inl(234,39): error C7525: inline variables require at least '/std:c++17'
  (compiling source file 'Gameplay.cpp')
  
C:\SFML-3.0.0\include\SFML\System\Time.inl(282,29): error C7525: inline variables require at least '/std:c++17'
  (compiling source file 'Gameplay.cpp')
  
C:\SFML-3.0.0\include\SFML\Window\WindowBase.hpp(226,24): error C2039: 'optional': is not a member of 'std'
  (compiling source file 'Gameplay.cpp')
      C:\Program Files\Microsoft Visual Studio\2022\Community\VC\Tools\MSVC\14.44.35207\include\chrono(45,1):
      see declaration of 'std'
  
C:\SFML-3.0.0\include\SFML\Window\WindowBase.hpp(226,32): error C2143: syntax error: missing ';' before '<'
  (compiling source file 'Gameplay.cpp')
  
C:\SFML-3.0.0\include\SFML\Window\WindowBase.hpp(226,24): error C4430: missing type specifier - int assumed. Note: C++ does not support default-int
  (compiling source file 'Gameplay.cpp')
  
C:\SFML-3.0.0\include\SFML\Window\WindowBase.hpp(226,5): warning C4869: 'nodiscard' may only be applied to classes, enumerations, and functions
  (compiling source file 'Gameplay.cpp')
  
C:\SFML-3.0.0\include\SFML\Window\WindowBase.hpp(226,51): error C2238: unexpected token(s) preceding ';'
  (compiling source file 'Gameplay.cpp')
  
C:\SFML-3.0.0\include\SFML\Window\WindowBase.hpp(252,24): error C2039: 'optional': is not a member of 'std'
  (compiling source file 'Gameplay.cpp')
      C:\Program Files\Microsoft Visual Studio\2022\Community\VC\Tools\MSVC\14.44.35207\include\chrono(45,1):
      see declaration of 'std'
  
C:\SFML-3.0.0\include\SFML\Window\WindowBase.hpp(252,32): error C2143: syntax error: missing ';' before '<'
  (compiling source file 'Gameplay.cpp')
  
C:\SFML-3.0.0\include\SFML\Window\WindowBase.hpp(252,24): error C4430: missing type specifier - int assumed. Note: C++ does not support default-int
  (compiling source file 'Gameplay.cpp')
  
C:\SFML-3.0.0\include\SFML\Window\WindowBase.hpp(252,5): warning C4869: 'nodiscard' may only be applied to classes, enumerations, and functions
  (compiling source file 'Gameplay.cpp')
  
C:\SFML-3.0.0\include\SFML\Window\WindowBase.hpp(252,76): error C2238: unexpected token(s) preceding ';'
  (compiling source file 'Gameplay.cpp')
  
C:\SFML-3.0.0\include\SFML\Window\WindowBase.hpp(387,36): error C2039: 'optional': is not a member of 'std'
  (compiling source file 'Gameplay.cpp')
      C:\Program Files\Microsoft Visual Studio\2022\Community\VC\Tools\MSVC\14.44.35207\include\chrono(45,1):
      see declaration of 'std'
  
C:\SFML-3.0.0\include\SFML\Window\WindowBase.hpp(387,25): error C4430: missing type specifier - int assumed. Note: C++ does not support default-int
  (compiling source file 'Gameplay.cpp')
  
C:\SFML-3.0.0\include\SFML\Window\WindowBase.hpp(387,44): error C2143: syntax error: missing ',' before '<'
  (compiling source file 'Gameplay.cpp')
  
C:\SFML-3.0.0\include\SFML\Window\WindowBase.hpp(397,36): error C2039: 'optional': is not a member of 'std'
  (compiling source file 'Gameplay.cpp')
      C:\Program Files\Microsoft Visual Studio\2022\Community\VC\Tools\MSVC\14.44.35207\include\chrono(45,1):
      see declaration of 'std'
  
C:\SFML-3.0.0\include\SFML\Window\WindowBase.hpp(397,25): error C4430: missing type specifier - int assumed. Note: C++ does not support default-int
  (compiling source file 'Gameplay.cpp')
  
C:\SFML-3.0.0\include\SFML\Window\WindowBase.hpp(397,44): error C2143: syntax error: missing ',' before '<'
  (compiling source file 'Gameplay.cpp')
  
C:\SFML-3.0.0\include\SFML\System\String.hpp(102,37): error C7525: inline variables require at least '/std:c++17'
  (compiling source file 'Gameplay.cpp')
  
C:\SFML-3.0.0\include\SFML\Window\Joystick.hpp(38,11): error C2429: language feature 'nested-namespace-definition' requires compiler flag '/std:c++17'
  (compiling source file 'Gameplay.cpp')
  
C:\SFML-3.0.0\include\SFML\Window\Sensor.hpp(38,11): error C2429: language feature 'nested-namespace-definition' requires compiler flag '/std:c++17'
  (compiling source file 'Gameplay.cpp')
  
C:\Program Files\Microsoft Visual Studio\2022\Community\VC\Tools\MSVC\14.44.35207\include\variant(12): warning STL4038: The contents of <variant> are available only with C++17 or later.
C:\SFML-3.0.0\include\SFML\Window\Event.hpp(345,10): error C2039: 'variant': is not a member of 'std'
  (compiling source file 'Gameplay.cpp')
      C:\Program Files\Microsoft Visual Studio\2022\Community\VC\Tools\MSVC\14.44.35207\include\string(23,1):
      see declaration of 'std'
  
C:\SFML-3.0.0\include\SFML\Window\Event.hpp(345,17): error C2143: syntax error: missing ';' before '<'
  (compiling source file 'Gameplay.cpp')
  
C:\SFML-3.0.0\include\SFML\Window\Event.hpp(345,10): error C4430: missing type specifier - int assumed. Note: C++ does not support default-int
  (compiling source file 'Gameplay.cpp')
  
C:\SFML-3.0.0\include\SFML\Window\Event.hpp(368,15): error C2238: unexpected token(s) preceding ';'
  (compiling source file 'Gameplay.cpp')
  
C:\SFML-3.0.0\include\SFML\Window\Event.hpp(374,70): error C2039: 'variant': is not a member of 'std'
  (compiling source file 'Gameplay.cpp')
      C:\Program Files\Microsoft Visual Studio\2022\Community\VC\Tools\MSVC\14.44.35207\include\string(23,1):
      see declaration of 'std'
  
C:\SFML-3.0.0\include\SFML\Window\Event.hpp(374,59): error C4430: missing type specifier - int assumed. Note: C++ does not support default-int
  (compiling source file 'Gameplay.cpp')
  
C:\SFML-3.0.0\include\SFML\Window\Event.hpp(374,77): error C2988: unrecognizable template declaration/definition
  (compiling source file 'Gameplay.cpp')
  
C:\SFML-3.0.0\include\SFML\Window\Event.hpp(374,77): error C2143: syntax error: missing ',' before '<'
  (compiling source file 'Gameplay.cpp')
  
C:\SFML-3.0.0\include\SFML\Window\WindowBase.inl(41,25): error C7530: applying a pack-expansion to a using-declaration requires at least '/std:c++17'
  (compiling source file 'Gameplay.cpp')
      C:\SFML-3.0.0\include\SFML\Window\WindowBase.inl(41,25):
      the template instantiation context (the oldest one first) is
          C:\SFML-3.0.0\include\SFML\Window\WindowBase.inl(39,8):
          while compiling class template 'sf::priv::OverloadSet'
  
C:\SFML-3.0.0\include\SFML\Window\WindowBase.inl(47,15): error C2988: unrecognizable template declaration/definition
  (compiling source file 'Gameplay.cpp')
  
C:\SFML-3.0.0\include\SFML\Window\WindowBase.inl(47,15): error C2143: syntax error: missing ')' before '...'
  (compiling source file 'Gameplay.cpp')
  
C:\SFML-3.0.0\include\SFML\Window\WindowBase.inl(47,15): error C2143: syntax error: missing ';' before '...'
  (compiling source file 'Gameplay.cpp')
  
C:\SFML-3.0.0\include\SFML\Window\WindowBase.inl(47,13): error C2365: 'Ts': redefinition; previous definition was 'template parameter'
  (compiling source file 'Gameplay.cpp')
      C:\SFML-3.0.0\include\SFML\Window\WindowBase.inl(46,23):
      see declaration of 'Ts'
  
C:\SFML-3.0.0\include\SFML\Window\WindowBase.inl(47,18): error C2059: syntax error: ')'
  (compiling source file 'Gameplay.cpp')
  
C:\SFML-3.0.0\include\SFML\Window\WindowBase.inl(47,20): error C2988: unrecognizable template declaration/definition
  (compiling source file 'Gameplay.cpp')
  
C:\SFML-3.0.0\include\SFML\Window\WindowBase.inl(47,20): error C2059: syntax error: '->'
  (compiling source file 'Gameplay.cpp')
  
C:\SFML-3.0.0\include\SFML\Window\WindowBase.inl(47,35): error C2065: 'Ts': undeclared identifier
  (compiling source file 'Gameplay.cpp')
  
C:\SFML-3.0.0\include\SFML\Window\WindowBase.inl(47,35): error C3546: '...': there are no parameter packs available to expand
  (compiling source file 'Gameplay.cpp')
  
C:\SFML-3.0.0\include\SFML\Window\WindowBase.inl(47,23): error C3544: 'Ts': parameter pack expects a type template argument
  (compiling source file 'Gameplay.cpp')
  
C:\SFML-3.0.0\include\SFML\Graphics\Rect.hpp(98,34): error C2178: 'sf::Rect<int>::optional' cannot be declared with 'constexpr' specifier
  (compiling source file 'Gameplay.cpp')
  
C:\Program Files\Microsoft Visual Studio\2022\Community\VC\Tools\MSVC\14.44.35207\include\filesystem(12): warning STL4038: The contents of <filesystem> are available only with C++17 or later.
C:\SFML-3.0.0\include\SFML\Graphics\Texture.hpp(114,33): error C2039: 'filesystem': is not a member of 'std'
  (compiling source file 'Gameplay.cpp')
      C:\Program Files\Microsoft Visual Studio\2022\Community\VC\Tools\MSVC\14.44.35207\include\string(23,1):
      see declaration of 'std'
  
C:\SFML-3.0.0\include\SFML\Graphics\Texture.hpp(114,33): error C3083: 'filesystem': the symbol to the left of a '::' must be a type
  (compiling source file 'Gameplay.cpp')
  
C:\SFML-3.0.0\include\SFML\Graphics\Texture.hpp(114,45): error C2039: 'path': is not a member of 'std'
  (compiling source file 'Gameplay.cpp')
      C:\Program Files\Microsoft Visual Studio\2022\Community\VC\Tools\MSVC\14.44.35207\include\string(23,1):
      see declaration of 'std'
  
C:\SFML-3.0.0\include\SFML\Graphics\Texture.hpp(114,22): error C4430: missing type specifier - int assumed. Note: C++ does not support default-int
  (compiling source file 'Gameplay.cpp')
  
C:\SFML-3.0.0\include\SFML\Graphics\Texture.hpp(114,49): error C2143: syntax error: missing ',' before '&'
  (compiling source file 'Gameplay.cpp')
  
C:\SFML-3.0.0\include\SFML\Graphics\Texture.hpp(137,24): error C2039: 'filesystem': is not a member of 'std'
  (compiling source file 'Gameplay.cpp')
      C:\Program Files\Microsoft Visual Studio\2022\Community\VC\Tools\MSVC\14.44.35207\include\string(23,1):
      see declaration of 'std'
  
C:\SFML-3.0.0\include\SFML\Graphics\Texture.hpp(137,24): error C3083: 'filesystem': the symbol to the left of a '::' must be a type
  (compiling source file 'Gameplay.cpp')
  
C:\SFML-3.0.0\include\SFML\Graphics\Texture.hpp(137,36): error C2039: 'path': is not a member of 'std'
  (compiling source file 'Gameplay.cpp')
      C:\Program Files\Microsoft Visual Studio\2022\Community\VC\Tools\MSVC\14.44.35207\include\string(23,1):
      see declaration of 'std'
  
C:\SFML-3.0.0\include\SFML\Graphics\Texture.hpp(137,36): error C1003: error count exceeds 100; stopping compilation
  (compiling source file 'Gameplay.cpp')
  
  GridDisplay.cpp
C:\SFML-3.0.0\include\SFML\Graphics\Color.inl(75,17): error C3615: constexpr function 'sf::operator +' cannot result in a constant expression
  (compiling source file 'GridDisplay.cpp')
      C:\SFML-3.0.0\include\SFML\Graphics\Color.inl(77,16):
      failure was because type 'const sf::+::<lambda_16287c72c63b32e0a9fa1270f38e4b81>' is not a literal type
      C:\SFML-3.0.0\include\SFML\Graphics\Color.inl(81,5):
      type 'sf::+::<lambda_16287c72c63b32e0a9fa1270f38e4b81>' is not a literal type because it is not an aggregate type, a closure type, or does not have a constexpr constructor that is not a copy or move constructor
  
C:\SFML-3.0.0\include\SFML\Graphics\Color.inl(91,17): error C3615: constexpr function 'sf::operator -' cannot result in a constant expression
  (compiling source file 'GridDisplay.cpp')
      C:\SFML-3.0.0\include\SFML\Graphics\Color.inl(93,16):
      failure was because type 'const sf::-::<lambda_306030dfce25397b9816ce24c68c04f0>' is not a literal type
      C:\SFML-3.0.0\include\SFML\Graphics\Color.inl(97,5):
      type 'sf::-::<lambda_306030dfce25397b9816ce24c68c04f0>' is not a literal type because it is not an aggregate type, a closure type, or does not have a constexpr constructor that is not a copy or move constructor
  
C:\SFML-3.0.0\include\SFML\Graphics\Color.inl(107,17): error C3615: constexpr function 'sf::operator *' cannot result in a constant expression
  (compiling source file 'GridDisplay.cpp')
      C:\SFML-3.0.0\include\SFML\Graphics\Color.inl(109,16):
      failure was because type 'const sf::*::<lambda_1570e60a8275d4bb357b66a7fbaafc0b>' is not a literal type
      C:\SFML-3.0.0\include\SFML\Graphics\Color.inl(113,5):
      type 'sf::*::<lambda_1570e60a8275d4bb357b66a7fbaafc0b>' is not a literal type because it is not an aggregate type, a closure type, or does not have a constexpr constructor that is not a copy or move constructor
  
C:\SFML-3.0.0\include\SFML\Graphics\Color.inl(146,31): error C7525: inline variables require at least '/std:c++17'
  (compiling source file 'GridDisplay.cpp')
  
C:\SFML-3.0.0\include\SFML\Graphics\Color.inl(147,31): error C7525: inline variables require at least '/std:c++17'
  (compiling source file 'GridDisplay.cpp')
  
C:\SFML-3.0.0\include\SFML\Graphics\Color.inl(148,31): error C7525: inline variables require at least '/std:c++17'
  (compiling source file 'GridDisplay.cpp')
  
C:\SFML-3.0.0\include\SFML\Graphics\Color.inl(149,31): error C7525: inline variables require at least '/std:c++17'
  (compiling source file 'GridDisplay.cpp')
  
C:\SFML-3.0.0\include\SFML\Graphics\Color.inl(150,31): error C7525: inline variables require at least '/std:c++17'
  (compiling source file 'GridDisplay.cpp')
  
C:\SFML-3.0.0\include\SFML\Graphics\Color.inl(151,31): error C7525: inline variables require at least '/std:c++17'
  (compiling source file 'GridDisplay.cpp')
  
C:\SFML-3.0.0\include\SFML\Graphics\Color.inl(152,31): error C7525: inline variables require at least '/std:c++17'
  (compiling source file 'GridDisplay.cpp')
  
C:\SFML-3.0.0\include\SFML\Graphics\Color.inl(153,31): error C7525: inline variables require at least '/std:c++17'
  (compiling source file 'GridDisplay.cpp')
  
C:\SFML-3.0.0\include\SFML\Graphics\Color.inl(154,31): error C7525: inline variables require at least '/std:c++17'
  (compiling source file 'GridDisplay.cpp')
  
C:\SFML-3.0.0\include\SFML\System\Angle.inl(272,31): error C7525: inline variables require at least '/std:c++17'
  (compiling source file 'GridDisplay.cpp')
  
C:\Program Files\Microsoft Visual Studio\2022\Community\VC\Tools\MSVC\14.44.35207\include\optional(11): warning STL4038: The contents of <optional> are available only with C++17 or later.
C:\SFML-3.0.0\include\SFML\Graphics\Rect.hpp(98,42): error C2143: syntax error: missing ';' before '<'
  (compiling source file 'GridDisplay.cpp')
      C:\SFML-3.0.0\include\SFML\Graphics\Rect.hpp(98,42):
      the template instantiation context (the oldest one first) is
          C:\SFML-3.0.0\include\SFML\Graphics\Rect.hpp(42,7):
          while compiling class template 'sf::Rect'
  
C:\SFML-3.0.0\include\SFML\Graphics\Rect.hpp(98,34): error C4430: missing type specifier - int assumed. Note: C++ does not support default-int
  (compiling source file 'GridDisplay.cpp')
  
C:\SFML-3.0.0\include\SFML\Graphics\Rect.hpp(98,34): error C2178: 'sf::Rect<T>::optional' cannot be declared with 'constexpr' specifier
  (compiling source file 'GridDisplay.cpp')
  
C:\SFML-3.0.0\include\SFML\Graphics\Rect.hpp(98,5): warning C4869: 'nodiscard' may only be applied to classes, enumerations, and functions
  (compiling source file 'GridDisplay.cpp')
  
C:\SFML-3.0.0\include\SFML\Graphics\Rect.hpp(98,100): error C2238: unexpected token(s) preceding ';'
  (compiling source file 'GridDisplay.cpp')
  
C:\SFML-3.0.0\include\SFML\Graphics\Rect.inl(71,16): error C2039: 'optional': is not a member of 'std'
  (compiling source file 'GridDisplay.cpp')
      C:\Program Files\Microsoft Visual Studio\2022\Community\VC\Tools\MSVC\14.44.35207\include\iostream(19,1):
      see declaration of 'std'
  
C:\SFML-3.0.0\include\SFML\Graphics\Rect.inl(71,24): error C2988: unrecognizable template declaration/definition
  (compiling source file 'GridDisplay.cpp')
  
C:\SFML-3.0.0\include\SFML\Graphics\Rect.inl(71,24): error C2143: syntax error: missing ';' before '<'
  (compiling source file 'GridDisplay.cpp')
  
C:\SFML-3.0.0\include\SFML\Graphics\Rect.inl(71,16): error C4430: missing type specifier - int assumed. Note: C++ does not support default-int
  (compiling source file 'GridDisplay.cpp')
  
C:\SFML-3.0.0\include\SFML\Graphics\Rect.inl(71,24): error C2059: syntax error: '<'
  (compiling source file 'GridDisplay.cpp')
  
C:\SFML-3.0.0\include\SFML\Graphics\Rect.inl(71,30): error C2065: 'T': undeclared identifier
  (compiling source file 'GridDisplay.cpp')
  
C:\SFML-3.0.0\include\SFML\Graphics\Rect.inl(71,25): error C2923: 'sf::Rect': 'T' is not a valid template type argument for parameter 'T'
  (compiling source file 'GridDisplay.cpp')
      C:\SFML-3.0.0\include\SFML\Graphics\Rect.inl(71,30):
      see declaration of 'T'
  
C:\SFML-3.0.0\include\SFML\Graphics\Rect.inl(71,39): error C2065: 'T': undeclared identifier
  (compiling source file 'GridDisplay.cpp')
  
C:\SFML-3.0.0\include\SFML\Graphics\Rect.inl(71,34): error C2923: 'sf::Rect': 'T' is not a valid template type argument for parameter 'T'
  (compiling source file 'GridDisplay.cpp')
      C:\SFML-3.0.0\include\SFML\Graphics\Rect.inl(71,39):
      see declaration of 'T'
  
C:\SFML-3.0.0\include\SFML\Graphics\Rect.inl(71,71): error C2065: 'T': undeclared identifier
  (compiling source file 'GridDisplay.cpp')
  
C:\SFML-3.0.0\include\SFML\Graphics\Rect.inl(71,66): error C2923: 'sf::Rect': 'T' is not a valid template type argument for parameter 'T'
  (compiling source file 'GridDisplay.cpp')
      C:\SFML-3.0.0\include\SFML\Graphics\Rect.inl(71,71):
      see declaration of 'T'
  
C:\SFML-3.0.0\include\SFML\Graphics\Rect.inl(72,1): error C2143: syntax error: missing ';' before '{'
  (compiling source file 'GridDisplay.cpp')
  
C:\SFML-3.0.0\include\SFML\Graphics\Rect.inl(72,1): error C2447: '{': missing function header (old-style formal list?)
  (compiling source file 'GridDisplay.cpp')
  
C:\SFML-3.0.0\include\SFML\Graphics\Transform.inl(52,35): error C3615: constexpr function 'sf::Transform::getMatrix' cannot result in a constant expression
  (compiling source file 'GridDisplay.cpp')
      C:\SFML-3.0.0\include\SFML\Graphics\Transform.inl(54,25):
      failure was caused by call of undefined function or one not declared 'constexpr'
      C:\SFML-3.0.0\include\SFML\Graphics\Transform.inl(54,25):
      see usage of 'std::array<float,16>::data'
  
C:\SFML-3.0.0\include\SFML\Graphics\Rect.hpp(98,34): error C2039: 'optional': is not a member of 'std'
  (compiling source file 'GridDisplay.cpp')
      C:\Program Files\Microsoft Visual Studio\2022\Community\VC\Tools\MSVC\14.44.35207\include\array(19,1):
      see declaration of 'std'
      C:\SFML-3.0.0\include\SFML\Graphics\Rect.hpp(98,34):
      the template instantiation context (the oldest one first) is
          C:\SFML-3.0.0\include\SFML\Graphics\Transform.inl(98,32):
          see reference to class template instantiation 'sf::Rect<float>' being compiled
  
C:\SFML-3.0.0\include\SFML\Graphics\Rect.hpp(98,34): error C2178: 'sf::Rect<float>::optional' cannot be declared with 'constexpr' specifier
  (compiling source file 'GridDisplay.cpp')
  
C:\SFML-3.0.0\include\SFML\Graphics\Transform.inl(101,31): error C2514: 'std::array': class template cannot be constructed
  (compiling source file 'GridDisplay.cpp')
      C:\Program Files\Microsoft Visual Studio\2022\Community\VC\Tools\MSVC\14.44.35207\include\array(402,7):
      see declaration of 'std::array'
  
C:\SFML-3.0.0\include\SFML\Graphics\Transform.inl(107,21): error C2678: binary '[': no operator found which takes a left-hand operand of type 'const std::array' (or there is no acceptable conversion)
  (compiling source file 'GridDisplay.cpp')
      C:\Program Files\Microsoft Visual Studio\2022\Community\VC\Tools\MSVC\14.44.35207\include\array(537,42):
      could be 'const _Ty &std::array<_Ty,_Size>::operator [](std::array<_Ty,_Size>::size_type) noexcept const'
          C:\SFML-3.0.0\include\SFML\Graphics\Transform.inl(107,21):
          'const _Ty &std::array<_Ty,_Size>::operator [](std::array<_Ty,_Size>::size_type) noexcept const': cannot convert 'this' pointer from 'const std::array' to 'const std::array<_Ty,_Size> &'
              C:\SFML-3.0.0\include\SFML\Graphics\Transform.inl(107,21):
              Reason: cannot convert from 'const std::array' to 'const std::array<_Ty,_Size>'
              C:\SFML-3.0.0\include\SFML\Graphics\Transform.inl(107,21):
              Conversion requires a second user-defined-conversion operator or constructor
      C:\Program Files\Microsoft Visual Studio\2022\Community\VC\Tools\MSVC\14.44.35207\include\array(529,39):
      or       '_Ty &std::array<_Ty,_Size>::operator [](std::array<_Ty,_Size>::size_type) noexcept'
          C:\SFML-3.0.0\include\SFML\Graphics\Transform.inl(107,21):
          '_Ty &std::array<_Ty,_Size>::operator [](std::array<_Ty,_Size>::size_type) noexcept': cannot convert 'this' pointer from 'const std::array' to 'std::array<_Ty,_Size> &'
              C:\SFML-3.0.0\include\SFML\Graphics\Transform.inl(107,21):
              Reason: cannot convert from 'const std::array' to 'std::array<_Ty,_Size>'
              C:\SFML-3.0.0\include\SFML\Graphics\Transform.inl(107,21):
              Conversion requires a second user-defined-conversion operator or constructor
      C:\SFML-3.0.0\include\SFML\Graphics\Transform.inl(107,21):
      while trying to match the argument list '(const std::array, int)'
  
C:\SFML-3.0.0\include\SFML\Graphics\Transform.inl(108,21): error C2678: binary '[': no operator found which takes a left-hand operand of type 'const std::array' (or there is no acceptable conversion)
  (compiling source file 'GridDisplay.cpp')
      C:\Program Files\Microsoft Visual Studio\2022\Community\VC\Tools\MSVC\14.44.35207\include\array(537,42):
      could be 'const _Ty &std::array<_Ty,_Size>::operator [](std::array<_Ty,_Size>::size_type) noexcept const'
          C:\SFML-3.0.0\include\SFML\Graphics\Transform.inl(108,21):
          'const _Ty &std::array<_Ty,_Size>::operator [](std::array<_Ty,_Size>::size_type) noexcept const': cannot convert 'this' pointer from 'const std::array' to 'const std::array<_Ty,_Size> &'
              C:\SFML-3.0.0\include\SFML\Graphics\Transform.inl(108,21):
              Reason: cannot convert from 'const std::array' to 'const std::array<_Ty,_Size>'
              C:\SFML-3.0.0\include\SFML\Graphics\Transform.inl(108,21):
              Conversion requires a second user-defined-conversion operator or constructor
      C:\Program Files\Microsoft Visual Studio\2022\Community\VC\Tools\MSVC\14.44.35207\include\array(529,39):
      or       '_Ty &std::array<_Ty,_Size>::operator [](std::array<_Ty,_Size>::size_type) noexcept'
          C:\SFML-3.0.0\include\SFML\Graphics\Transform.inl(108,21):
          '_Ty &std::array<_Ty,_Size>::operator [](std::array<_Ty,_Size>::size_type) noexcept': cannot convert 'this' pointer from 'const std::array' to 'std::array<_Ty,_Size> &'
              C:\SFML-3.0.0\include\SFML\Graphics\Transform.inl(108,21):
              Reason: cannot convert from 'const std::array' to 'std::array<_Ty,_Size>'
              C:\SFML-3.0.0\include\SFML\Graphics\Transform.inl(108,21):
              Conversion requires a second user-defined-conversion operator or constructor
      C:\SFML-3.0.0\include\SFML\Graphics\Transform.inl(108,21):
      while trying to match the argument list '(const std::array, int)'
  
C:\SFML-3.0.0\include\SFML\Graphics\Transform.inl(110,40): error C2662: 'std::array<_Ty,_Size>::size_type std::array<_Ty,_Size>::size(void) noexcept const': cannot convert 'this' pointer from 'const std::array' to 'const std::array<_Ty,_Size> &'
  (compiling source file 'GridDisplay.cpp')
      C:\SFML-3.0.0\include\SFML\Graphics\Transform.inl(110,33):
      Reason: cannot convert from 'const std::array' to 'const std::array<_Ty,_Size>'
      C:\SFML-3.0.0\include\SFML\Graphics\Transform.inl(110,33):
      Conversion requires a second user-defined-conversion operator or constructor
      C:\Program Files\Microsoft Visual Studio\2022\Community\VC\Tools\MSVC\14.44.35207\include\array(501,59):
      see declaration of 'std::array<_Ty,_Size>::size'
      C:\SFML-3.0.0\include\SFML\Graphics\Transform.inl(110,40):
      while trying to match the argument list '()'
  
C:\SFML-3.0.0\include\SFML\Graphics\Transform.inl(113,18): error C2678: binary '[': no operator found which takes a left-hand operand of type 'const std::array' (or there is no acceptable conversion)
  (compiling source file 'GridDisplay.cpp')
      C:\Program Files\Microsoft Visual Studio\2022\Community\VC\Tools\MSVC\14.44.35207\include\array(537,42):
      could be 'const _Ty &std::array<_Ty,_Size>::operator [](std::array<_Ty,_Size>::size_type) noexcept const'
          C:\SFML-3.0.0\include\SFML\Graphics\Transform.inl(113,18):
          'const _Ty &std::array<_Ty,_Size>::operator [](std::array<_Ty,_Size>::size_type) noexcept const': cannot convert 'this' pointer from 'const std::array' to 'const std::array<_Ty,_Size> &'
              C:\SFML-3.0.0\include\SFML\Graphics\Transform.inl(113,18):
              Reason: cannot convert from 'const std::array' to 'const std::array<_Ty,_Size>'
              C:\SFML-3.0.0\include\SFML\Graphics\Transform.inl(113,18):
              Conversion requires a second user-defined-conversion operator or constructor
      C:\Program Files\Microsoft Visual Studio\2022\Community\VC\Tools\MSVC\14.44.35207\include\array(529,39):
      or       '_Ty &std::array<_Ty,_Size>::operator [](std::array<_Ty,_Size>::size_type) noexcept'
          C:\SFML-3.0.0\include\SFML\Graphics\Transform.inl(113,18):
          '_Ty &std::array<_Ty,_Size>::operator [](std::array<_Ty,_Size>::size_type) noexcept': cannot convert 'this' pointer from 'const std::array' to 'std::array<_Ty,_Size> &'
              C:\SFML-3.0.0\include\SFML\Graphics\Transform.inl(113,18):
              Reason: cannot convert from 'const std::array' to 'std::array<_Ty,_Size>'
              C:\SFML-3.0.0\include\SFML\Graphics\Transform.inl(113,18):
              Conversion requires a second user-defined-conversion operator or constructor
      C:\SFML-3.0.0\include\SFML\Graphics\Transform.inl(113,18):
      while trying to match the argument list '(const std::array, size_t)'
  
C:\SFML-3.0.0\include\SFML\Graphics\Transform.inl(113,49): error C2678: binary '[': no operator found which takes a left-hand operand of type 'const std::array' (or there is no acceptable conversion)
  (compiling source file 'GridDisplay.cpp')
      C:\Program Files\Microsoft Visual Studio\2022\Community\VC\Tools\MSVC\14.44.35207\include\array(537,42):
      could be 'const _Ty &std::array<_Ty,_Size>::operator [](std::array<_Ty,_Size>::size_type) noexcept const'
          C:\SFML-3.0.0\include\SFML\Graphics\Transform.inl(113,49):
          'const _Ty &std::array<_Ty,_Size>::operator [](std::array<_Ty,_Size>::size_type) noexcept const': cannot convert 'this' pointer from 'const std::array' to 'const std::array<_Ty,_Size> &'
              C:\SFML-3.0.0\include\SFML\Graphics\Transform.inl(113,49):
              Reason: cannot convert from 'const std::array' to 'const std::array<_Ty,_Size>'
              C:\SFML-3.0.0\include\SFML\Graphics\Transform.inl(113,49):
              Conversion requires a second user-defined-conversion operator or constructor
      C:\Program Files\Microsoft Visual Studio\2022\Community\VC\Tools\MSVC\14.44.35207\include\array(529,39):
      or       '_Ty &std::array<_Ty,_Size>::operator [](std::array<_Ty,_Size>::size_type) noexcept'
          C:\SFML-3.0.0\include\SFML\Graphics\Transform.inl(113,49):
          '_Ty &std::array<_Ty,_Size>::operator [](std::array<_Ty,_Size>::size_type) noexcept': cannot convert 'this' pointer from 'const std::array' to 'std::array<_Ty,_Size> &'
              C:\SFML-3.0.0\include\SFML\Graphics\Transform.inl(113,49):
              Reason: cannot convert from 'const std::array' to 'std::array<_Ty,_Size>'
              C:\SFML-3.0.0\include\SFML\Graphics\Transform.inl(113,49):
              Conversion requires a second user-defined-conversion operator or constructor
      C:\SFML-3.0.0\include\SFML\Graphics\Transform.inl(113,49):
      while trying to match the argument list '(const std::array, size_t)'
  
C:\SFML-3.0.0\include\SFML\Graphics\Transform.inl(114,18): error C2678: binary '[': no operator found which takes a left-hand operand of type 'const std::array' (or there is no acceptable conversion)
  (compiling source file 'GridDisplay.cpp')
      C:\Program Files\Microsoft Visual Studio\2022\Community\VC\Tools\MSVC\14.44.35207\include\array(537,42):
      could be 'const _Ty &std::array<_Ty,_Size>::operator [](std::array<_Ty,_Size>::size_type) noexcept const'
          C:\SFML-3.0.0\include\SFML\Graphics\Transform.inl(114,18):
          'const _Ty &std::array<_Ty,_Size>::operator [](std::array<_Ty,_Size>::size_type) noexcept const': cannot convert 'this' pointer from 'const std::array' to 'const std::array<_Ty,_Size> &'
              C:\SFML-3.0.0\include\SFML\Graphics\Transform.inl(114,18):
              Reason: cannot convert from 'const std::array' to 'const std::array<_Ty,_Size>'
              C:\SFML-3.0.0\include\SFML\Graphics\Transform.inl(114,18):
              Conversion requires a second user-defined-conversion operator or constructor
      C:\Program Files\Microsoft Visual Studio\2022\Community\VC\Tools\MSVC\14.44.35207\include\array(529,39):
      or       '_Ty &std::array<_Ty,_Size>::operator [](std::array<_Ty,_Size>::size_type) noexcept'
          C:\SFML-3.0.0\include\SFML\Graphics\Transform.inl(114,18):
          '_Ty &std::array<_Ty,_Size>::operator [](std::array<_Ty,_Size>::size_type) noexcept': cannot convert 'this' pointer from 'const std::array' to 'std::array<_Ty,_Size> &'
              C:\SFML-3.0.0\include\SFML\Graphics\Transform.inl(114,18):
              Reason: cannot convert from 'const std::array' to 'std::array<_Ty,_Size>'
              C:\SFML-3.0.0\include\SFML\Graphics\Transform.inl(114,18):
              Conversion requires a second user-defined-conversion operator or constructor
      C:\SFML-3.0.0\include\SFML\Graphics\Transform.inl(114,18):
      while trying to match the argument list '(const std::array, size_t)'
  
C:\SFML-3.0.0\include\SFML\Graphics\Transform.inl(114,49): error C2678: binary '[': no operator found which takes a left-hand operand of type 'const std::array' (or there is no acceptable conversion)
  (compiling source file 'GridDisplay.cpp')
      C:\Program Files\Microsoft Visual Studio\2022\Community\VC\Tools\MSVC\14.44.35207\include\array(537,42):
      could be 'const _Ty &std::array<_Ty,_Size>::operator [](std::array<_Ty,_Size>::size_type) noexcept const'
          C:\SFML-3.0.0\include\SFML\Graphics\Transform.inl(114,49):
          'const _Ty &std::array<_Ty,_Size>::operator [](std::array<_Ty,_Size>::size_type) noexcept const': cannot convert 'this' pointer from 'const std::array' to 'const std::array<_Ty,_Size> &'
              C:\SFML-3.0.0\include\SFML\Graphics\Transform.inl(114,49):
              Reason: cannot convert from 'const std::array' to 'const std::array<_Ty,_Size>'
              C:\SFML-3.0.0\include\SFML\Graphics\Transform.inl(114,49):
              Conversion requires a second user-defined-conversion operator or constructor
      C:\Program Files\Microsoft Visual Studio\2022\Community\VC\Tools\MSVC\14.44.35207\include\array(529,39):
      or       '_Ty &std::array<_Ty,_Size>::operator [](std::array<_Ty,_Size>::size_type) noexcept'
          C:\SFML-3.0.0\include\SFML\Graphics\Transform.inl(114,49):
          '_Ty &std::array<_Ty,_Size>::operator [](std::array<_Ty,_Size>::size_type) noexcept': cannot convert 'this' pointer from 'const std::array' to 'std::array<_Ty,_Size> &'
              C:\SFML-3.0.0\include\SFML\Graphics\Transform.inl(114,49):
              Reason: cannot convert from 'const std::array' to 'std::array<_Ty,_Size>'
              C:\SFML-3.0.0\include\SFML\Graphics\Transform.inl(114,49):
              Conversion requires a second user-defined-conversion operator or constructor
      C:\SFML-3.0.0\include\SFML\Graphics\Transform.inl(114,49):
      while trying to match the argument list '(const std::array, size_t)'
  
C:\SFML-3.0.0\include\SFML\Graphics\Transform.inl(116,18): error C2678: binary '[': no operator found which takes a left-hand operand of type 'const std::array' (or there is no acceptable conversion)
  (compiling source file 'GridDisplay.cpp')
      C:\Program Files\Microsoft Visual Studio\2022\Community\VC\Tools\MSVC\14.44.35207\include\array(537,42):
      could be 'const _Ty &std::array<_Ty,_Size>::operator [](std::array<_Ty,_Size>::size_type) noexcept const'
          C:\SFML-3.0.0\include\SFML\Graphics\Transform.inl(116,18):
          'const _Ty &std::array<_Ty,_Size>::operator [](std::array<_Ty,_Size>::size_type) noexcept const': cannot convert 'this' pointer from 'const std::array' to 'const std::array<_Ty,_Size> &'
              C:\SFML-3.0.0\include\SFML\Graphics\Transform.inl(116,18):
              Reason: cannot convert from 'const std::array' to 'const std::array<_Ty,_Size>'
              C:\SFML-3.0.0\include\SFML\Graphics\Transform.inl(116,18):
              Conversion requires a second user-defined-conversion operator or constructor
      C:\Program Files\Microsoft Visual Studio\2022\Community\VC\Tools\MSVC\14.44.35207\include\array(529,39):
      or       '_Ty &std::array<_Ty,_Size>::operator [](std::array<_Ty,_Size>::size_type) noexcept'
          C:\SFML-3.0.0\include\SFML\Graphics\Transform.inl(116,18):
          '_Ty &std::array<_Ty,_Size>::operator [](std::array<_Ty,_Size>::size_type) noexcept': cannot convert 'this' pointer from 'const std::array' to 'std::array<_Ty,_Size> &'
              C:\SFML-3.0.0\include\SFML\Graphics\Transform.inl(116,18):
              Reason: cannot convert from 'const std::array' to 'std::array<_Ty,_Size>'
              C:\SFML-3.0.0\include\SFML\Graphics\Transform.inl(116,18):
              Conversion requires a second user-defined-conversion operator or constructor
      C:\SFML-3.0.0\include\SFML\Graphics\Transform.inl(116,18):
      while trying to match the argument list '(const std::array, size_t)'
  
C:\SFML-3.0.0\include\SFML\Graphics\Transform.inl(116,49): error C2678: binary '[': no operator found which takes a left-hand operand of type 'const std::array' (or there is no acceptable conversion)
  (compiling source file 'GridDisplay.cpp')
      C:\Program Files\Microsoft Visual Studio\2022\Community\VC\Tools\MSVC\14.44.35207\include\array(537,42):
      could be 'const _Ty &std::array<_Ty,_Size>::operator [](std::array<_Ty,_Size>::size_type) noexcept const'
          C:\SFML-3.0.0\include\SFML\Graphics\Transform.inl(116,49):
          'const _Ty &std::array<_Ty,_Size>::operator [](std::array<_Ty,_Size>::size_type) noexcept const': cannot convert 'this' pointer from 'const std::array' to 'const std::array<_Ty,_Size> &'
              C:\SFML-3.0.0\include\SFML\Graphics\Transform.inl(116,49):
              Reason: cannot convert from 'const std::array' to 'const std::array<_Ty,_Size>'
              C:\SFML-3.0.0\include\SFML\Graphics\Transform.inl(116,49):
              Conversion requires a second user-defined-conversion operator or constructor
      C:\Program Files\Microsoft Visual Studio\2022\Community\VC\Tools\MSVC\14.44.35207\include\array(529,39):
      or       '_Ty &std::array<_Ty,_Size>::operator [](std::array<_Ty,_Size>::size_type) noexcept'
          C:\SFML-3.0.0\include\SFML\Graphics\Transform.inl(116,49):
          '_Ty &std::array<_Ty,_Size>::operator [](std::array<_Ty,_Size>::size_type) noexcept': cannot convert 'this' pointer from 'const std::array' to 'std::array<_Ty,_Size> &'
              C:\SFML-3.0.0\include\SFML\Graphics\Transform.inl(116,49):
              Reason: cannot convert from 'const std::array' to 'std::array<_Ty,_Size>'
              C:\SFML-3.0.0\include\SFML\Graphics\Transform.inl(116,49):
              Conversion requires a second user-defined-conversion operator or constructor
      C:\SFML-3.0.0\include\SFML\Graphics\Transform.inl(116,49):
      while trying to match the argument list '(const std::array, size_t)'
  
C:\SFML-3.0.0\include\SFML\Graphics\Transform.inl(117,18): error C2678: binary '[': no operator found which takes a left-hand operand of type 'const std::array' (or there is no acceptable conversion)
  (compiling source file 'GridDisplay.cpp')
      C:\Program Files\Microsoft Visual Studio\2022\Community\VC\Tools\MSVC\14.44.35207\include\array(537,42):
      could be 'const _Ty &std::array<_Ty,_Size>::operator [](std::array<_Ty,_Size>::size_type) noexcept const'
          C:\SFML-3.0.0\include\SFML\Graphics\Transform.inl(117,18):
          'const _Ty &std::array<_Ty,_Size>::operator [](std::array<_Ty,_Size>::size_type) noexcept const': cannot convert 'this' pointer from 'const std::array' to 'const std::array<_Ty,_Size> &'
              C:\SFML-3.0.0\include\SFML\Graphics\Transform.inl(117,18):
              Reason: cannot convert from 'const std::array' to 'const std::array<_Ty,_Size>'
              C:\SFML-3.0.0\include\SFML\Graphics\Transform.inl(117,18):
              Conversion requires a second user-defined-conversion operator or constructor
      C:\Program Files\Microsoft Visual Studio\2022\Community\VC\Tools\MSVC\14.44.35207\include\array(529,39):
      or       '_Ty &std::array<_Ty,_Size>::operator [](std::array<_Ty,_Size>::size_type) noexcept'
          C:\SFML-3.0.0\include\SFML\Graphics\Transform.inl(117,18):
          '_Ty &std::array<_Ty,_Size>::operator [](std::array<_Ty,_Size>::size_type) noexcept': cannot convert 'this' pointer from 'const std::array' to 'std::array<_Ty,_Size> &'
              C:\SFML-3.0.0\include\SFML\Graphics\Transform.inl(117,18):
              Reason: cannot convert from 'const std::array' to 'std::array<_Ty,_Size>'
              C:\SFML-3.0.0\include\SFML\Graphics\Transform.inl(117,18):
              Conversion requires a second user-defined-conversion operator or constructor
      C:\SFML-3.0.0\include\SFML\Graphics\Transform.inl(117,18):
      while trying to match the argument list '(const std::array, size_t)'
  
C:\SFML-3.0.0\include\SFML\Graphics\Transform.inl(117,49): error C2678: binary '[': no operator found which takes a left-hand operand of type 'const std::array' (or there is no acceptable conversion)
  (compiling source file 'GridDisplay.cpp')
      C:\Program Files\Microsoft Visual Studio\2022\Community\VC\Tools\MSVC\14.44.35207\include\array(537,42):
      could be 'const _Ty &std::array<_Ty,_Size>::operator [](std::array<_Ty,_Size>::size_type) noexcept const'
          C:\SFML-3.0.0\include\SFML\Graphics\Transform.inl(117,49):
          'const _Ty &std::array<_Ty,_Size>::operator [](std::array<_Ty,_Size>::size_type) noexcept const': cannot convert 'this' pointer from 'const std::array' to 'const std::array<_Ty,_Size> &'
              C:\SFML-3.0.0\include\SFML\Graphics\Transform.inl(117,49):
              Reason: cannot convert from 'const std::array' to 'const std::array<_Ty,_Size>'
              C:\SFML-3.0.0\include\SFML\Graphics\Transform.inl(117,49):
              Conversion requires a second user-defined-conversion operator or constructor
      C:\Program Files\Microsoft Visual Studio\2022\Community\VC\Tools\MSVC\14.44.35207\include\array(529,39):
      or       '_Ty &std::array<_Ty,_Size>::operator [](std::array<_Ty,_Size>::size_type) noexcept'
          C:\SFML-3.0.0\include\SFML\Graphics\Transform.inl(117,49):
          '_Ty &std::array<_Ty,_Size>::operator [](std::array<_Ty,_Size>::size_type) noexcept': cannot convert 'this' pointer from 'const std::array' to 'std::array<_Ty,_Size> &'
              C:\SFML-3.0.0\include\SFML\Graphics\Transform.inl(117,49):
              Reason: cannot convert from 'const std::array' to 'std::array<_Ty,_Size>'
              C:\SFML-3.0.0\include\SFML\Graphics\Transform.inl(117,49):
              Conversion requires a second user-defined-conversion operator or constructor
      C:\SFML-3.0.0\include\SFML\Graphics\Transform.inl(117,49):
      while trying to match the argument list '(const std::array, size_t)'
  
C:\SFML-3.0.0\include\SFML\Graphics\Transform.inl(98,32): error C3615: constexpr function 'sf::Transform::transformRect' cannot result in a constant expression
  (compiling source file 'GridDisplay.cpp')
      C:\SFML-3.0.0\include\SFML\Graphics\Transform.inl(101,22):
      failure was because type 'const std::array' is not a literal type
      C:\Program Files\Microsoft Visual Studio\2022\Community\VC\Tools\MSVC\14.44.35207\include\array(402,7):
      type 'std::array' is not a literal type because it is not an aggregate type, a closure type, or does not have a constexpr constructor that is not a copy or move constructor
      C:\SFML-3.0.0\include\SFML\Graphics\Transform.inl(110,39):
      failure was caused by call of undefined function or one not declared 'constexpr'
      C:\SFML-3.0.0\include\SFML\Graphics\Transform.inl(110,39):
      see usage of '<declval>'
      C:\SFML-3.0.0\include\SFML\Graphics\Transform.inl(98,32):
      failure was caused by control reaching the end of a constexpr function
  
C:\SFML-3.0.0\include\SFML\Graphics\Transform.inl(234,39): error C7525: inline variables require at least '/std:c++17'
  (compiling source file 'GridDisplay.cpp')
  
C:\SFML-3.0.0\include\SFML\Graphics\Rect.hpp(98,34): error C2178: 'sf::Rect<int>::optional' cannot be declared with 'constexpr' specifier
  (compiling source file 'GridDisplay.cpp')
  
C:\Program Files\Microsoft Visual Studio\2022\Community\VC\Tools\MSVC\14.44.35207\include\filesystem(12): warning STL4038: The contents of <filesystem> are available only with C++17 or later.
C:\SFML-3.0.0\include\SFML\Graphics\Texture.hpp(114,33): error C2039: 'filesystem': is not a member of 'std'
  (compiling source file 'GridDisplay.cpp')
      C:\Program Files\Microsoft Visual Studio\2022\Community\VC\Tools\MSVC\14.44.35207\include\array(19,1):
      see declaration of 'std'
  
C:\SFML-3.0.0\include\SFML\Graphics\Texture.hpp(114,33): error C3083: 'filesystem': the symbol to the left of a '::' must be a type
  (compiling source file 'GridDisplay.cpp')
  
C:\SFML-3.0.0\include\SFML\Graphics\Texture.hpp(114,45): error C2039: 'path': is not a member of 'std'
  (compiling source file 'GridDisplay.cpp')
      C:\Program Files\Microsoft Visual Studio\2022\Community\VC\Tools\MSVC\14.44.35207\include\array(19,1):
      see declaration of 'std'
  
C:\SFML-3.0.0\include\SFML\Graphics\Texture.hpp(114,22): error C4430: missing type specifier - int assumed. Note: C++ does not support default-int
  (compiling source file 'GridDisplay.cpp')
  
C:\SFML-3.0.0\include\SFML\Graphics\Texture.hpp(114,49): error C2143: syntax error: missing ',' before '&'
  (compiling source file 'GridDisplay.cpp')
  
C:\SFML-3.0.0\include\SFML\Graphics\Texture.hpp(137,24): error C2039: 'filesystem': is not a member of 'std'
  (compiling source file 'GridDisplay.cpp')
      C:\Program Files\Microsoft Visual Studio\2022\Community\VC\Tools\MSVC\14.44.35207\include\array(19,1):
      see declaration of 'std'
  
C:\SFML-3.0.0\include\SFML\Graphics\Texture.hpp(137,24): error C3083: 'filesystem': the symbol to the left of a '::' must be a type
  (compiling source file 'GridDisplay.cpp')
  
C:\SFML-3.0.0\include\SFML\Graphics\Texture.hpp(137,36): error C2039: 'path': is not a member of 'std'
  (compiling source file 'GridDisplay.cpp')
      C:\Program Files\Microsoft Visual Studio\2022\Community\VC\Tools\MSVC\14.44.35207\include\array(19,1):
      see declaration of 'std'
  
C:\SFML-3.0.0\include\SFML\Graphics\Texture.hpp(137,13): error C4430: missing type specifier - int assumed. Note: C++ does not support default-int
  (compiling source file 'GridDisplay.cpp')
  
C:\SFML-3.0.0\include\SFML\Graphics\Texture.hpp(137,40): error C2143: syntax error: missing ',' before '&'
  (compiling source file 'GridDisplay.cpp')
  
C:\SFML-3.0.0\include\SFML\Graphics\Texture.hpp(137,5): error C2535: 'sf::Texture::Texture(const int)': member function already defined or declared
  (compiling source file 'GridDisplay.cpp')
      C:\SFML-3.0.0\include\SFML\Graphics\Texture.hpp(114,5):
      see declaration of 'sf::Texture::Texture'
  
C:\SFML-3.0.0\include\SFML\Graphics\Texture.hpp(304,48): error C2039: 'filesystem': is not a member of 'std'
  (compiling source file 'GridDisplay.cpp')
      C:\Program Files\Microsoft Visual Studio\2022\Community\VC\Tools\MSVC\14.44.35207\include\array(19,1):
      see declaration of 'std'
  
C:\SFML-3.0.0\include\SFML\Graphics\Texture.hpp(304,48): error C3083: 'filesystem': the symbol to the left of a '::' must be a type
  (compiling source file 'GridDisplay.cpp')
  
C:\SFML-3.0.0\include\SFML\Graphics\Texture.hpp(304,60): error C2039: 'path': is not a member of 'std'
  (compiling source file 'GridDisplay.cpp')
      C:\Program Files\Microsoft Visual Studio\2022\Community\VC\Tools\MSVC\14.44.35207\include\array(19,1):
      see declaration of 'std'
  
C:\SFML-3.0.0\include\SFML\Graphics\Texture.hpp(304,37): error C4430: missing type specifier - int assumed. Note: C++ does not support default-int
  (compiling source file 'GridDisplay.cpp')
  
C:\SFML-3.0.0\include\SFML\Graphics\Texture.hpp(304,64): error C2143: syntax error: missing ',' before '&'
  (compiling source file 'GridDisplay.cpp')
  
C:\SFML-3.0.0\include\SFML\Graphics\Texture.hpp(304,117): error C2143: syntax error: missing ')' before '{'
  (compiling source file 'GridDisplay.cpp')
  
C:\SFML-3.0.0\include\SFML\Graphics\Texture.hpp(304,119): error C2059: syntax error: ')'
  (compiling source file 'GridDisplay.cpp')
  
C:\SFML-3.0.0\include\SFML\Graphics\Font.hpp(103,30): error C2039: 'filesystem': is not a member of 'std'
  (compiling source file 'GridDisplay.cpp')
      C:\Program Files\Microsoft Visual Studio\2022\Community\VC\Tools\MSVC\14.44.35207\include\unordered_map(23,1):
      see declaration of 'std'
  
C:\SFML-3.0.0\include\SFML\Graphics\Font.hpp(103,30): error C3083: 'filesystem': the symbol to the left of a '::' must be a type
  (compiling source file 'GridDisplay.cpp')
  
C:\SFML-3.0.0\include\SFML\Graphics\Font.hpp(103,42): error C2039: 'path': is not a member of 'std'
  (compiling source file 'GridDisplay.cpp')
      C:\Program Files\Microsoft Visual Studio\2022\Community\VC\Tools\MSVC\14.44.35207\include\unordered_map(23,1):
      see declaration of 'std'
  
C:\SFML-3.0.0\include\SFML\Graphics\Font.hpp(103,19): error C4430: missing type specifier - int assumed. Note: C++ does not support default-int
  (compiling source file 'GridDisplay.cpp')
  
C:\SFML-3.0.0\include\SFML\Graphics\Font.hpp(103,46): error C2143: syntax error: missing ',' before '&'
  (compiling source file 'GridDisplay.cpp')
  
C:\SFML-3.0.0\include\SFML\Graphics\Font.hpp(168,48): error C2039: 'filesystem': is not a member of 'std'
  (compiling source file 'GridDisplay.cpp')
      C:\Program Files\Microsoft Visual Studio\2022\Community\VC\Tools\MSVC\14.44.35207\include\unordered_map(23,1):
      see declaration of 'std'
  
C:\SFML-3.0.0\include\SFML\Graphics\Font.hpp(168,48): error C3083: 'filesystem': the symbol to the left of a '::' must be a type
  (compiling source file 'GridDisplay.cpp')
  
C:\SFML-3.0.0\include\SFML\Graphics\Font.hpp(168,60): error C2039: 'path': is not a member of 'std'
  (compiling source file 'GridDisplay.cpp')
      C:\Program Files\Microsoft Visual Studio\2022\Community\VC\Tools\MSVC\14.44.35207\include\unordered_map(23,1):
      see declaration of 'std'
  
C:\SFML-3.0.0\include\SFML\Graphics\Font.hpp(168,37): error C4430: missing type specifier - int assumed. Note: C++ does not support default-int
  (compiling source file 'GridDisplay.cpp')
  
C:\SFML-3.0.0\include\SFML\Graphics\Font.hpp(168,64): error C2143: syntax error: missing ',' before '&'
  (compiling source file 'GridDisplay.cpp')
  
C:\Program Files\Microsoft Visual Studio\2022\Community\VC\Tools\MSVC\14.44.35207\include\string_view(12): warning STL4038: The contents of <string_view> are available only with C++17 or later.
C:\SFML-3.0.0\include\SFML\Graphics\Image.hpp(103,31): error C2039: 'filesystem': is not a member of 'std'
  (compiling source file 'GridDisplay.cpp')
      C:\Program Files\Microsoft Visual Studio\2022\Community\VC\Tools\MSVC\14.44.35207\include\unordered_map(23,1):
      see declaration of 'std'
  
C:\SFML-3.0.0\include\SFML\Graphics\Image.hpp(103,31): error C3083: 'filesystem': the symbol to the left of a '::' must be a type
  (compiling source file 'GridDisplay.cpp')
  
C:\SFML-3.0.0\include\SFML\Graphics\Image.hpp(103,43): error C2039: 'path': is not a member of 'std'
  (compiling source file 'GridDisplay.cpp')
      C:\Program Files\Microsoft Visual Studio\2022\Community\VC\Tools\MSVC\14.44.35207\include\unordered_map(23,1):
      see declaration of 'std'
  
C:\SFML-3.0.0\include\SFML\Graphics\Image.hpp(103,20): error C4430: missing type specifier - int assumed. Note: C++ does not support default-int
  (compiling source file 'GridDisplay.cpp')
  
C:\SFML-3.0.0\include\SFML\Graphics\Image.hpp(103,47): error C2143: syntax error: missing ',' before '&'
  (compiling source file 'GridDisplay.cpp')
  
C:\SFML-3.0.0\include\SFML\Graphics\Image.hpp(175,48): error C2039: 'filesystem': is not a member of 'std'
  (compiling source file 'GridDisplay.cpp')
      C:\Program Files\Microsoft Visual Studio\2022\Community\VC\Tools\MSVC\14.44.35207\include\unordered_map(23,1):
      see declaration of 'std'
  
C:\SFML-3.0.0\include\SFML\Graphics\Image.hpp(175,48): error C3083: 'filesystem': the symbol to the left of a '::' must be a type
  (compiling source file 'GridDisplay.cpp')
  
C:\SFML-3.0.0\include\SFML\Graphics\Image.hpp(175,60): error C2039: 'path': is not a member of 'std'
  (compiling source file 'GridDisplay.cpp')
      C:\Program Files\Microsoft Visual Studio\2022\Community\VC\Tools\MSVC\14.44.35207\include\unordered_map(23,1):
      see declaration of 'std'
  
C:\SFML-3.0.0\include\SFML\Graphics\Image.hpp(175,37): error C4430: missing type specifier - int assumed. Note: C++ does not support default-int
  (compiling source file 'GridDisplay.cpp')
  
C:\SFML-3.0.0\include\SFML\Graphics\Image.hpp(175,64): error C2143: syntax error: missing ',' before '&'
  (compiling source file 'GridDisplay.cpp')
  
C:\SFML-3.0.0\include\SFML\Graphics\Image.hpp(227,46): error C2039: 'filesystem': is not a member of 'std'
  (compiling source file 'GridDisplay.cpp')
      C:\Program Files\Microsoft Visual Studio\2022\Community\VC\Tools\MSVC\14.44.35207\include\unordered_map(23,1):
      see declaration of 'std'
  
C:\SFML-3.0.0\include\SFML\Graphics\Image.hpp(227,46): error C3083: 'filesystem': the symbol to the left of a '::' must be a type
  (compiling source file 'GridDisplay.cpp')
  
C:\SFML-3.0.0\include\SFML\Graphics\Image.hpp(227,58): error C2039: 'path': is not a member of 'std'
  (compiling source file 'GridDisplay.cpp')
      C:\Program Files\Microsoft Visual Studio\2022\Community\VC\Tools\MSVC\14.44.35207\include\unordered_map(23,1):
      see declaration of 'std'
  
C:\SFML-3.0.0\include\SFML\Graphics\Image.hpp(227,58): error C1003: error count exceeds 100; stopping compilation
  (compiling source file 'GridDisplay.cpp')
  
  HUD.cpp
C:\SFML-3.0.0\include\SFML\Graphics\Color.inl(75,17): error C3615: constexpr function 'sf::operator +' cannot result in a constant expression
  (compiling source file 'HUD.cpp')
      C:\SFML-3.0.0\include\SFML\Graphics\Color.inl(77,16):
      failure was because type 'const sf::+::<lambda_16287c72c63b32e0a9fa1270f38e4b81>' is not a literal type
      C:\SFML-3.0.0\include\SFML\Graphics\Color.inl(81,5):
      type 'sf::+::<lambda_16287c72c63b32e0a9fa1270f38e4b81>' is not a literal type because it is not an aggregate type, a closure type, or does not have a constexpr constructor that is not a copy or move constructor
  
C:\SFML-3.0.0\include\SFML\Graphics\Color.inl(91,17): error C3615: constexpr function 'sf::operator -' cannot result in a constant expression
  (compiling source file 'HUD.cpp')
      C:\SFML-3.0.0\include\SFML\Graphics\Color.inl(93,16):
      failure was because type 'const sf::-::<lambda_306030dfce25397b9816ce24c68c04f0>' is not a literal type
      C:\SFML-3.0.0\include\SFML\Graphics\Color.inl(97,5):
      type 'sf::-::<lambda_306030dfce25397b9816ce24c68c04f0>' is not a literal type because it is not an aggregate type, a closure type, or does not have a constexpr constructor that is not a copy or move constructor
  
C:\SFML-3.0.0\include\SFML\Graphics\Color.inl(107,17): error C3615: constexpr function 'sf::operator *' cannot result in a constant expression
  (compiling source file 'HUD.cpp')
      C:\SFML-3.0.0\include\SFML\Graphics\Color.inl(109,16):
      failure was because type 'const sf::*::<lambda_1570e60a8275d4bb357b66a7fbaafc0b>' is not a literal type
      C:\SFML-3.0.0\include\SFML\Graphics\Color.inl(113,5):
      type 'sf::*::<lambda_1570e60a8275d4bb357b66a7fbaafc0b>' is not a literal type because it is not an aggregate type, a closure type, or does not have a constexpr constructor that is not a copy or move constructor
  
C:\SFML-3.0.0\include\SFML\Graphics\Color.inl(146,31): error C7525: inline variables require at least '/std:c++17'
  (compiling source file 'HUD.cpp')
  
C:\SFML-3.0.0\include\SFML\Graphics\Color.inl(147,31): error C7525: inline variables require at least '/std:c++17'
  (compiling source file 'HUD.cpp')
  
C:\SFML-3.0.0\include\SFML\Graphics\Color.inl(148,31): error C7525: inline variables require at least '/std:c++17'
  (compiling source file 'HUD.cpp')
  
C:\SFML-3.0.0\include\SFML\Graphics\Color.inl(149,31): error C7525: inline variables require at least '/std:c++17'
  (compiling source file 'HUD.cpp')
  
C:\SFML-3.0.0\include\SFML\Graphics\Color.inl(150,31): error C7525: inline variables require at least '/std:c++17'
  (compiling source file 'HUD.cpp')
  
C:\SFML-3.0.0\include\SFML\Graphics\Color.inl(151,31): error C7525: inline variables require at least '/std:c++17'
  (compiling source file 'HUD.cpp')
  
C:\SFML-3.0.0\include\SFML\Graphics\Color.inl(152,31): error C7525: inline variables require at least '/std:c++17'
  (compiling source file 'HUD.cpp')
  
C:\SFML-3.0.0\include\SFML\Graphics\Color.inl(153,31): error C7525: inline variables require at least '/std:c++17'
  (compiling source file 'HUD.cpp')
  
C:\SFML-3.0.0\include\SFML\Graphics\Color.inl(154,31): error C7525: inline variables require at least '/std:c++17'
  (compiling source file 'HUD.cpp')
  
C:\SFML-3.0.0\include\SFML\System\Angle.inl(272,31): error C7525: inline variables require at least '/std:c++17'
  (compiling source file 'HUD.cpp')
  
C:\Program Files\Microsoft Visual Studio\2022\Community\VC\Tools\MSVC\14.44.35207\include\optional(11): warning STL4038: The contents of <optional> are available only with C++17 or later.
C:\SFML-3.0.0\include\SFML\Graphics\Rect.hpp(98,42): error C2143: syntax error: missing ';' before '<'
  (compiling source file 'HUD.cpp')
      C:\SFML-3.0.0\include\SFML\Graphics\Rect.hpp(98,42):
      the template instantiation context (the oldest one first) is
          C:\SFML-3.0.0\include\SFML\Graphics\Rect.hpp(42,7):
          while compiling class template 'sf::Rect'
  
C:\SFML-3.0.0\include\SFML\Graphics\Rect.hpp(98,34): error C4430: missing type specifier - int assumed. Note: C++ does not support default-int
  (compiling source file 'HUD.cpp')
  
C:\SFML-3.0.0\include\SFML\Graphics\Rect.hpp(98,34): error C2178: 'sf::Rect<T>::optional' cannot be declared with 'constexpr' specifier
  (compiling source file 'HUD.cpp')
  
C:\SFML-3.0.0\include\SFML\Graphics\Rect.hpp(98,5): warning C4869: 'nodiscard' may only be applied to classes, enumerations, and functions
  (compiling source file 'HUD.cpp')
  
C:\SFML-3.0.0\include\SFML\Graphics\Rect.hpp(98,100): error C2238: unexpected token(s) preceding ';'
  (compiling source file 'HUD.cpp')
  
C:\SFML-3.0.0\include\SFML\Graphics\Rect.inl(71,16): error C2039: 'optional': is not a member of 'std'
  (compiling source file 'HUD.cpp')
      C:\Program Files\Microsoft Visual Studio\2022\Community\VC\Tools\MSVC\14.44.35207\include\yvals.h(361,1):
      see declaration of 'std'
  
C:\SFML-3.0.0\include\SFML\Graphics\Rect.inl(71,24): error C2988: unrecognizable template declaration/definition
  (compiling source file 'HUD.cpp')
  
C:\SFML-3.0.0\include\SFML\Graphics\Rect.inl(71,24): error C2143: syntax error: missing ';' before '<'
  (compiling source file 'HUD.cpp')
  
C:\SFML-3.0.0\include\SFML\Graphics\Rect.inl(71,16): error C4430: missing type specifier - int assumed. Note: C++ does not support default-int
  (compiling source file 'HUD.cpp')
  
C:\SFML-3.0.0\include\SFML\Graphics\Rect.inl(71,24): error C2059: syntax error: '<'
  (compiling source file 'HUD.cpp')
  
C:\SFML-3.0.0\include\SFML\Graphics\Rect.inl(71,30): error C2065: 'T': undeclared identifier
  (compiling source file 'HUD.cpp')
  
C:\SFML-3.0.0\include\SFML\Graphics\Rect.inl(71,25): error C2923: 'sf::Rect': 'T' is not a valid template type argument for parameter 'T'
  (compiling source file 'HUD.cpp')
      C:\SFML-3.0.0\include\SFML\Graphics\Rect.inl(71,30):
      see declaration of 'T'
  
C:\SFML-3.0.0\include\SFML\Graphics\Rect.inl(71,39): error C2065: 'T': undeclared identifier
  (compiling source file 'HUD.cpp')
  
C:\SFML-3.0.0\include\SFML\Graphics\Rect.inl(71,34): error C2923: 'sf::Rect': 'T' is not a valid template type argument for parameter 'T'
  (compiling source file 'HUD.cpp')
      C:\SFML-3.0.0\include\SFML\Graphics\Rect.inl(71,39):
      see declaration of 'T'
  
C:\SFML-3.0.0\include\SFML\Graphics\Rect.inl(71,71): error C2065: 'T': undeclared identifier
  (compiling source file 'HUD.cpp')
  
C:\SFML-3.0.0\include\SFML\Graphics\Rect.inl(71,66): error C2923: 'sf::Rect': 'T' is not a valid template type argument for parameter 'T'
  (compiling source file 'HUD.cpp')
      C:\SFML-3.0.0\include\SFML\Graphics\Rect.inl(71,71):
      see declaration of 'T'
  
C:\SFML-3.0.0\include\SFML\Graphics\Rect.inl(72,1): error C2143: syntax error: missing ';' before '{'
  (compiling source file 'HUD.cpp')
  
C:\SFML-3.0.0\include\SFML\Graphics\Rect.inl(72,1): error C2447: '{': missing function header (old-style formal list?)
  (compiling source file 'HUD.cpp')
  
C:\SFML-3.0.0\include\SFML\Graphics\Transform.inl(52,35): error C3615: constexpr function 'sf::Transform::getMatrix' cannot result in a constant expression
  (compiling source file 'HUD.cpp')
      C:\SFML-3.0.0\include\SFML\Graphics\Transform.inl(54,25):
      failure was caused by call of undefined function or one not declared 'constexpr'
      C:\SFML-3.0.0\include\SFML\Graphics\Transform.inl(54,25):
      see usage of 'std::array<float,16>::data'
  
C:\SFML-3.0.0\include\SFML\Graphics\Rect.hpp(98,34): error C2039: 'optional': is not a member of 'std'
  (compiling source file 'HUD.cpp')
      C:\Program Files\Microsoft Visual Studio\2022\Community\VC\Tools\MSVC\14.44.35207\include\array(19,1):
      see declaration of 'std'
      C:\SFML-3.0.0\include\SFML\Graphics\Rect.hpp(98,34):
      the template instantiation context (the oldest one first) is
          C:\SFML-3.0.0\include\SFML\Graphics\Transform.inl(98,32):
          see reference to class template instantiation 'sf::Rect<float>' being compiled
  
C:\SFML-3.0.0\include\SFML\Graphics\Rect.hpp(98,34): error C2178: 'sf::Rect<float>::optional' cannot be declared with 'constexpr' specifier
  (compiling source file 'HUD.cpp')
  
C:\SFML-3.0.0\include\SFML\Graphics\Transform.inl(101,31): error C2514: 'std::array': class template cannot be constructed
  (compiling source file 'HUD.cpp')
      C:\Program Files\Microsoft Visual Studio\2022\Community\VC\Tools\MSVC\14.44.35207\include\array(402,7):
      see declaration of 'std::array'
  
C:\SFML-3.0.0\include\SFML\Graphics\Transform.inl(107,21): error C2678: binary '[': no operator found which takes a left-hand operand of type 'const std::array' (or there is no acceptable conversion)
  (compiling source file 'HUD.cpp')
      C:\Program Files\Microsoft Visual Studio\2022\Community\VC\Tools\MSVC\14.44.35207\include\array(537,42):
      could be 'const _Ty &std::array<_Ty,_Size>::operator [](std::array<_Ty,_Size>::size_type) noexcept const'
          C:\SFML-3.0.0\include\SFML\Graphics\Transform.inl(107,21):
          'const _Ty &std::array<_Ty,_Size>::operator [](std::array<_Ty,_Size>::size_type) noexcept const': cannot convert 'this' pointer from 'const std::array' to 'const std::array<_Ty,_Size> &'
              C:\SFML-3.0.0\include\SFML\Graphics\Transform.inl(107,21):
              Reason: cannot convert from 'const std::array' to 'const std::array<_Ty,_Size>'
              C:\SFML-3.0.0\include\SFML\Graphics\Transform.inl(107,21):
              Conversion requires a second user-defined-conversion operator or constructor
      C:\Program Files\Microsoft Visual Studio\2022\Community\VC\Tools\MSVC\14.44.35207\include\array(529,39):
      or       '_Ty &std::array<_Ty,_Size>::operator [](std::array<_Ty,_Size>::size_type) noexcept'
          C:\SFML-3.0.0\include\SFML\Graphics\Transform.inl(107,21):
          '_Ty &std::array<_Ty,_Size>::operator [](std::array<_Ty,_Size>::size_type) noexcept': cannot convert 'this' pointer from 'const std::array' to 'std::array<_Ty,_Size> &'
              C:\SFML-3.0.0\include\SFML\Graphics\Transform.inl(107,21):
              Reason: cannot convert from 'const std::array' to 'std::array<_Ty,_Size>'
              C:\SFML-3.0.0\include\SFML\Graphics\Transform.inl(107,21):
              Conversion requires a second user-defined-conversion operator or constructor
      C:\SFML-3.0.0\include\SFML\Graphics\Transform.inl(107,21):
      while trying to match the argument list '(const std::array, int)'
  
C:\SFML-3.0.0\include\SFML\Graphics\Transform.inl(108,21): error C2678: binary '[': no operator found which takes a left-hand operand of type 'const std::array' (or there is no acceptable conversion)
  (compiling source file 'HUD.cpp')
      C:\Program Files\Microsoft Visual Studio\2022\Community\VC\Tools\MSVC\14.44.35207\include\array(537,42):
      could be 'const _Ty &std::array<_Ty,_Size>::operator [](std::array<_Ty,_Size>::size_type) noexcept const'
          C:\SFML-3.0.0\include\SFML\Graphics\Transform.inl(108,21):
          'const _Ty &std::array<_Ty,_Size>::operator [](std::array<_Ty,_Size>::size_type) noexcept const': cannot convert 'this' pointer from 'const std::array' to 'const std::array<_Ty,_Size> &'
              C:\SFML-3.0.0\include\SFML\Graphics\Transform.inl(108,21):
              Reason: cannot convert from 'const std::array' to 'const std::array<_Ty,_Size>'
              C:\SFML-3.0.0\include\SFML\Graphics\Transform.inl(108,21):
              Conversion requires a second user-defined-conversion operator or constructor
      C:\Program Files\Microsoft Visual Studio\2022\Community\VC\Tools\MSVC\14.44.35207\include\array(529,39):
      or       '_Ty &std::array<_Ty,_Size>::operator [](std::array<_Ty,_Size>::size_type) noexcept'
          C:\SFML-3.0.0\include\SFML\Graphics\Transform.inl(108,21):
          '_Ty &std::array<_Ty,_Size>::operator [](std::array<_Ty,_Size>::size_type) noexcept': cannot convert 'this' pointer from 'const std::array' to 'std::array<_Ty,_Size> &'
              C:\SFML-3.0.0\include\SFML\Graphics\Transform.inl(108,21):
              Reason: cannot convert from 'const std::array' to 'std::array<_Ty,_Size>'
              C:\SFML-3.0.0\include\SFML\Graphics\Transform.inl(108,21):
              Conversion requires a second user-defined-conversion operator or constructor
      C:\SFML-3.0.0\include\SFML\Graphics\Transform.inl(108,21):
      while trying to match the argument list '(const std::array, int)'
  
C:\SFML-3.0.0\include\SFML\Graphics\Transform.inl(110,40): error C2662: 'std::array<_Ty,_Size>::size_type std::array<_Ty,_Size>::size(void) noexcept const': cannot convert 'this' pointer from 'const std::array' to 'const std::array<_Ty,_Size> &'
  (compiling source file 'HUD.cpp')
      C:\SFML-3.0.0\include\SFML\Graphics\Transform.inl(110,33):
      Reason: cannot convert from 'const std::array' to 'const std::array<_Ty,_Size>'
      C:\SFML-3.0.0\include\SFML\Graphics\Transform.inl(110,33):
      Conversion requires a second user-defined-conversion operator or constructor
      C:\Program Files\Microsoft Visual Studio\2022\Community\VC\Tools\MSVC\14.44.35207\include\array(501,59):
      see declaration of 'std::array<_Ty,_Size>::size'
      C:\SFML-3.0.0\include\SFML\Graphics\Transform.inl(110,40):
      while trying to match the argument list '()'
  
C:\SFML-3.0.0\include\SFML\Graphics\Transform.inl(113,18): error C2678: binary '[': no operator found which takes a left-hand operand of type 'const std::array' (or there is no acceptable conversion)
  (compiling source file 'HUD.cpp')
      C:\Program Files\Microsoft Visual Studio\2022\Community\VC\Tools\MSVC\14.44.35207\include\array(537,42):
      could be 'const _Ty &std::array<_Ty,_Size>::operator [](std::array<_Ty,_Size>::size_type) noexcept const'
          C:\SFML-3.0.0\include\SFML\Graphics\Transform.inl(113,18):
          'const _Ty &std::array<_Ty,_Size>::operator [](std::array<_Ty,_Size>::size_type) noexcept const': cannot convert 'this' pointer from 'const std::array' to 'const std::array<_Ty,_Size> &'
              C:\SFML-3.0.0\include\SFML\Graphics\Transform.inl(113,18):
              Reason: cannot convert from 'const std::array' to 'const std::array<_Ty,_Size>'
              C:\SFML-3.0.0\include\SFML\Graphics\Transform.inl(113,18):
              Conversion requires a second user-defined-conversion operator or constructor
      C:\Program Files\Microsoft Visual Studio\2022\Community\VC\Tools\MSVC\14.44.35207\include\array(529,39):
      or       '_Ty &std::array<_Ty,_Size>::operator [](std::array<_Ty,_Size>::size_type) noexcept'
          C:\SFML-3.0.0\include\SFML\Graphics\Transform.inl(113,18):
          '_Ty &std::array<_Ty,_Size>::operator [](std::array<_Ty,_Size>::size_type) noexcept': cannot convert 'this' pointer from 'const std::array' to 'std::array<_Ty,_Size> &'
              C:\SFML-3.0.0\include\SFML\Graphics\Transform.inl(113,18):
              Reason: cannot convert from 'const std::array' to 'std::array<_Ty,_Size>'
              C:\SFML-3.0.0\include\SFML\Graphics\Transform.inl(113,18):
              Conversion requires a second user-defined-conversion operator or constructor
      C:\SFML-3.0.0\include\SFML\Graphics\Transform.inl(113,18):
      while trying to match the argument list '(const std::array, size_t)'
  
C:\SFML-3.0.0\include\SFML\Graphics\Transform.inl(113,49): error C2678: binary '[': no operator found which takes a left-hand operand of type 'const std::array' (or there is no acceptable conversion)
  (compiling source file 'HUD.cpp')
      C:\Program Files\Microsoft Visual Studio\2022\Community\VC\Tools\MSVC\14.44.35207\include\array(537,42):
      could be 'const _Ty &std::array<_Ty,_Size>::operator [](std::array<_Ty,_Size>::size_type) noexcept const'
          C:\SFML-3.0.0\include\SFML\Graphics\Transform.inl(113,49):
          'const _Ty &std::array<_Ty,_Size>::operator [](std::array<_Ty,_Size>::size_type) noexcept const': cannot convert 'this' pointer from 'const std::array' to 'const std::array<_Ty,_Size> &'
              C:\SFML-3.0.0\include\SFML\Graphics\Transform.inl(113,49):
              Reason: cannot convert from 'const std::array' to 'const std::array<_Ty,_Size>'
              C:\SFML-3.0.0\include\SFML\Graphics\Transform.inl(113,49):
              Conversion requires a second user-defined-conversion operator or constructor
      C:\Program Files\Microsoft Visual Studio\2022\Community\VC\Tools\MSVC\14.44.35207\include\array(529,39):
      or       '_Ty &std::array<_Ty,_Size>::operator [](std::array<_Ty,_Size>::size_type) noexcept'
          C:\SFML-3.0.0\include\SFML\Graphics\Transform.inl(113,49):
          '_Ty &std::array<_Ty,_Size>::operator [](std::array<_Ty,_Size>::size_type) noexcept': cannot convert 'this' pointer from 'const std::array' to 'std::array<_Ty,_Size> &'
              C:\SFML-3.0.0\include\SFML\Graphics\Transform.inl(113,49):
              Reason: cannot convert from 'const std::array' to 'std::array<_Ty,_Size>'
              C:\SFML-3.0.0\include\SFML\Graphics\Transform.inl(113,49):
              Conversion requires a second user-defined-conversion operator or constructor
      C:\SFML-3.0.0\include\SFML\Graphics\Transform.inl(113,49):
      while trying to match the argument list '(const std::array, size_t)'
  
C:\SFML-3.0.0\include\SFML\Graphics\Transform.inl(114,18): error C2678: binary '[': no operator found which takes a left-hand operand of type 'const std::array' (or there is no acceptable conversion)
  (compiling source file 'HUD.cpp')
      C:\Program Files\Microsoft Visual Studio\2022\Community\VC\Tools\MSVC\14.44.35207\include\array(537,42):
      could be 'const _Ty &std::array<_Ty,_Size>::operator [](std::array<_Ty,_Size>::size_type) noexcept const'
          C:\SFML-3.0.0\include\SFML\Graphics\Transform.inl(114,18):
          'const _Ty &std::array<_Ty,_Size>::operator [](std::array<_Ty,_Size>::size_type) noexcept const': cannot convert 'this' pointer from 'const std::array' to 'const std::array<_Ty,_Size> &'
              C:\SFML-3.0.0\include\SFML\Graphics\Transform.inl(114,18):
              Reason: cannot convert from 'const std::array' to 'const std::array<_Ty,_Size>'
              C:\SFML-3.0.0\include\SFML\Graphics\Transform.inl(114,18):
              Conversion requires a second user-defined-conversion operator or constructor
      C:\Program Files\Microsoft Visual Studio\2022\Community\VC\Tools\MSVC\14.44.35207\include\array(529,39):
      or       '_Ty &std::array<_Ty,_Size>::operator [](std::array<_Ty,_Size>::size_type) noexcept'
          C:\SFML-3.0.0\include\SFML\Graphics\Transform.inl(114,18):
          '_Ty &std::array<_Ty,_Size>::operator [](std::array<_Ty,_Size>::size_type) noexcept': cannot convert 'this' pointer from 'const std::array' to 'std::array<_Ty,_Size> &'
              C:\SFML-3.0.0\include\SFML\Graphics\Transform.inl(114,18):
              Reason: cannot convert from 'const std::array' to 'std::array<_Ty,_Size>'
              C:\SFML-3.0.0\include\SFML\Graphics\Transform.inl(114,18):
              Conversion requires a second user-defined-conversion operator or constructor
      C:\SFML-3.0.0\include\SFML\Graphics\Transform.inl(114,18):
      while trying to match the argument list '(const std::array, size_t)'
  
C:\SFML-3.0.0\include\SFML\Graphics\Transform.inl(114,49): error C2678: binary '[': no operator found which takes a left-hand operand of type 'const std::array' (or there is no acceptable conversion)
  (compiling source file 'HUD.cpp')
      C:\Program Files\Microsoft Visual Studio\2022\Community\VC\Tools\MSVC\14.44.35207\include\array(537,42):
      could be 'const _Ty &std::array<_Ty,_Size>::operator [](std::array<_Ty,_Size>::size_type) noexcept const'
          C:\SFML-3.0.0\include\SFML\Graphics\Transform.inl(114,49):
          'const _Ty &std::array<_Ty,_Size>::operator [](std::array<_Ty,_Size>::size_type) noexcept const': cannot convert 'this' pointer from 'const std::array' to 'const std::array<_Ty,_Size> &'
              C:\SFML-3.0.0\include\SFML\Graphics\Transform.inl(114,49):
              Reason: cannot convert from 'const std::array' to 'const std::array<_Ty,_Size>'
              C:\SFML-3.0.0\include\SFML\Graphics\Transform.inl(114,49):
              Conversion requires a second user-defined-conversion operator or constructor
      C:\Program Files\Microsoft Visual Studio\2022\Community\VC\Tools\MSVC\14.44.35207\include\array(529,39):
      or       '_Ty &std::array<_Ty,_Size>::operator [](std::array<_Ty,_Size>::size_type) noexcept'
          C:\SFML-3.0.0\include\SFML\Graphics\Transform.inl(114,49):
          '_Ty &std::array<_Ty,_Size>::operator [](std::array<_Ty,_Size>::size_type) noexcept': cannot convert 'this' pointer from 'const std::array' to 'std::array<_Ty,_Size> &'
              C:\SFML-3.0.0\include\SFML\Graphics\Transform.inl(114,49):
              Reason: cannot convert from 'const std::array' to 'std::array<_Ty,_Size>'
              C:\SFML-3.0.0\include\SFML\Graphics\Transform.inl(114,49):
              Conversion requires a second user-defined-conversion operator or constructor
      C:\SFML-3.0.0\include\SFML\Graphics\Transform.inl(114,49):
      while trying to match the argument list '(const std::array, size_t)'
  
C:\SFML-3.0.0\include\SFML\Graphics\Transform.inl(116,18): error C2678: binary '[': no operator found which takes a left-hand operand of type 'const std::array' (or there is no acceptable conversion)
  (compiling source file 'HUD.cpp')
      C:\Program Files\Microsoft Visual Studio\2022\Community\VC\Tools\MSVC\14.44.35207\include\array(537,42):
      could be 'const _Ty &std::array<_Ty,_Size>::operator [](std::array<_Ty,_Size>::size_type) noexcept const'
          C:\SFML-3.0.0\include\SFML\Graphics\Transform.inl(116,18):
          'const _Ty &std::array<_Ty,_Size>::operator [](std::array<_Ty,_Size>::size_type) noexcept const': cannot convert 'this' pointer from 'const std::array' to 'const std::array<_Ty,_Size> &'
              C:\SFML-3.0.0\include\SFML\Graphics\Transform.inl(116,18):
              Reason: cannot convert from 'const std::array' to 'const std::array<_Ty,_Size>'
              C:\SFML-3.0.0\include\SFML\Graphics\Transform.inl(116,18):
              Conversion requires a second user-defined-conversion operator or constructor
      C:\Program Files\Microsoft Visual Studio\2022\Community\VC\Tools\MSVC\14.44.35207\include\array(529,39):
      or       '_Ty &std::array<_Ty,_Size>::operator [](std::array<_Ty,_Size>::size_type) noexcept'
          C:\SFML-3.0.0\include\SFML\Graphics\Transform.inl(116,18):
          '_Ty &std::array<_Ty,_Size>::operator [](std::array<_Ty,_Size>::size_type) noexcept': cannot convert 'this' pointer from 'const std::array' to 'std::array<_Ty,_Size> &'
              C:\SFML-3.0.0\include\SFML\Graphics\Transform.inl(116,18):
              Reason: cannot convert from 'const std::array' to 'std::array<_Ty,_Size>'
              C:\SFML-3.0.0\include\SFML\Graphics\Transform.inl(116,18):
              Conversion requires a second user-defined-conversion operator or constructor
      C:\SFML-3.0.0\include\SFML\Graphics\Transform.inl(116,18):
      while trying to match the argument list '(const std::array, size_t)'
  
C:\SFML-3.0.0\include\SFML\Graphics\Transform.inl(116,49): error C2678: binary '[': no operator found which takes a left-hand operand of type 'const std::array' (or there is no acceptable conversion)
  (compiling source file 'HUD.cpp')
      C:\Program Files\Microsoft Visual Studio\2022\Community\VC\Tools\MSVC\14.44.35207\include\array(537,42):
      could be 'const _Ty &std::array<_Ty,_Size>::operator [](std::array<_Ty,_Size>::size_type) noexcept const'
          C:\SFML-3.0.0\include\SFML\Graphics\Transform.inl(116,49):
          'const _Ty &std::array<_Ty,_Size>::operator [](std::array<_Ty,_Size>::size_type) noexcept const': cannot convert 'this' pointer from 'const std::array' to 'const std::array<_Ty,_Size> &'
              C:\SFML-3.0.0\include\SFML\Graphics\Transform.inl(116,49):
              Reason: cannot convert from 'const std::array' to 'const std::array<_Ty,_Size>'
              C:\SFML-3.0.0\include\SFML\Graphics\Transform.inl(116,49):
              Conversion requires a second user-defined-conversion operator or constructor
      C:\Program Files\Microsoft Visual Studio\2022\Community\VC\Tools\MSVC\14.44.35207\include\array(529,39):
      or       '_Ty &std::array<_Ty,_Size>::operator [](std::array<_Ty,_Size>::size_type) noexcept'
          C:\SFML-3.0.0\include\SFML\Graphics\Transform.inl(116,49):
          '_Ty &std::array<_Ty,_Size>::operator [](std::array<_Ty,_Size>::size_type) noexcept': cannot convert 'this' pointer from 'const std::array' to 'std::array<_Ty,_Size> &'
              C:\SFML-3.0.0\include\SFML\Graphics\Transform.inl(116,49):
              Reason: cannot convert from 'const std::array' to 'std::array<_Ty,_Size>'
              C:\SFML-3.0.0\include\SFML\Graphics\Transform.inl(116,49):
              Conversion requires a second user-defined-conversion operator or constructor
      C:\SFML-3.0.0\include\SFML\Graphics\Transform.inl(116,49):
      while trying to match the argument list '(const std::array, size_t)'
  
C:\SFML-3.0.0\include\SFML\Graphics\Transform.inl(117,18): error C2678: binary '[': no operator found which takes a left-hand operand of type 'const std::array' (or there is no acceptable conversion)
  (compiling source file 'HUD.cpp')
      C:\Program Files\Microsoft Visual Studio\2022\Community\VC\Tools\MSVC\14.44.35207\include\array(537,42):
      could be 'const _Ty &std::array<_Ty,_Size>::operator [](std::array<_Ty,_Size>::size_type) noexcept const'
          C:\SFML-3.0.0\include\SFML\Graphics\Transform.inl(117,18):
          'const _Ty &std::array<_Ty,_Size>::operator [](std::array<_Ty,_Size>::size_type) noexcept const': cannot convert 'this' pointer from 'const std::array' to 'const std::array<_Ty,_Size> &'
              C:\SFML-3.0.0\include\SFML\Graphics\Transform.inl(117,18):
              Reason: cannot convert from 'const std::array' to 'const std::array<_Ty,_Size>'
              C:\SFML-3.0.0\include\SFML\Graphics\Transform.inl(117,18):
              Conversion requires a second user-defined-conversion operator or constructor
      C:\Program Files\Microsoft Visual Studio\2022\Community\VC\Tools\MSVC\14.44.35207\include\array(529,39):
      or       '_Ty &std::array<_Ty,_Size>::operator [](std::array<_Ty,_Size>::size_type) noexcept'
          C:\SFML-3.0.0\include\SFML\Graphics\Transform.inl(117,18):
          '_Ty &std::array<_Ty,_Size>::operator [](std::array<_Ty,_Size>::size_type) noexcept': cannot convert 'this' pointer from 'const std::array' to 'std::array<_Ty,_Size> &'
              C:\SFML-3.0.0\include\SFML\Graphics\Transform.inl(117,18):
              Reason: cannot convert from 'const std::array' to 'std::array<_Ty,_Size>'
              C:\SFML-3.0.0\include\SFML\Graphics\Transform.inl(117,18):
              Conversion requires a second user-defined-conversion operator or constructor
      C:\SFML-3.0.0\include\SFML\Graphics\Transform.inl(117,18):
      while trying to match the argument list '(const std::array, size_t)'
  
C:\SFML-3.0.0\include\SFML\Graphics\Transform.inl(117,49): error C2678: binary '[': no operator found which takes a left-hand operand of type 'const std::array' (or there is no acceptable conversion)
  (compiling source file 'HUD.cpp')
      C:\Program Files\Microsoft Visual Studio\2022\Community\VC\Tools\MSVC\14.44.35207\include\array(537,42):
      could be 'const _Ty &std::array<_Ty,_Size>::operator [](std::array<_Ty,_Size>::size_type) noexcept const'
          C:\SFML-3.0.0\include\SFML\Graphics\Transform.inl(117,49):
          'const _Ty &std::array<_Ty,_Size>::operator [](std::array<_Ty,_Size>::size_type) noexcept const': cannot convert 'this' pointer from 'const std::array' to 'const std::array<_Ty,_Size> &'
              C:\SFML-3.0.0\include\SFML\Graphics\Transform.inl(117,49):
              Reason: cannot convert from 'const std::array' to 'const std::array<_Ty,_Size>'
              C:\SFML-3.0.0\include\SFML\Graphics\Transform.inl(117,49):
              Conversion requires a second user-defined-conversion operator or constructor
      C:\Program Files\Microsoft Visual Studio\2022\Community\VC\Tools\MSVC\14.44.35207\include\array(529,39):
      or       '_Ty &std::array<_Ty,_Size>::operator [](std::array<_Ty,_Size>::size_type) noexcept'
          C:\SFML-3.0.0\include\SFML\Graphics\Transform.inl(117,49):
          '_Ty &std::array<_Ty,_Size>::operator [](std::array<_Ty,_Size>::size_type) noexcept': cannot convert 'this' pointer from 'const std::array' to 'std::array<_Ty,_Size> &'
              C:\SFML-3.0.0\include\SFML\Graphics\Transform.inl(117,49):
              Reason: cannot convert from 'const std::array' to 'std::array<_Ty,_Size>'
              C:\SFML-3.0.0\include\SFML\Graphics\Transform.inl(117,49):
              Conversion requires a second user-defined-conversion operator or constructor
      C:\SFML-3.0.0\include\SFML\Graphics\Transform.inl(117,49):
      while trying to match the argument list '(const std::array, size_t)'
  
C:\SFML-3.0.0\include\SFML\Graphics\Transform.inl(98,32): error C3615: constexpr function 'sf::Transform::transformRect' cannot result in a constant expression
  (compiling source file 'HUD.cpp')
      C:\SFML-3.0.0\include\SFML\Graphics\Transform.inl(101,22):
      failure was because type 'const std::array' is not a literal type
      C:\Program Files\Microsoft Visual Studio\2022\Community\VC\Tools\MSVC\14.44.35207\include\array(402,7):
      type 'std::array' is not a literal type because it is not an aggregate type, a closure type, or does not have a constexpr constructor that is not a copy or move constructor
      C:\SFML-3.0.0\include\SFML\Graphics\Transform.inl(110,39):
      failure was caused by call of undefined function or one not declared 'constexpr'
      C:\SFML-3.0.0\include\SFML\Graphics\Transform.inl(110,39):
      see usage of '<declval>'
      C:\SFML-3.0.0\include\SFML\Graphics\Transform.inl(98,32):
      failure was caused by control reaching the end of a constexpr function
  
C:\SFML-3.0.0\include\SFML\Graphics\Transform.inl(234,39): error C7525: inline variables require at least '/std:c++17'
  (compiling source file 'HUD.cpp')
  
C:\SFML-3.0.0\include\SFML\Graphics\Rect.hpp(98,34): error C2178: 'sf::Rect<int>::optional' cannot be declared with 'constexpr' specifier
  (compiling source file 'HUD.cpp')
  
C:\Program Files\Microsoft Visual Studio\2022\Community\VC\Tools\MSVC\14.44.35207\include\filesystem(12): warning STL4038: The contents of <filesystem> are available only with C++17 or later.
C:\SFML-3.0.0\include\SFML\Graphics\Texture.hpp(114,33): error C2039: 'filesystem': is not a member of 'std'
  (compiling source file 'HUD.cpp')
      C:\Program Files\Microsoft Visual Studio\2022\Community\VC\Tools\MSVC\14.44.35207\include\memory(31,1):
      see declaration of 'std'
  
C:\SFML-3.0.0\include\SFML\Graphics\Texture.hpp(114,33): error C3083: 'filesystem': the symbol to the left of a '::' must be a type
  (compiling source file 'HUD.cpp')
  
C:\SFML-3.0.0\include\SFML\Graphics\Texture.hpp(114,45): error C2039: 'path': is not a member of 'std'
  (compiling source file 'HUD.cpp')
      C:\Program Files\Microsoft Visual Studio\2022\Community\VC\Tools\MSVC\14.44.35207\include\memory(31,1):
      see declaration of 'std'
  
C:\SFML-3.0.0\include\SFML\Graphics\Texture.hpp(114,22): error C4430: missing type specifier - int assumed. Note: C++ does not support default-int
  (compiling source file 'HUD.cpp')
  
C:\SFML-3.0.0\include\SFML\Graphics\Texture.hpp(114,49): error C2143: syntax error: missing ',' before '&'
  (compiling source file 'HUD.cpp')
  
C:\SFML-3.0.0\include\SFML\Graphics\Texture.hpp(137,24): error C2039: 'filesystem': is not a member of 'std'
  (compiling source file 'HUD.cpp')
      C:\Program Files\Microsoft Visual Studio\2022\Community\VC\Tools\MSVC\14.44.35207\include\memory(31,1):
      see declaration of 'std'
  
C:\SFML-3.0.0\include\SFML\Graphics\Texture.hpp(137,24): error C3083: 'filesystem': the symbol to the left of a '::' must be a type
  (compiling source file 'HUD.cpp')
  
C:\SFML-3.0.0\include\SFML\Graphics\Texture.hpp(137,36): error C2039: 'path': is not a member of 'std'
  (compiling source file 'HUD.cpp')
      C:\Program Files\Microsoft Visual Studio\2022\Community\VC\Tools\MSVC\14.44.35207\include\memory(31,1):
      see declaration of 'std'
  
C:\SFML-3.0.0\include\SFML\Graphics\Texture.hpp(137,13): error C4430: missing type specifier - int assumed. Note: C++ does not support default-int
  (compiling source file 'HUD.cpp')
  
C:\SFML-3.0.0\include\SFML\Graphics\Texture.hpp(137,40): error C2143: syntax error: missing ',' before '&'
  (compiling source file 'HUD.cpp')
  
C:\SFML-3.0.0\include\SFML\Graphics\Texture.hpp(137,5): error C2535: 'sf::Texture::Texture(const int)': member function already defined or declared
  (compiling source file 'HUD.cpp')
      C:\SFML-3.0.0\include\SFML\Graphics\Texture.hpp(114,5):
      see declaration of 'sf::Texture::Texture'
  
C:\SFML-3.0.0\include\SFML\Graphics\Texture.hpp(304,48): error C2039: 'filesystem': is not a member of 'std'
  (compiling source file 'HUD.cpp')
      C:\Program Files\Microsoft Visual Studio\2022\Community\VC\Tools\MSVC\14.44.35207\include\memory(31,1):
      see declaration of 'std'
  
C:\SFML-3.0.0\include\SFML\Graphics\Texture.hpp(304,48): error C3083: 'filesystem': the symbol to the left of a '::' must be a type
  (compiling source file 'HUD.cpp')
  
C:\SFML-3.0.0\include\SFML\Graphics\Texture.hpp(304,60): error C2039: 'path': is not a member of 'std'
  (compiling source file 'HUD.cpp')
      C:\Program Files\Microsoft Visual Studio\2022\Community\VC\Tools\MSVC\14.44.35207\include\memory(31,1):
      see declaration of 'std'
  
C:\SFML-3.0.0\include\SFML\Graphics\Texture.hpp(304,37): error C4430: missing type specifier - int assumed. Note: C++ does not support default-int
  (compiling source file 'HUD.cpp')
  
C:\SFML-3.0.0\include\SFML\Graphics\Texture.hpp(304,64): error C2143: syntax error: missing ',' before '&'
  (compiling source file 'HUD.cpp')
  
C:\SFML-3.0.0\include\SFML\Graphics\Texture.hpp(304,117): error C2143: syntax error: missing ')' before '{'
  (compiling source file 'HUD.cpp')
  
C:\SFML-3.0.0\include\SFML\Graphics\Texture.hpp(304,119): error C2059: syntax error: ')'
  (compiling source file 'HUD.cpp')
  
C:\SFML-3.0.0\include\SFML\Graphics\Font.hpp(103,30): error C2039: 'filesystem': is not a member of 'std'
  (compiling source file 'HUD.cpp')
      C:\Program Files\Microsoft Visual Studio\2022\Community\VC\Tools\MSVC\14.44.35207\include\unordered_map(23,1):
      see declaration of 'std'
  
C:\SFML-3.0.0\include\SFML\Graphics\Font.hpp(103,30): error C3083: 'filesystem': the symbol to the left of a '::' must be a type
  (compiling source file 'HUD.cpp')
  
C:\SFML-3.0.0\include\SFML\Graphics\Font.hpp(103,42): error C2039: 'path': is not a member of 'std'
  (compiling source file 'HUD.cpp')
      C:\Program Files\Microsoft Visual Studio\2022\Community\VC\Tools\MSVC\14.44.35207\include\unordered_map(23,1):
      see declaration of 'std'
  
C:\SFML-3.0.0\include\SFML\Graphics\Font.hpp(103,19): error C4430: missing type specifier - int assumed. Note: C++ does not support default-int
  (compiling source file 'HUD.cpp')
  
C:\SFML-3.0.0\include\SFML\Graphics\Font.hpp(103,46): error C2143: syntax error: missing ',' before '&'
  (compiling source file 'HUD.cpp')
  
C:\SFML-3.0.0\include\SFML\Graphics\Font.hpp(168,48): error C2039: 'filesystem': is not a member of 'std'
  (compiling source file 'HUD.cpp')
      C:\Program Files\Microsoft Visual Studio\2022\Community\VC\Tools\MSVC\14.44.35207\include\unordered_map(23,1):
      see declaration of 'std'
  
C:\SFML-3.0.0\include\SFML\Graphics\Font.hpp(168,48): error C3083: 'filesystem': the symbol to the left of a '::' must be a type
  (compiling source file 'HUD.cpp')
  
C:\SFML-3.0.0\include\SFML\Graphics\Font.hpp(168,60): error C2039: 'path': is not a member of 'std'
  (compiling source file 'HUD.cpp')
      C:\Program Files\Microsoft Visual Studio\2022\Community\VC\Tools\MSVC\14.44.35207\include\unordered_map(23,1):
      see declaration of 'std'
  
C:\SFML-3.0.0\include\SFML\Graphics\Font.hpp(168,37): error C4430: missing type specifier - int assumed. Note: C++ does not support default-int
  (compiling source file 'HUD.cpp')
  
C:\SFML-3.0.0\include\SFML\Graphics\Font.hpp(168,64): error C2143: syntax error: missing ',' before '&'
  (compiling source file 'HUD.cpp')
  
C:\Program Files\Microsoft Visual Studio\2022\Community\VC\Tools\MSVC\14.44.35207\include\string_view(12): warning STL4038: The contents of <string_view> are available only with C++17 or later.
C:\SFML-3.0.0\include\SFML\Graphics\Image.hpp(103,31): error C2039: 'filesystem': is not a member of 'std'
  (compiling source file 'HUD.cpp')
      C:\Program Files\Microsoft Visual Studio\2022\Community\VC\Tools\MSVC\14.44.35207\include\unordered_map(23,1):
      see declaration of 'std'
  
C:\SFML-3.0.0\include\SFML\Graphics\Image.hpp(103,31): error C3083: 'filesystem': the symbol to the left of a '::' must be a type
  (compiling source file 'HUD.cpp')
  
C:\SFML-3.0.0\include\SFML\Graphics\Image.hpp(103,43): error C2039: 'path': is not a member of 'std'
  (compiling source file 'HUD.cpp')
      C:\Program Files\Microsoft Visual Studio\2022\Community\VC\Tools\MSVC\14.44.35207\include\unordered_map(23,1):
      see declaration of 'std'
  
C:\SFML-3.0.0\include\SFML\Graphics\Image.hpp(103,20): error C4430: missing type specifier - int assumed. Note: C++ does not support default-int
  (compiling source file 'HUD.cpp')
  
C:\SFML-3.0.0\include\SFML\Graphics\Image.hpp(103,47): error C2143: syntax error: missing ',' before '&'
  (compiling source file 'HUD.cpp')
  
C:\SFML-3.0.0\include\SFML\Graphics\Image.hpp(175,48): error C2039: 'filesystem': is not a member of 'std'
  (compiling source file 'HUD.cpp')
      C:\Program Files\Microsoft Visual Studio\2022\Community\VC\Tools\MSVC\14.44.35207\include\unordered_map(23,1):
      see declaration of 'std'
  
C:\SFML-3.0.0\include\SFML\Graphics\Image.hpp(175,48): error C3083: 'filesystem': the symbol to the left of a '::' must be a type
  (compiling source file 'HUD.cpp')
  
C:\SFML-3.0.0\include\SFML\Graphics\Image.hpp(175,60): error C2039: 'path': is not a member of 'std'
  (compiling source file 'HUD.cpp')
      C:\Program Files\Microsoft Visual Studio\2022\Community\VC\Tools\MSVC\14.44.35207\include\unordered_map(23,1):
      see declaration of 'std'
  
C:\SFML-3.0.0\include\SFML\Graphics\Image.hpp(175,37): error C4430: missing type specifier - int assumed. Note: C++ does not support default-int
  (compiling source file 'HUD.cpp')
  
C:\SFML-3.0.0\include\SFML\Graphics\Image.hpp(175,64): error C2143: syntax error: missing ',' before '&'
  (compiling source file 'HUD.cpp')
  
C:\SFML-3.0.0\include\SFML\Graphics\Image.hpp(227,46): error C2039: 'filesystem': is not a member of 'std'
  (compiling source file 'HUD.cpp')
      C:\Program Files\Microsoft Visual Studio\2022\Community\VC\Tools\MSVC\14.44.35207\include\unordered_map(23,1):
      see declaration of 'std'
  
C:\SFML-3.0.0\include\SFML\Graphics\Image.hpp(227,46): error C3083: 'filesystem': the symbol to the left of a '::' must be a type
  (compiling source file 'HUD.cpp')
  
C:\SFML-3.0.0\include\SFML\Graphics\Image.hpp(227,58): error C2039: 'path': is not a member of 'std'
  (compiling source file 'HUD.cpp')
      C:\Program Files\Microsoft Visual Studio\2022\Community\VC\Tools\MSVC\14.44.35207\include\unordered_map(23,1):
      see declaration of 'std'
  
C:\SFML-3.0.0\include\SFML\Graphics\Image.hpp(227,58): error C1003: error count exceeds 100; stopping compilation
  (compiling source file 'HUD.cpp')
  
  Keyboard.cpp
C:\SFML-3.0.0\include\SFML\Graphics\Color.inl(75,17): error C3615: constexpr function 'sf::operator +' cannot result in a constant expression
  (compiling source file 'Keyboard.cpp')
      C:\SFML-3.0.0\include\SFML\Graphics\Color.inl(77,16):
      failure was because type 'const sf::+::<lambda_16287c72c63b32e0a9fa1270f38e4b81>' is not a literal type
      C:\SFML-3.0.0\include\SFML\Graphics\Color.inl(81,5):
      type 'sf::+::<lambda_16287c72c63b32e0a9fa1270f38e4b81>' is not a literal type because it is not an aggregate type, a closure type, or does not have a constexpr constructor that is not a copy or move constructor
  
C:\SFML-3.0.0\include\SFML\Graphics\Color.inl(91,17): error C3615: constexpr function 'sf::operator -' cannot result in a constant expression
  (compiling source file 'Keyboard.cpp')
      C:\SFML-3.0.0\include\SFML\Graphics\Color.inl(93,16):
      failure was because type 'const sf::-::<lambda_306030dfce25397b9816ce24c68c04f0>' is not a literal type
      C:\SFML-3.0.0\include\SFML\Graphics\Color.inl(97,5):
      type 'sf::-::<lambda_306030dfce25397b9816ce24c68c04f0>' is not a literal type because it is not an aggregate type, a closure type, or does not have a constexpr constructor that is not a copy or move constructor
  
C:\SFML-3.0.0\include\SFML\Graphics\Color.inl(107,17): error C3615: constexpr function 'sf::operator *' cannot result in a constant expression
  (compiling source file 'Keyboard.cpp')
      C:\SFML-3.0.0\include\SFML\Graphics\Color.inl(109,16):
      failure was because type 'const sf::*::<lambda_1570e60a8275d4bb357b66a7fbaafc0b>' is not a literal type
      C:\SFML-3.0.0\include\SFML\Graphics\Color.inl(113,5):
      type 'sf::*::<lambda_1570e60a8275d4bb357b66a7fbaafc0b>' is not a literal type because it is not an aggregate type, a closure type, or does not have a constexpr constructor that is not a copy or move constructor
  
C:\SFML-3.0.0\include\SFML\Graphics\Color.inl(146,31): error C7525: inline variables require at least '/std:c++17'
  (compiling source file 'Keyboard.cpp')
  
C:\SFML-3.0.0\include\SFML\Graphics\Color.inl(147,31): error C7525: inline variables require at least '/std:c++17'
  (compiling source file 'Keyboard.cpp')
  
C:\SFML-3.0.0\include\SFML\Graphics\Color.inl(148,31): error C7525: inline variables require at least '/std:c++17'
  (compiling source file 'Keyboard.cpp')
  
C:\SFML-3.0.0\include\SFML\Graphics\Color.inl(149,31): error C7525: inline variables require at least '/std:c++17'
  (compiling source file 'Keyboard.cpp')
  
C:\SFML-3.0.0\include\SFML\Graphics\Color.inl(150,31): error C7525: inline variables require at least '/std:c++17'
  (compiling source file 'Keyboard.cpp')
  
C:\SFML-3.0.0\include\SFML\Graphics\Color.inl(151,31): error C7525: inline variables require at least '/std:c++17'
  (compiling source file 'Keyboard.cpp')
  
C:\SFML-3.0.0\include\SFML\Graphics\Color.inl(152,31): error C7525: inline variables require at least '/std:c++17'
  (compiling source file 'Keyboard.cpp')
  
C:\SFML-3.0.0\include\SFML\Graphics\Color.inl(153,31): error C7525: inline variables require at least '/std:c++17'
  (compiling source file 'Keyboard.cpp')
  
C:\SFML-3.0.0\include\SFML\Graphics\Color.inl(154,31): error C7525: inline variables require at least '/std:c++17'
  (compiling source file 'Keyboard.cpp')
  
C:\SFML-3.0.0\include\SFML\System\Angle.inl(272,31): error C7525: inline variables require at least '/std:c++17'
  (compiling source file 'Keyboard.cpp')
  
C:\Program Files\Microsoft Visual Studio\2022\Community\VC\Tools\MSVC\14.44.35207\include\optional(11): warning STL4038: The contents of <optional> are available only with C++17 or later.
C:\SFML-3.0.0\include\SFML\Graphics\Rect.hpp(98,42): error C2143: syntax error: missing ';' before '<'
  (compiling source file 'Keyboard.cpp')
      C:\SFML-3.0.0\include\SFML\Graphics\Rect.hpp(98,42):
      the template instantiation context (the oldest one first) is
          C:\SFML-3.0.0\include\SFML\Graphics\Rect.hpp(42,7):
          while compiling class template 'sf::Rect'
  
C:\SFML-3.0.0\include\SFML\Graphics\Rect.hpp(98,34): error C4430: missing type specifier - int assumed. Note: C++ does not support default-int
  (compiling source file 'Keyboard.cpp')
  
C:\SFML-3.0.0\include\SFML\Graphics\Rect.hpp(98,34): error C2178: 'sf::Rect<T>::optional' cannot be declared with 'constexpr' specifier
  (compiling source file 'Keyboard.cpp')
  
C:\SFML-3.0.0\include\SFML\Graphics\Rect.hpp(98,5): warning C4869: 'nodiscard' may only be applied to classes, enumerations, and functions
  (compiling source file 'Keyboard.cpp')
  
C:\SFML-3.0.0\include\SFML\Graphics\Rect.hpp(98,100): error C2238: unexpected token(s) preceding ';'
  (compiling source file 'Keyboard.cpp')
  
C:\SFML-3.0.0\include\SFML\Graphics\Rect.inl(71,16): error C2039: 'optional': is not a member of 'std'
  (compiling source file 'Keyboard.cpp')
      C:\Program Files\Microsoft Visual Studio\2022\Community\VC\Tools\MSVC\14.44.35207\include\iostream(19,1):
      see declaration of 'std'
  
C:\SFML-3.0.0\include\SFML\Graphics\Rect.inl(71,24): error C2988: unrecognizable template declaration/definition
  (compiling source file 'Keyboard.cpp')
  
C:\SFML-3.0.0\include\SFML\Graphics\Rect.inl(71,24): error C2143: syntax error: missing ';' before '<'
  (compiling source file 'Keyboard.cpp')
  
C:\SFML-3.0.0\include\SFML\Graphics\Rect.inl(71,16): error C4430: missing type specifier - int assumed. Note: C++ does not support default-int
  (compiling source file 'Keyboard.cpp')
  
C:\SFML-3.0.0\include\SFML\Graphics\Rect.inl(71,24): error C2059: syntax error: '<'
  (compiling source file 'Keyboard.cpp')
  
C:\SFML-3.0.0\include\SFML\Graphics\Rect.inl(71,30): error C2065: 'T': undeclared identifier
  (compiling source file 'Keyboard.cpp')
  
C:\SFML-3.0.0\include\SFML\Graphics\Rect.inl(71,25): error C2923: 'sf::Rect': 'T' is not a valid template type argument for parameter 'T'
  (compiling source file 'Keyboard.cpp')
      C:\SFML-3.0.0\include\SFML\Graphics\Rect.inl(71,30):
      see declaration of 'T'
  
C:\SFML-3.0.0\include\SFML\Graphics\Rect.inl(71,39): error C2065: 'T': undeclared identifier
  (compiling source file 'Keyboard.cpp')
  
C:\SFML-3.0.0\include\SFML\Graphics\Rect.inl(71,34): error C2923: 'sf::Rect': 'T' is not a valid template type argument for parameter 'T'
  (compiling source file 'Keyboard.cpp')
      C:\SFML-3.0.0\include\SFML\Graphics\Rect.inl(71,39):
      see declaration of 'T'
  
C:\SFML-3.0.0\include\SFML\Graphics\Rect.inl(71,71): error C2065: 'T': undeclared identifier
  (compiling source file 'Keyboard.cpp')
  
C:\SFML-3.0.0\include\SFML\Graphics\Rect.inl(71,66): error C2923: 'sf::Rect': 'T' is not a valid template type argument for parameter 'T'
  (compiling source file 'Keyboard.cpp')
      C:\SFML-3.0.0\include\SFML\Graphics\Rect.inl(71,71):
      see declaration of 'T'
  
C:\SFML-3.0.0\include\SFML\Graphics\Rect.inl(72,1): error C2143: syntax error: missing ';' before '{'
  (compiling source file 'Keyboard.cpp')
  
C:\SFML-3.0.0\include\SFML\Graphics\Rect.inl(72,1): error C2447: '{': missing function header (old-style formal list?)
  (compiling source file 'Keyboard.cpp')
  
C:\SFML-3.0.0\include\SFML\Graphics\Transform.inl(52,35): error C3615: constexpr function 'sf::Transform::getMatrix' cannot result in a constant expression
  (compiling source file 'Keyboard.cpp')
      C:\SFML-3.0.0\include\SFML\Graphics\Transform.inl(54,25):
      failure was caused by call of undefined function or one not declared 'constexpr'
      C:\SFML-3.0.0\include\SFML\Graphics\Transform.inl(54,25):
      see usage of 'std::array<float,16>::data'
  
C:\SFML-3.0.0\include\SFML\Graphics\Rect.hpp(98,34): error C2039: 'optional': is not a member of 'std'
  (compiling source file 'Keyboard.cpp')
      C:\Program Files\Microsoft Visual Studio\2022\Community\VC\Tools\MSVC\14.44.35207\include\array(19,1):
      see declaration of 'std'
      C:\SFML-3.0.0\include\SFML\Graphics\Rect.hpp(98,34):
      the template instantiation context (the oldest one first) is
          C:\SFML-3.0.0\include\SFML\Graphics\Transform.inl(98,32):
          see reference to class template instantiation 'sf::Rect<float>' being compiled
  
C:\SFML-3.0.0\include\SFML\Graphics\Rect.hpp(98,34): error C2178: 'sf::Rect<float>::optional' cannot be declared with 'constexpr' specifier
  (compiling source file 'Keyboard.cpp')
  
C:\SFML-3.0.0\include\SFML\Graphics\Transform.inl(101,31): error C2514: 'std::array': class template cannot be constructed
  (compiling source file 'Keyboard.cpp')
      C:\Program Files\Microsoft Visual Studio\2022\Community\VC\Tools\MSVC\14.44.35207\include\array(402,7):
      see declaration of 'std::array'
  
C:\SFML-3.0.0\include\SFML\Graphics\Transform.inl(107,21): error C2678: binary '[': no operator found which takes a left-hand operand of type 'const std::array' (or there is no acceptable conversion)
  (compiling source file 'Keyboard.cpp')
      C:\Program Files\Microsoft Visual Studio\2022\Community\VC\Tools\MSVC\14.44.35207\include\array(537,42):
      could be 'const _Ty &std::array<_Ty,_Size>::operator [](std::array<_Ty,_Size>::size_type) noexcept const'
          C:\SFML-3.0.0\include\SFML\Graphics\Transform.inl(107,21):
          'const _Ty &std::array<_Ty,_Size>::operator [](std::array<_Ty,_Size>::size_type) noexcept const': cannot convert 'this' pointer from 'const std::array' to 'const std::array<_Ty,_Size> &'
              C:\SFML-3.0.0\include\SFML\Graphics\Transform.inl(107,21):
              Reason: cannot convert from 'const std::array' to 'const std::array<_Ty,_Size>'
              C:\SFML-3.0.0\include\SFML\Graphics\Transform.inl(107,21):
              Conversion requires a second user-defined-conversion operator or constructor
      C:\Program Files\Microsoft Visual Studio\2022\Community\VC\Tools\MSVC\14.44.35207\include\array(529,39):
      or       '_Ty &std::array<_Ty,_Size>::operator [](std::array<_Ty,_Size>::size_type) noexcept'
          C:\SFML-3.0.0\include\SFML\Graphics\Transform.inl(107,21):
          '_Ty &std::array<_Ty,_Size>::operator [](std::array<_Ty,_Size>::size_type) noexcept': cannot convert 'this' pointer from 'const std::array' to 'std::array<_Ty,_Size> &'
              C:\SFML-3.0.0\include\SFML\Graphics\Transform.inl(107,21):
              Reason: cannot convert from 'const std::array' to 'std::array<_Ty,_Size>'
              C:\SFML-3.0.0\include\SFML\Graphics\Transform.inl(107,21):
              Conversion requires a second user-defined-conversion operator or constructor
      C:\SFML-3.0.0\include\SFML\Graphics\Transform.inl(107,21):
      while trying to match the argument list '(const std::array, int)'
  
C:\SFML-3.0.0\include\SFML\Graphics\Transform.inl(108,21): error C2678: binary '[': no operator found which takes a left-hand operand of type 'const std::array' (or there is no acceptable conversion)
  (compiling source file 'Keyboard.cpp')
      C:\Program Files\Microsoft Visual Studio\2022\Community\VC\Tools\MSVC\14.44.35207\include\array(537,42):
      could be 'const _Ty &std::array<_Ty,_Size>::operator [](std::array<_Ty,_Size>::size_type) noexcept const'
          C:\SFML-3.0.0\include\SFML\Graphics\Transform.inl(108,21):
          'const _Ty &std::array<_Ty,_Size>::operator [](std::array<_Ty,_Size>::size_type) noexcept const': cannot convert 'this' pointer from 'const std::array' to 'const std::array<_Ty,_Size> &'
              C:\SFML-3.0.0\include\SFML\Graphics\Transform.inl(108,21):
              Reason: cannot convert from 'const std::array' to 'const std::array<_Ty,_Size>'
              C:\SFML-3.0.0\include\SFML\Graphics\Transform.inl(108,21):
              Conversion requires a second user-defined-conversion operator or constructor
      C:\Program Files\Microsoft Visual Studio\2022\Community\VC\Tools\MSVC\14.44.35207\include\array(529,39):
      or       '_Ty &std::array<_Ty,_Size>::operator [](std::array<_Ty,_Size>::size_type) noexcept'
          C:\SFML-3.0.0\include\SFML\Graphics\Transform.inl(108,21):
          '_Ty &std::array<_Ty,_Size>::operator [](std::array<_Ty,_Size>::size_type) noexcept': cannot convert 'this' pointer from 'const std::array' to 'std::array<_Ty,_Size> &'
              C:\SFML-3.0.0\include\SFML\Graphics\Transform.inl(108,21):
              Reason: cannot convert from 'const std::array' to 'std::array<_Ty,_Size>'
              C:\SFML-3.0.0\include\SFML\Graphics\Transform.inl(108,21):
              Conversion requires a second user-defined-conversion operator or constructor
      C:\SFML-3.0.0\include\SFML\Graphics\Transform.inl(108,21):
      while trying to match the argument list '(const std::array, int)'
  
C:\SFML-3.0.0\include\SFML\Graphics\Transform.inl(110,40): error C2662: 'std::array<_Ty,_Size>::size_type std::array<_Ty,_Size>::size(void) noexcept const': cannot convert 'this' pointer from 'const std::array' to 'const std::array<_Ty,_Size> &'
  (compiling source file 'Keyboard.cpp')
      C:\SFML-3.0.0\include\SFML\Graphics\Transform.inl(110,33):
      Reason: cannot convert from 'const std::array' to 'const std::array<_Ty,_Size>'
      C:\SFML-3.0.0\include\SFML\Graphics\Transform.inl(110,33):
      Conversion requires a second user-defined-conversion operator or constructor
      C:\Program Files\Microsoft Visual Studio\2022\Community\VC\Tools\MSVC\14.44.35207\include\array(501,59):
      see declaration of 'std::array<_Ty,_Size>::size'
      C:\SFML-3.0.0\include\SFML\Graphics\Transform.inl(110,40):
      while trying to match the argument list '()'
  
C:\SFML-3.0.0\include\SFML\Graphics\Transform.inl(113,18): error C2678: binary '[': no operator found which takes a left-hand operand of type 'const std::array' (or there is no acceptable conversion)
  (compiling source file 'Keyboard.cpp')
      C:\Program Files\Microsoft Visual Studio\2022\Community\VC\Tools\MSVC\14.44.35207\include\array(537,42):
      could be 'const _Ty &std::array<_Ty,_Size>::operator [](std::array<_Ty,_Size>::size_type) noexcept const'
          C:\SFML-3.0.0\include\SFML\Graphics\Transform.inl(113,18):
          'const _Ty &std::array<_Ty,_Size>::operator [](std::array<_Ty,_Size>::size_type) noexcept const': cannot convert 'this' pointer from 'const std::array' to 'const std::array<_Ty,_Size> &'
              C:\SFML-3.0.0\include\SFML\Graphics\Transform.inl(113,18):
              Reason: cannot convert from 'const std::array' to 'const std::array<_Ty,_Size>'
              C:\SFML-3.0.0\include\SFML\Graphics\Transform.inl(113,18):
              Conversion requires a second user-defined-conversion operator or constructor
      C:\Program Files\Microsoft Visual Studio\2022\Community\VC\Tools\MSVC\14.44.35207\include\array(529,39):
      or       '_Ty &std::array<_Ty,_Size>::operator [](std::array<_Ty,_Size>::size_type) noexcept'
          C:\SFML-3.0.0\include\SFML\Graphics\Transform.inl(113,18):
          '_Ty &std::array<_Ty,_Size>::operator [](std::array<_Ty,_Size>::size_type) noexcept': cannot convert 'this' pointer from 'const std::array' to 'std::array<_Ty,_Size> &'
              C:\SFML-3.0.0\include\SFML\Graphics\Transform.inl(113,18):
              Reason: cannot convert from 'const std::array' to 'std::array<_Ty,_Size>'
              C:\SFML-3.0.0\include\SFML\Graphics\Transform.inl(113,18):
              Conversion requires a second user-defined-conversion operator or constructor
      C:\SFML-3.0.0\include\SFML\Graphics\Transform.inl(113,18):
      while trying to match the argument list '(const std::array, size_t)'
  
C:\SFML-3.0.0\include\SFML\Graphics\Transform.inl(113,49): error C2678: binary '[': no operator found which takes a left-hand operand of type 'const std::array' (or there is no acceptable conversion)
  (compiling source file 'Keyboard.cpp')
      C:\Program Files\Microsoft Visual Studio\2022\Community\VC\Tools\MSVC\14.44.35207\include\array(537,42):
      could be 'const _Ty &std::array<_Ty,_Size>::operator [](std::array<_Ty,_Size>::size_type) noexcept const'
          C:\SFML-3.0.0\include\SFML\Graphics\Transform.inl(113,49):
          'const _Ty &std::array<_Ty,_Size>::operator [](std::array<_Ty,_Size>::size_type) noexcept const': cannot convert 'this' pointer from 'const std::array' to 'const std::array<_Ty,_Size> &'
              C:\SFML-3.0.0\include\SFML\Graphics\Transform.inl(113,49):
              Reason: cannot convert from 'const std::array' to 'const std::array<_Ty,_Size>'
              C:\SFML-3.0.0\include\SFML\Graphics\Transform.inl(113,49):
              Conversion requires a second user-defined-conversion operator or constructor
      C:\Program Files\Microsoft Visual Studio\2022\Community\VC\Tools\MSVC\14.44.35207\include\array(529,39):
      or       '_Ty &std::array<_Ty,_Size>::operator [](std::array<_Ty,_Size>::size_type) noexcept'
          C:\SFML-3.0.0\include\SFML\Graphics\Transform.inl(113,49):
          '_Ty &std::array<_Ty,_Size>::operator [](std::array<_Ty,_Size>::size_type) noexcept': cannot convert 'this' pointer from 'const std::array' to 'std::array<_Ty,_Size> &'
              C:\SFML-3.0.0\include\SFML\Graphics\Transform.inl(113,49):
              Reason: cannot convert from 'const std::array' to 'std::array<_Ty,_Size>'
              C:\SFML-3.0.0\include\SFML\Graphics\Transform.inl(113,49):
              Conversion requires a second user-defined-conversion operator or constructor
      C:\SFML-3.0.0\include\SFML\Graphics\Transform.inl(113,49):
      while trying to match the argument list '(const std::array, size_t)'
  
C:\SFML-3.0.0\include\SFML\Graphics\Transform.inl(114,18): error C2678: binary '[': no operator found which takes a left-hand operand of type 'const std::array' (or there is no acceptable conversion)
  (compiling source file 'Keyboard.cpp')
      C:\Program Files\Microsoft Visual Studio\2022\Community\VC\Tools\MSVC\14.44.35207\include\array(537,42):
      could be 'const _Ty &std::array<_Ty,_Size>::operator [](std::array<_Ty,_Size>::size_type) noexcept const'
          C:\SFML-3.0.0\include\SFML\Graphics\Transform.inl(114,18):
          'const _Ty &std::array<_Ty,_Size>::operator [](std::array<_Ty,_Size>::size_type) noexcept const': cannot convert 'this' pointer from 'const std::array' to 'const std::array<_Ty,_Size> &'
              C:\SFML-3.0.0\include\SFML\Graphics\Transform.inl(114,18):
              Reason: cannot convert from 'const std::array' to 'const std::array<_Ty,_Size>'
              C:\SFML-3.0.0\include\SFML\Graphics\Transform.inl(114,18):
              Conversion requires a second user-defined-conversion operator or constructor
      C:\Program Files\Microsoft Visual Studio\2022\Community\VC\Tools\MSVC\14.44.35207\include\array(529,39):
      or       '_Ty &std::array<_Ty,_Size>::operator [](std::array<_Ty,_Size>::size_type) noexcept'
          C:\SFML-3.0.0\include\SFML\Graphics\Transform.inl(114,18):
          '_Ty &std::array<_Ty,_Size>::operator [](std::array<_Ty,_Size>::size_type) noexcept': cannot convert 'this' pointer from 'const std::array' to 'std::array<_Ty,_Size> &'
              C:\SFML-3.0.0\include\SFML\Graphics\Transform.inl(114,18):
              Reason: cannot convert from 'const std::array' to 'std::array<_Ty,_Size>'
              C:\SFML-3.0.0\include\SFML\Graphics\Transform.inl(114,18):
              Conversion requires a second user-defined-conversion operator or constructor
      C:\SFML-3.0.0\include\SFML\Graphics\Transform.inl(114,18):
      while trying to match the argument list '(const std::array, size_t)'
  
C:\SFML-3.0.0\include\SFML\Graphics\Transform.inl(114,49): error C2678: binary '[': no operator found which takes a left-hand operand of type 'const std::array' (or there is no acceptable conversion)
  (compiling source file 'Keyboard.cpp')
      C:\Program Files\Microsoft Visual Studio\2022\Community\VC\Tools\MSVC\14.44.35207\include\array(537,42):
      could be 'const _Ty &std::array<_Ty,_Size>::operator [](std::array<_Ty,_Size>::size_type) noexcept const'
          C:\SFML-3.0.0\include\SFML\Graphics\Transform.inl(114,49):
          'const _Ty &std::array<_Ty,_Size>::operator [](std::array<_Ty,_Size>::size_type) noexcept const': cannot convert 'this' pointer from 'const std::array' to 'const std::array<_Ty,_Size> &'
              C:\SFML-3.0.0\include\SFML\Graphics\Transform.inl(114,49):
              Reason: cannot convert from 'const std::array' to 'const std::array<_Ty,_Size>'
              C:\SFML-3.0.0\include\SFML\Graphics\Transform.inl(114,49):
              Conversion requires a second user-defined-conversion operator or constructor
      C:\Program Files\Microsoft Visual Studio\2022\Community\VC\Tools\MSVC\14.44.35207\include\array(529,39):
      or       '_Ty &std::array<_Ty,_Size>::operator [](std::array<_Ty,_Size>::size_type) noexcept'
          C:\SFML-3.0.0\include\SFML\Graphics\Transform.inl(114,49):
          '_Ty &std::array<_Ty,_Size>::operator [](std::array<_Ty,_Size>::size_type) noexcept': cannot convert 'this' pointer from 'const std::array' to 'std::array<_Ty,_Size> &'
              C:\SFML-3.0.0\include\SFML\Graphics\Transform.inl(114,49):
              Reason: cannot convert from 'const std::array' to 'std::array<_Ty,_Size>'
              C:\SFML-3.0.0\include\SFML\Graphics\Transform.inl(114,49):
              Conversion requires a second user-defined-conversion operator or constructor
      C:\SFML-3.0.0\include\SFML\Graphics\Transform.inl(114,49):
      while trying to match the argument list '(const std::array, size_t)'
  
C:\SFML-3.0.0\include\SFML\Graphics\Transform.inl(116,18): error C2678: binary '[': no operator found which takes a left-hand operand of type 'const std::array' (or there is no acceptable conversion)
  (compiling source file 'Keyboard.cpp')
      C:\Program Files\Microsoft Visual Studio\2022\Community\VC\Tools\MSVC\14.44.35207\include\array(537,42):
      could be 'const _Ty &std::array<_Ty,_Size>::operator [](std::array<_Ty,_Size>::size_type) noexcept const'
          C:\SFML-3.0.0\include\SFML\Graphics\Transform.inl(116,18):
          'const _Ty &std::array<_Ty,_Size>::operator [](std::array<_Ty,_Size>::size_type) noexcept const': cannot convert 'this' pointer from 'const std::array' to 'const std::array<_Ty,_Size> &'
              C:\SFML-3.0.0\include\SFML\Graphics\Transform.inl(116,18):
              Reason: cannot convert from 'const std::array' to 'const std::array<_Ty,_Size>'
              C:\SFML-3.0.0\include\SFML\Graphics\Transform.inl(116,18):
              Conversion requires a second user-defined-conversion operator or constructor
      C:\Program Files\Microsoft Visual Studio\2022\Community\VC\Tools\MSVC\14.44.35207\include\array(529,39):
      or       '_Ty &std::array<_Ty,_Size>::operator [](std::array<_Ty,_Size>::size_type) noexcept'
          C:\SFML-3.0.0\include\SFML\Graphics\Transform.inl(116,18):
          '_Ty &std::array<_Ty,_Size>::operator [](std::array<_Ty,_Size>::size_type) noexcept': cannot convert 'this' pointer from 'const std::array' to 'std::array<_Ty,_Size> &'
              C:\SFML-3.0.0\include\SFML\Graphics\Transform.inl(116,18):
              Reason: cannot convert from 'const std::array' to 'std::array<_Ty,_Size>'
              C:\SFML-3.0.0\include\SFML\Graphics\Transform.inl(116,18):
              Conversion requires a second user-defined-conversion operator or constructor
      C:\SFML-3.0.0\include\SFML\Graphics\Transform.inl(116,18):
      while trying to match the argument list '(const std::array, size_t)'
  
C:\SFML-3.0.0\include\SFML\Graphics\Transform.inl(116,49): error C2678: binary '[': no operator found which takes a left-hand operand of type 'const std::array' (or there is no acceptable conversion)
  (compiling source file 'Keyboard.cpp')
      C:\Program Files\Microsoft Visual Studio\2022\Community\VC\Tools\MSVC\14.44.35207\include\array(537,42):
      could be 'const _Ty &std::array<_Ty,_Size>::operator [](std::array<_Ty,_Size>::size_type) noexcept const'
          C:\SFML-3.0.0\include\SFML\Graphics\Transform.inl(116,49):
          'const _Ty &std::array<_Ty,_Size>::operator [](std::array<_Ty,_Size>::size_type) noexcept const': cannot convert 'this' pointer from 'const std::array' to 'const std::array<_Ty,_Size> &'
              C:\SFML-3.0.0\include\SFML\Graphics\Transform.inl(116,49):
              Reason: cannot convert from 'const std::array' to 'const std::array<_Ty,_Size>'
              C:\SFML-3.0.0\include\SFML\Graphics\Transform.inl(116,49):
              Conversion requires a second user-defined-conversion operator or constructor
      C:\Program Files\Microsoft Visual Studio\2022\Community\VC\Tools\MSVC\14.44.35207\include\array(529,39):
      or       '_Ty &std::array<_Ty,_Size>::operator [](std::array<_Ty,_Size>::size_type) noexcept'
          C:\SFML-3.0.0\include\SFML\Graphics\Transform.inl(116,49):
          '_Ty &std::array<_Ty,_Size>::operator [](std::array<_Ty,_Size>::size_type) noexcept': cannot convert 'this' pointer from 'const std::array' to 'std::array<_Ty,_Size> &'
              C:\SFML-3.0.0\include\SFML\Graphics\Transform.inl(116,49):
              Reason: cannot convert from 'const std::array' to 'std::array<_Ty,_Size>'
              C:\SFML-3.0.0\include\SFML\Graphics\Transform.inl(116,49):
              Conversion requires a second user-defined-conversion operator or constructor
      C:\SFML-3.0.0\include\SFML\Graphics\Transform.inl(116,49):
      while trying to match the argument list '(const std::array, size_t)'
  
C:\SFML-3.0.0\include\SFML\Graphics\Transform.inl(117,18): error C2678: binary '[': no operator found which takes a left-hand operand of type 'const std::array' (or there is no acceptable conversion)
  (compiling source file 'Keyboard.cpp')
      C:\Program Files\Microsoft Visual Studio\2022\Community\VC\Tools\MSVC\14.44.35207\include\array(537,42):
      could be 'const _Ty &std::array<_Ty,_Size>::operator [](std::array<_Ty,_Size>::size_type) noexcept const'
          C:\SFML-3.0.0\include\SFML\Graphics\Transform.inl(117,18):
          'const _Ty &std::array<_Ty,_Size>::operator [](std::array<_Ty,_Size>::size_type) noexcept const': cannot convert 'this' pointer from 'const std::array' to 'const std::array<_Ty,_Size> &'
              C:\SFML-3.0.0\include\SFML\Graphics\Transform.inl(117,18):
              Reason: cannot convert from 'const std::array' to 'const std::array<_Ty,_Size>'
              C:\SFML-3.0.0\include\SFML\Graphics\Transform.inl(117,18):
              Conversion requires a second user-defined-conversion operator or constructor
      C:\Program Files\Microsoft Visual Studio\2022\Community\VC\Tools\MSVC\14.44.35207\include\array(529,39):
      or       '_Ty &std::array<_Ty,_Size>::operator [](std::array<_Ty,_Size>::size_type) noexcept'
          C:\SFML-3.0.0\include\SFML\Graphics\Transform.inl(117,18):
          '_Ty &std::array<_Ty,_Size>::operator [](std::array<_Ty,_Size>::size_type) noexcept': cannot convert 'this' pointer from 'const std::array' to 'std::array<_Ty,_Size> &'
              C:\SFML-3.0.0\include\SFML\Graphics\Transform.inl(117,18):
              Reason: cannot convert from 'const std::array' to 'std::array<_Ty,_Size>'
              C:\SFML-3.0.0\include\SFML\Graphics\Transform.inl(117,18):
              Conversion requires a second user-defined-conversion operator or constructor
      C:\SFML-3.0.0\include\SFML\Graphics\Transform.inl(117,18):
      while trying to match the argument list '(const std::array, size_t)'
  
C:\SFML-3.0.0\include\SFML\Graphics\Transform.inl(117,49): error C2678: binary '[': no operator found which takes a left-hand operand of type 'const std::array' (or there is no acceptable conversion)
  (compiling source file 'Keyboard.cpp')
      C:\Program Files\Microsoft Visual Studio\2022\Community\VC\Tools\MSVC\14.44.35207\include\array(537,42):
      could be 'const _Ty &std::array<_Ty,_Size>::operator [](std::array<_Ty,_Size>::size_type) noexcept const'
          C:\SFML-3.0.0\include\SFML\Graphics\Transform.inl(117,49):
          'const _Ty &std::array<_Ty,_Size>::operator [](std::array<_Ty,_Size>::size_type) noexcept const': cannot convert 'this' pointer from 'const std::array' to 'const std::array<_Ty,_Size> &'
              C:\SFML-3.0.0\include\SFML\Graphics\Transform.inl(117,49):
              Reason: cannot convert from 'const std::array' to 'const std::array<_Ty,_Size>'
              C:\SFML-3.0.0\include\SFML\Graphics\Transform.inl(117,49):
              Conversion requires a second user-defined-conversion operator or constructor
      C:\Program Files\Microsoft Visual Studio\2022\Community\VC\Tools\MSVC\14.44.35207\include\array(529,39):
      or       '_Ty &std::array<_Ty,_Size>::operator [](std::array<_Ty,_Size>::size_type) noexcept'
          C:\SFML-3.0.0\include\SFML\Graphics\Transform.inl(117,49):
          '_Ty &std::array<_Ty,_Size>::operator [](std::array<_Ty,_Size>::size_type) noexcept': cannot convert 'this' pointer from 'const std::array' to 'std::array<_Ty,_Size> &'
              C:\SFML-3.0.0\include\SFML\Graphics\Transform.inl(117,49):
              Reason: cannot convert from 'const std::array' to 'std::array<_Ty,_Size>'
              C:\SFML-3.0.0\include\SFML\Graphics\Transform.inl(117,49):
              Conversion requires a second user-defined-conversion operator or constructor
      C:\SFML-3.0.0\include\SFML\Graphics\Transform.inl(117,49):
      while trying to match the argument list '(const std::array, size_t)'
  
C:\SFML-3.0.0\include\SFML\Graphics\Transform.inl(98,32): error C3615: constexpr function 'sf::Transform::transformRect' cannot result in a constant expression
  (compiling source file 'Keyboard.cpp')
      C:\SFML-3.0.0\include\SFML\Graphics\Transform.inl(101,22):
      failure was because type 'const std::array' is not a literal type
      C:\Program Files\Microsoft Visual Studio\2022\Community\VC\Tools\MSVC\14.44.35207\include\array(402,7):
      type 'std::array' is not a literal type because it is not an aggregate type, a closure type, or does not have a constexpr constructor that is not a copy or move constructor
      C:\SFML-3.0.0\include\SFML\Graphics\Transform.inl(110,39):
      failure was caused by call of undefined function or one not declared 'constexpr'
      C:\SFML-3.0.0\include\SFML\Graphics\Transform.inl(110,39):
      see usage of '<declval>'
      C:\SFML-3.0.0\include\SFML\Graphics\Transform.inl(98,32):
      failure was caused by control reaching the end of a constexpr function
  
C:\SFML-3.0.0\include\SFML\Graphics\Transform.inl(234,39): error C7525: inline variables require at least '/std:c++17'
  (compiling source file 'Keyboard.cpp')
  
C:\SFML-3.0.0\include\SFML\Graphics\Rect.hpp(98,34): error C2178: 'sf::Rect<int>::optional' cannot be declared with 'constexpr' specifier
  (compiling source file 'Keyboard.cpp')
  
C:\Program Files\Microsoft Visual Studio\2022\Community\VC\Tools\MSVC\14.44.35207\include\filesystem(12): warning STL4038: The contents of <filesystem> are available only with C++17 or later.
C:\SFML-3.0.0\include\SFML\Graphics\Texture.hpp(114,33): error C2039: 'filesystem': is not a member of 'std'
  (compiling source file 'Keyboard.cpp')
      C:\Program Files\Microsoft Visual Studio\2022\Community\VC\Tools\MSVC\14.44.35207\include\array(19,1):
      see declaration of 'std'
  
C:\SFML-3.0.0\include\SFML\Graphics\Texture.hpp(114,33): error C3083: 'filesystem': the symbol to the left of a '::' must be a type
  (compiling source file 'Keyboard.cpp')
  
C:\SFML-3.0.0\include\SFML\Graphics\Texture.hpp(114,45): error C2039: 'path': is not a member of 'std'
  (compiling source file 'Keyboard.cpp')
      C:\Program Files\Microsoft Visual Studio\2022\Community\VC\Tools\MSVC\14.44.35207\include\array(19,1):
      see declaration of 'std'
  
C:\SFML-3.0.0\include\SFML\Graphics\Texture.hpp(114,22): error C4430: missing type specifier - int assumed. Note: C++ does not support default-int
  (compiling source file 'Keyboard.cpp')
  
C:\SFML-3.0.0\include\SFML\Graphics\Texture.hpp(114,49): error C2143: syntax error: missing ',' before '&'
  (compiling source file 'Keyboard.cpp')
  
C:\SFML-3.0.0\include\SFML\Graphics\Texture.hpp(137,24): error C2039: 'filesystem': is not a member of 'std'
  (compiling source file 'Keyboard.cpp')
      C:\Program Files\Microsoft Visual Studio\2022\Community\VC\Tools\MSVC\14.44.35207\include\array(19,1):
      see declaration of 'std'
  
C:\SFML-3.0.0\include\SFML\Graphics\Texture.hpp(137,24): error C3083: 'filesystem': the symbol to the left of a '::' must be a type
  (compiling source file 'Keyboard.cpp')
  
C:\SFML-3.0.0\include\SFML\Graphics\Texture.hpp(137,36): error C2039: 'path': is not a member of 'std'
  (compiling source file 'Keyboard.cpp')
      C:\Program Files\Microsoft Visual Studio\2022\Community\VC\Tools\MSVC\14.44.35207\include\array(19,1):
      see declaration of 'std'
  
C:\SFML-3.0.0\include\SFML\Graphics\Texture.hpp(137,13): error C4430: missing type specifier - int assumed. Note: C++ does not support default-int
  (compiling source file 'Keyboard.cpp')
  
C:\SFML-3.0.0\include\SFML\Graphics\Texture.hpp(137,40): error C2143: syntax error: missing ',' before '&'
  (compiling source file 'Keyboard.cpp')
  
C:\SFML-3.0.0\include\SFML\Graphics\Texture.hpp(137,5): error C2535: 'sf::Texture::Texture(const int)': member function already defined or declared
  (compiling source file 'Keyboard.cpp')
      C:\SFML-3.0.0\include\SFML\Graphics\Texture.hpp(114,5):
      see declaration of 'sf::Texture::Texture'
  
C:\SFML-3.0.0\include\SFML\Graphics\Texture.hpp(304,48): error C2039: 'filesystem': is not a member of 'std'
  (compiling source file 'Keyboard.cpp')
      C:\Program Files\Microsoft Visual Studio\2022\Community\VC\Tools\MSVC\14.44.35207\include\array(19,1):
      see declaration of 'std'
  
C:\SFML-3.0.0\include\SFML\Graphics\Texture.hpp(304,48): error C3083: 'filesystem': the symbol to the left of a '::' must be a type
  (compiling source file 'Keyboard.cpp')
  
C:\SFML-3.0.0\include\SFML\Graphics\Texture.hpp(304,60): error C2039: 'path': is not a member of 'std'
  (compiling source file 'Keyboard.cpp')
      C:\Program Files\Microsoft Visual Studio\2022\Community\VC\Tools\MSVC\14.44.35207\include\array(19,1):
      see declaration of 'std'
  
C:\SFML-3.0.0\include\SFML\Graphics\Texture.hpp(304,37): error C4430: missing type specifier - int assumed. Note: C++ does not support default-int
  (compiling source file 'Keyboard.cpp')
  
C:\SFML-3.0.0\include\SFML\Graphics\Texture.hpp(304,64): error C2143: syntax error: missing ',' before '&'
  (compiling source file 'Keyboard.cpp')
  
C:\SFML-3.0.0\include\SFML\Graphics\Texture.hpp(304,117): error C2143: syntax error: missing ')' before '{'
  (compiling source file 'Keyboard.cpp')
  
C:\SFML-3.0.0\include\SFML\Graphics\Texture.hpp(304,119): error C2059: syntax error: ')'
  (compiling source file 'Keyboard.cpp')
  
C:\SFML-3.0.0\include\SFML\Graphics\Font.hpp(103,30): error C2039: 'filesystem': is not a member of 'std'
  (compiling source file 'Keyboard.cpp')
      C:\Program Files\Microsoft Visual Studio\2022\Community\VC\Tools\MSVC\14.44.35207\include\unordered_map(23,1):
      see declaration of 'std'
  
C:\SFML-3.0.0\include\SFML\Graphics\Font.hpp(103,30): error C3083: 'filesystem': the symbol to the left of a '::' must be a type
  (compiling source file 'Keyboard.cpp')
  
C:\SFML-3.0.0\include\SFML\Graphics\Font.hpp(103,42): error C2039: 'path': is not a member of 'std'
  (compiling source file 'Keyboard.cpp')
      C:\Program Files\Microsoft Visual Studio\2022\Community\VC\Tools\MSVC\14.44.35207\include\unordered_map(23,1):
      see declaration of 'std'
  
C:\SFML-3.0.0\include\SFML\Graphics\Font.hpp(103,19): error C4430: missing type specifier - int assumed. Note: C++ does not support default-int
  (compiling source file 'Keyboard.cpp')
  
C:\SFML-3.0.0\include\SFML\Graphics\Font.hpp(103,46): error C2143: syntax error: missing ',' before '&'
  (compiling source file 'Keyboard.cpp')
  
C:\SFML-3.0.0\include\SFML\Graphics\Font.hpp(168,48): error C2039: 'filesystem': is not a member of 'std'
  (compiling source file 'Keyboard.cpp')
      C:\Program Files\Microsoft Visual Studio\2022\Community\VC\Tools\MSVC\14.44.35207\include\unordered_map(23,1):
      see declaration of 'std'
  
C:\SFML-3.0.0\include\SFML\Graphics\Font.hpp(168,48): error C3083: 'filesystem': the symbol to the left of a '::' must be a type
  (compiling source file 'Keyboard.cpp')
  
C:\SFML-3.0.0\include\SFML\Graphics\Font.hpp(168,60): error C2039: 'path': is not a member of 'std'
  (compiling source file 'Keyboard.cpp')
      C:\Program Files\Microsoft Visual Studio\2022\Community\VC\Tools\MSVC\14.44.35207\include\unordered_map(23,1):
      see declaration of 'std'
  
C:\SFML-3.0.0\include\SFML\Graphics\Font.hpp(168,37): error C4430: missing type specifier - int assumed. Note: C++ does not support default-int
  (compiling source file 'Keyboard.cpp')
  
C:\SFML-3.0.0\include\SFML\Graphics\Font.hpp(168,64): error C2143: syntax error: missing ',' before '&'
  (compiling source file 'Keyboard.cpp')
  
C:\Program Files\Microsoft Visual Studio\2022\Community\VC\Tools\MSVC\14.44.35207\include\string_view(12): warning STL4038: The contents of <string_view> are available only with C++17 or later.
C:\SFML-3.0.0\include\SFML\Graphics\Image.hpp(103,31): error C2039: 'filesystem': is not a member of 'std'
  (compiling source file 'Keyboard.cpp')
      C:\Program Files\Microsoft Visual Studio\2022\Community\VC\Tools\MSVC\14.44.35207\include\unordered_map(23,1):
      see declaration of 'std'
  
C:\SFML-3.0.0\include\SFML\Graphics\Image.hpp(103,31): error C3083: 'filesystem': the symbol to the left of a '::' must be a type
  (compiling source file 'Keyboard.cpp')
  
C:\SFML-3.0.0\include\SFML\Graphics\Image.hpp(103,43): error C2039: 'path': is not a member of 'std'
  (compiling source file 'Keyboard.cpp')
      C:\Program Files\Microsoft Visual Studio\2022\Community\VC\Tools\MSVC\14.44.35207\include\unordered_map(23,1):
      see declaration of 'std'
  
C:\SFML-3.0.0\include\SFML\Graphics\Image.hpp(103,20): error C4430: missing type specifier - int assumed. Note: C++ does not support default-int
  (compiling source file 'Keyboard.cpp')
  
C:\SFML-3.0.0\include\SFML\Graphics\Image.hpp(103,47): error C2143: syntax error: missing ',' before '&'
  (compiling source file 'Keyboard.cpp')
  
C:\SFML-3.0.0\include\SFML\Graphics\Image.hpp(175,48): error C2039: 'filesystem': is not a member of 'std'
  (compiling source file 'Keyboard.cpp')
      C:\Program Files\Microsoft Visual Studio\2022\Community\VC\Tools\MSVC\14.44.35207\include\unordered_map(23,1):
      see declaration of 'std'
  
C:\SFML-3.0.0\include\SFML\Graphics\Image.hpp(175,48): error C3083: 'filesystem': the symbol to the left of a '::' must be a type
  (compiling source file 'Keyboard.cpp')
  
C:\SFML-3.0.0\include\SFML\Graphics\Image.hpp(175,60): error C2039: 'path': is not a member of 'std'
  (compiling source file 'Keyboard.cpp')
      C:\Program Files\Microsoft Visual Studio\2022\Community\VC\Tools\MSVC\14.44.35207\include\unordered_map(23,1):
      see declaration of 'std'
  
C:\SFML-3.0.0\include\SFML\Graphics\Image.hpp(175,37): error C4430: missing type specifier - int assumed. Note: C++ does not support default-int
  (compiling source file 'Keyboard.cpp')
  
C:\SFML-3.0.0\include\SFML\Graphics\Image.hpp(175,64): error C2143: syntax error: missing ',' before '&'
  (compiling source file 'Keyboard.cpp')
  
C:\SFML-3.0.0\include\SFML\Graphics\Image.hpp(227,46): error C2039: 'filesystem': is not a member of 'std'
  (compiling source file 'Keyboard.cpp')
      C:\Program Files\Microsoft Visual Studio\2022\Community\VC\Tools\MSVC\14.44.35207\include\unordered_map(23,1):
      see declaration of 'std'
  
C:\SFML-3.0.0\include\SFML\Graphics\Image.hpp(227,46): error C3083: 'filesystem': the symbol to the left of a '::' must be a type
  (compiling source file 'Keyboard.cpp')
  
C:\SFML-3.0.0\include\SFML\Graphics\Image.hpp(227,58): error C2039: 'path': is not a member of 'std'
  (compiling source file 'Keyboard.cpp')
      C:\Program Files\Microsoft Visual Studio\2022\Community\VC\Tools\MSVC\14.44.35207\include\unordered_map(23,1):
      see declaration of 'std'
  
C:\SFML-3.0.0\include\SFML\Graphics\Image.hpp(227,58): error C1003: error count exceeds 100; stopping compilation
  (compiling source file 'Keyboard.cpp')
  
  Leaderboard.cpp
C:\SFML-3.0.0\include\SFML\Graphics\Color.inl(75,17): error C3615: constexpr function 'sf::operator +' cannot result in a constant expression
  (compiling source file 'Leaderboard.cpp')
      C:\SFML-3.0.0\include\SFML\Graphics\Color.inl(77,16):
      failure was because type 'const sf::+::<lambda_16287c72c63b32e0a9fa1270f38e4b81>' is not a literal type
      C:\SFML-3.0.0\include\SFML\Graphics\Color.inl(81,5):
      type 'sf::+::<lambda_16287c72c63b32e0a9fa1270f38e4b81>' is not a literal type because it is not an aggregate type, a closure type, or does not have a constexpr constructor that is not a copy or move constructor
  
C:\SFML-3.0.0\include\SFML\Graphics\Color.inl(91,17): error C3615: constexpr function 'sf::operator -' cannot result in a constant expression
  (compiling source file 'Leaderboard.cpp')
      C:\SFML-3.0.0\include\SFML\Graphics\Color.inl(93,16):
      failure was because type 'const sf::-::<lambda_306030dfce25397b9816ce24c68c04f0>' is not a literal type
      C:\SFML-3.0.0\include\SFML\Graphics\Color.inl(97,5):
      type 'sf::-::<lambda_306030dfce25397b9816ce24c68c04f0>' is not a literal type because it is not an aggregate type, a closure type, or does not have a constexpr constructor that is not a copy or move constructor
  
C:\SFML-3.0.0\include\SFML\Graphics\Color.inl(107,17): error C3615: constexpr function 'sf::operator *' cannot result in a constant expression
  (compiling source file 'Leaderboard.cpp')
      C:\SFML-3.0.0\include\SFML\Graphics\Color.inl(109,16):
      failure was because type 'const sf::*::<lambda_1570e60a8275d4bb357b66a7fbaafc0b>' is not a literal type
      C:\SFML-3.0.0\include\SFML\Graphics\Color.inl(113,5):
      type 'sf::*::<lambda_1570e60a8275d4bb357b66a7fbaafc0b>' is not a literal type because it is not an aggregate type, a closure type, or does not have a constexpr constructor that is not a copy or move constructor
  
C:\SFML-3.0.0\include\SFML\Graphics\Color.inl(146,31): error C7525: inline variables require at least '/std:c++17'
  (compiling source file 'Leaderboard.cpp')
  
C:\SFML-3.0.0\include\SFML\Graphics\Color.inl(147,31): error C7525: inline variables require at least '/std:c++17'
  (compiling source file 'Leaderboard.cpp')
  
C:\SFML-3.0.0\include\SFML\Graphics\Color.inl(148,31): error C7525: inline variables require at least '/std:c++17'
  (compiling source file 'Leaderboard.cpp')
  
C:\SFML-3.0.0\include\SFML\Graphics\Color.inl(149,31): error C7525: inline variables require at least '/std:c++17'
  (compiling source file 'Leaderboard.cpp')
  
C:\SFML-3.0.0\include\SFML\Graphics\Color.inl(150,31): error C7525: inline variables require at least '/std:c++17'
  (compiling source file 'Leaderboard.cpp')
  
C:\SFML-3.0.0\include\SFML\Graphics\Color.inl(151,31): error C7525: inline variables require at least '/std:c++17'
  (compiling source file 'Leaderboard.cpp')
  
C:\SFML-3.0.0\include\SFML\Graphics\Color.inl(152,31): error C7525: inline variables require at least '/std:c++17'
  (compiling source file 'Leaderboard.cpp')
  
C:\SFML-3.0.0\include\SFML\Graphics\Color.inl(153,31): error C7525: inline variables require at least '/std:c++17'
  (compiling source file 'Leaderboard.cpp')
  
C:\SFML-3.0.0\include\SFML\Graphics\Color.inl(154,31): error C7525: inline variables require at least '/std:c++17'
  (compiling source file 'Leaderboard.cpp')
  
C:\SFML-3.0.0\include\SFML\System\Angle.inl(272,31): error C7525: inline variables require at least '/std:c++17'
  (compiling source file 'Leaderboard.cpp')
  
C:\Program Files\Microsoft Visual Studio\2022\Community\VC\Tools\MSVC\14.44.35207\include\optional(11): warning STL4038: The contents of <optional> are available only with C++17 or later.
C:\SFML-3.0.0\include\SFML\Graphics\Rect.hpp(98,42): error C2143: syntax error: missing ';' before '<'
  (compiling source file 'Leaderboard.cpp')
      C:\SFML-3.0.0\include\SFML\Graphics\Rect.hpp(98,42):
      the template instantiation context (the oldest one first) is
          C:\SFML-3.0.0\include\SFML\Graphics\Rect.hpp(42,7):
          while compiling class template 'sf::Rect'
  
C:\SFML-3.0.0\include\SFML\Graphics\Rect.hpp(98,34): error C4430: missing type specifier - int assumed. Note: C++ does not support default-int
  (compiling source file 'Leaderboard.cpp')
  
C:\SFML-3.0.0\include\SFML\Graphics\Rect.hpp(98,34): error C2178: 'sf::Rect<T>::optional' cannot be declared with 'constexpr' specifier
  (compiling source file 'Leaderboard.cpp')
  
C:\SFML-3.0.0\include\SFML\Graphics\Rect.hpp(98,5): warning C4869: 'nodiscard' may only be applied to classes, enumerations, and functions
  (compiling source file 'Leaderboard.cpp')
  
C:\SFML-3.0.0\include\SFML\Graphics\Rect.hpp(98,100): error C2238: unexpected token(s) preceding ';'
  (compiling source file 'Leaderboard.cpp')
  
C:\SFML-3.0.0\include\SFML\Graphics\Rect.inl(71,16): error C2039: 'optional': is not a member of 'std'
  (compiling source file 'Leaderboard.cpp')
      C:\Program Files\Microsoft Visual Studio\2022\Community\VC\Tools\MSVC\14.44.35207\include\vector(29,1):
      see declaration of 'std'
  
C:\SFML-3.0.0\include\SFML\Graphics\Rect.inl(71,24): error C2988: unrecognizable template declaration/definition
  (compiling source file 'Leaderboard.cpp')
  
C:\SFML-3.0.0\include\SFML\Graphics\Rect.inl(71,24): error C2143: syntax error: missing ';' before '<'
  (compiling source file 'Leaderboard.cpp')
  
C:\SFML-3.0.0\include\SFML\Graphics\Rect.inl(71,16): error C4430: missing type specifier - int assumed. Note: C++ does not support default-int
  (compiling source file 'Leaderboard.cpp')
  
C:\SFML-3.0.0\include\SFML\Graphics\Rect.inl(71,24): error C2059: syntax error: '<'
  (compiling source file 'Leaderboard.cpp')
  
C:\SFML-3.0.0\include\SFML\Graphics\Rect.inl(71,30): error C2065: 'T': undeclared identifier
  (compiling source file 'Leaderboard.cpp')
  
C:\SFML-3.0.0\include\SFML\Graphics\Rect.inl(71,25): error C2923: 'sf::Rect': 'T' is not a valid template type argument for parameter 'T'
  (compiling source file 'Leaderboard.cpp')
      C:\SFML-3.0.0\include\SFML\Graphics\Rect.inl(71,30):
      see declaration of 'T'
  
C:\SFML-3.0.0\include\SFML\Graphics\Rect.inl(71,39): error C2065: 'T': undeclared identifier
  (compiling source file 'Leaderboard.cpp')
  
C:\SFML-3.0.0\include\SFML\Graphics\Rect.inl(71,34): error C2923: 'sf::Rect': 'T' is not a valid template type argument for parameter 'T'
  (compiling source file 'Leaderboard.cpp')
      C:\SFML-3.0.0\include\SFML\Graphics\Rect.inl(71,39):
      see declaration of 'T'
  
C:\SFML-3.0.0\include\SFML\Graphics\Rect.inl(71,71): error C2065: 'T': undeclared identifier
  (compiling source file 'Leaderboard.cpp')
  
C:\SFML-3.0.0\include\SFML\Graphics\Rect.inl(71,66): error C2923: 'sf::Rect': 'T' is not a valid template type argument for parameter 'T'
  (compiling source file 'Leaderboard.cpp')
      C:\SFML-3.0.0\include\SFML\Graphics\Rect.inl(71,71):
      see declaration of 'T'
  
C:\SFML-3.0.0\include\SFML\Graphics\Rect.inl(72,1): error C2143: syntax error: missing ';' before '{'
  (compiling source file 'Leaderboard.cpp')
  
C:\SFML-3.0.0\include\SFML\Graphics\Rect.inl(72,1): error C2447: '{': missing function header (old-style formal list?)
  (compiling source file 'Leaderboard.cpp')
  
C:\SFML-3.0.0\include\SFML\Graphics\Transform.inl(52,35): error C3615: constexpr function 'sf::Transform::getMatrix' cannot result in a constant expression
  (compiling source file 'Leaderboard.cpp')
      C:\SFML-3.0.0\include\SFML\Graphics\Transform.inl(54,25):
      failure was caused by call of undefined function or one not declared 'constexpr'
      C:\SFML-3.0.0\include\SFML\Graphics\Transform.inl(54,25):
      see usage of 'std::array<float,16>::data'
  
C:\SFML-3.0.0\include\SFML\Graphics\Rect.hpp(98,34): error C2039: 'optional': is not a member of 'std'
  (compiling source file 'Leaderboard.cpp')
      C:\Program Files\Microsoft Visual Studio\2022\Community\VC\Tools\MSVC\14.44.35207\include\array(19,1):
      see declaration of 'std'
      C:\SFML-3.0.0\include\SFML\Graphics\Rect.hpp(98,34):
      the template instantiation context (the oldest one first) is
          C:\SFML-3.0.0\include\SFML\Graphics\Transform.inl(98,32):
          see reference to class template instantiation 'sf::Rect<float>' being compiled
  
C:\SFML-3.0.0\include\SFML\Graphics\Rect.hpp(98,34): error C2178: 'sf::Rect<float>::optional' cannot be declared with 'constexpr' specifier
  (compiling source file 'Leaderboard.cpp')
  
C:\SFML-3.0.0\include\SFML\Graphics\Transform.inl(101,31): error C2514: 'std::array': class template cannot be constructed
  (compiling source file 'Leaderboard.cpp')
      C:\Program Files\Microsoft Visual Studio\2022\Community\VC\Tools\MSVC\14.44.35207\include\array(402,7):
      see declaration of 'std::array'
  
C:\SFML-3.0.0\include\SFML\Graphics\Transform.inl(107,21): error C2678: binary '[': no operator found which takes a left-hand operand of type 'const std::array' (or there is no acceptable conversion)
  (compiling source file 'Leaderboard.cpp')
      C:\Program Files\Microsoft Visual Studio\2022\Community\VC\Tools\MSVC\14.44.35207\include\array(537,42):
      could be 'const _Ty &std::array<_Ty,_Size>::operator [](std::array<_Ty,_Size>::size_type) noexcept const'
          C:\SFML-3.0.0\include\SFML\Graphics\Transform.inl(107,21):
          'const _Ty &std::array<_Ty,_Size>::operator [](std::array<_Ty,_Size>::size_type) noexcept const': cannot convert 'this' pointer from 'const std::array' to 'const std::array<_Ty,_Size> &'
              C:\SFML-3.0.0\include\SFML\Graphics\Transform.inl(107,21):
              Reason: cannot convert from 'const std::array' to 'const std::array<_Ty,_Size>'
              C:\SFML-3.0.0\include\SFML\Graphics\Transform.inl(107,21):
              Conversion requires a second user-defined-conversion operator or constructor
      C:\Program Files\Microsoft Visual Studio\2022\Community\VC\Tools\MSVC\14.44.35207\include\array(529,39):
      or       '_Ty &std::array<_Ty,_Size>::operator [](std::array<_Ty,_Size>::size_type) noexcept'
          C:\SFML-3.0.0\include\SFML\Graphics\Transform.inl(107,21):
          '_Ty &std::array<_Ty,_Size>::operator [](std::array<_Ty,_Size>::size_type) noexcept': cannot convert 'this' pointer from 'const std::array' to 'std::array<_Ty,_Size> &'
              C:\SFML-3.0.0\include\SFML\Graphics\Transform.inl(107,21):
              Reason: cannot convert from 'const std::array' to 'std::array<_Ty,_Size>'
              C:\SFML-3.0.0\include\SFML\Graphics\Transform.inl(107,21):
              Conversion requires a second user-defined-conversion operator or constructor
      C:\SFML-3.0.0\include\SFML\Graphics\Transform.inl(107,21):
      while trying to match the argument list '(const std::array, int)'
  
C:\SFML-3.0.0\include\SFML\Graphics\Transform.inl(108,21): error C2678: binary '[': no operator found which takes a left-hand operand of type 'const std::array' (or there is no acceptable conversion)
  (compiling source file 'Leaderboard.cpp')
      C:\Program Files\Microsoft Visual Studio\2022\Community\VC\Tools\MSVC\14.44.35207\include\array(537,42):
      could be 'const _Ty &std::array<_Ty,_Size>::operator [](std::array<_Ty,_Size>::size_type) noexcept const'
          C:\SFML-3.0.0\include\SFML\Graphics\Transform.inl(108,21):
          'const _Ty &std::array<_Ty,_Size>::operator [](std::array<_Ty,_Size>::size_type) noexcept const': cannot convert 'this' pointer from 'const std::array' to 'const std::array<_Ty,_Size> &'
              C:\SFML-3.0.0\include\SFML\Graphics\Transform.inl(108,21):
              Reason: cannot convert from 'const std::array' to 'const std::array<_Ty,_Size>'
              C:\SFML-3.0.0\include\SFML\Graphics\Transform.inl(108,21):
              Conversion requires a second user-defined-conversion operator or constructor
      C:\Program Files\Microsoft Visual Studio\2022\Community\VC\Tools\MSVC\14.44.35207\include\array(529,39):
      or       '_Ty &std::array<_Ty,_Size>::operator [](std::array<_Ty,_Size>::size_type) noexcept'
          C:\SFML-3.0.0\include\SFML\Graphics\Transform.inl(108,21):
          '_Ty &std::array<_Ty,_Size>::operator [](std::array<_Ty,_Size>::size_type) noexcept': cannot convert 'this' pointer from 'const std::array' to 'std::array<_Ty,_Size> &'
              C:\SFML-3.0.0\include\SFML\Graphics\Transform.inl(108,21):
              Reason: cannot convert from 'const std::array' to 'std::array<_Ty,_Size>'
              C:\SFML-3.0.0\include\SFML\Graphics\Transform.inl(108,21):
              Conversion requires a second user-defined-conversion operator or constructor
      C:\SFML-3.0.0\include\SFML\Graphics\Transform.inl(108,21):
      while trying to match the argument list '(const std::array, int)'
  
C:\SFML-3.0.0\include\SFML\Graphics\Transform.inl(110,40): error C2662: 'std::array<_Ty,_Size>::size_type std::array<_Ty,_Size>::size(void) noexcept const': cannot convert 'this' pointer from 'const std::array' to 'const std::array<_Ty,_Size> &'
  (compiling source file 'Leaderboard.cpp')
      C:\SFML-3.0.0\include\SFML\Graphics\Transform.inl(110,33):
      Reason: cannot convert from 'const std::array' to 'const std::array<_Ty,_Size>'
      C:\SFML-3.0.0\include\SFML\Graphics\Transform.inl(110,33):
      Conversion requires a second user-defined-conversion operator or constructor
      C:\Program Files\Microsoft Visual Studio\2022\Community\VC\Tools\MSVC\14.44.35207\include\array(501,59):
      see declaration of 'std::array<_Ty,_Size>::size'
      C:\SFML-3.0.0\include\SFML\Graphics\Transform.inl(110,40):
      while trying to match the argument list '()'
  
C:\SFML-3.0.0\include\SFML\Graphics\Transform.inl(113,18): error C2678: binary '[': no operator found which takes a left-hand operand of type 'const std::array' (or there is no acceptable conversion)
  (compiling source file 'Leaderboard.cpp')
      C:\Program Files\Microsoft Visual Studio\2022\Community\VC\Tools\MSVC\14.44.35207\include\array(537,42):
      could be 'const _Ty &std::array<_Ty,_Size>::operator [](std::array<_Ty,_Size>::size_type) noexcept const'
          C:\SFML-3.0.0\include\SFML\Graphics\Transform.inl(113,18):
          'const _Ty &std::array<_Ty,_Size>::operator [](std::array<_Ty,_Size>::size_type) noexcept const': cannot convert 'this' pointer from 'const std::array' to 'const std::array<_Ty,_Size> &'
              C:\SFML-3.0.0\include\SFML\Graphics\Transform.inl(113,18):
              Reason: cannot convert from 'const std::array' to 'const std::array<_Ty,_Size>'
              C:\SFML-3.0.0\include\SFML\Graphics\Transform.inl(113,18):
              Conversion requires a second user-defined-conversion operator or constructor
      C:\Program Files\Microsoft Visual Studio\2022\Community\VC\Tools\MSVC\14.44.35207\include\array(529,39):
      or       '_Ty &std::array<_Ty,_Size>::operator [](std::array<_Ty,_Size>::size_type) noexcept'
          C:\SFML-3.0.0\include\SFML\Graphics\Transform.inl(113,18):
          '_Ty &std::array<_Ty,_Size>::operator [](std::array<_Ty,_Size>::size_type) noexcept': cannot convert 'this' pointer from 'const std::array' to 'std::array<_Ty,_Size> &'
              C:\SFML-3.0.0\include\SFML\Graphics\Transform.inl(113,18):
              Reason: cannot convert from 'const std::array' to 'std::array<_Ty,_Size>'
              C:\SFML-3.0.0\include\SFML\Graphics\Transform.inl(113,18):
              Conversion requires a second user-defined-conversion operator or constructor
      C:\SFML-3.0.0\include\SFML\Graphics\Transform.inl(113,18):
      while trying to match the argument list '(const std::array, size_t)'
  
C:\SFML-3.0.0\include\SFML\Graphics\Transform.inl(113,49): error C2678: binary '[': no operator found which takes a left-hand operand of type 'const std::array' (or there is no acceptable conversion)
  (compiling source file 'Leaderboard.cpp')
      C:\Program Files\Microsoft Visual Studio\2022\Community\VC\Tools\MSVC\14.44.35207\include\array(537,42):
      could be 'const _Ty &std::array<_Ty,_Size>::operator [](std::array<_Ty,_Size>::size_type) noexcept const'
          C:\SFML-3.0.0\include\SFML\Graphics\Transform.inl(113,49):
          'const _Ty &std::array<_Ty,_Size>::operator [](std::array<_Ty,_Size>::size_type) noexcept const': cannot convert 'this' pointer from 'const std::array' to 'const std::array<_Ty,_Size> &'
              C:\SFML-3.0.0\include\SFML\Graphics\Transform.inl(113,49):
              Reason: cannot convert from 'const std::array' to 'const std::array<_Ty,_Size>'
              C:\SFML-3.0.0\include\SFML\Graphics\Transform.inl(113,49):
              Conversion requires a second user-defined-conversion operator or constructor
      C:\Program Files\Microsoft Visual Studio\2022\Community\VC\Tools\MSVC\14.44.35207\include\array(529,39):
      or       '_Ty &std::array<_Ty,_Size>::operator [](std::array<_Ty,_Size>::size_type) noexcept'
          C:\SFML-3.0.0\include\SFML\Graphics\Transform.inl(113,49):
          '_Ty &std::array<_Ty,_Size>::operator [](std::array<_Ty,_Size>::size_type) noexcept': cannot convert 'this' pointer from 'const std::array' to 'std::array<_Ty,_Size> &'
              C:\SFML-3.0.0\include\SFML\Graphics\Transform.inl(113,49):
              Reason: cannot convert from 'const std::array' to 'std::array<_Ty,_Size>'
              C:\SFML-3.0.0\include\SFML\Graphics\Transform.inl(113,49):
              Conversion requires a second user-defined-conversion operator or constructor
      C:\SFML-3.0.0\include\SFML\Graphics\Transform.inl(113,49):
      while trying to match the argument list '(const std::array, size_t)'
  
C:\SFML-3.0.0\include\SFML\Graphics\Transform.inl(114,18): error C2678: binary '[': no operator found which takes a left-hand operand of type 'const std::array' (or there is no acceptable conversion)
  (compiling source file 'Leaderboard.cpp')
      C:\Program Files\Microsoft Visual Studio\2022\Community\VC\Tools\MSVC\14.44.35207\include\array(537,42):
      could be 'const _Ty &std::array<_Ty,_Size>::operator [](std::array<_Ty,_Size>::size_type) noexcept const'
          C:\SFML-3.0.0\include\SFML\Graphics\Transform.inl(114,18):
          'const _Ty &std::array<_Ty,_Size>::operator [](std::array<_Ty,_Size>::size_type) noexcept const': cannot convert 'this' pointer from 'const std::array' to 'const std::array<_Ty,_Size> &'
              C:\SFML-3.0.0\include\SFML\Graphics\Transform.inl(114,18):
              Reason: cannot convert from 'const std::array' to 'const std::array<_Ty,_Size>'
              C:\SFML-3.0.0\include\SFML\Graphics\Transform.inl(114,18):
              Conversion requires a second user-defined-conversion operator or constructor
      C:\Program Files\Microsoft Visual Studio\2022\Community\VC\Tools\MSVC\14.44.35207\include\array(529,39):
      or       '_Ty &std::array<_Ty,_Size>::operator [](std::array<_Ty,_Size>::size_type) noexcept'
          C:\SFML-3.0.0\include\SFML\Graphics\Transform.inl(114,18):
          '_Ty &std::array<_Ty,_Size>::operator [](std::array<_Ty,_Size>::size_type) noexcept': cannot convert 'this' pointer from 'const std::array' to 'std::array<_Ty,_Size> &'
              C:\SFML-3.0.0\include\SFML\Graphics\Transform.inl(114,18):
              Reason: cannot convert from 'const std::array' to 'std::array<_Ty,_Size>'
              C:\SFML-3.0.0\include\SFML\Graphics\Transform.inl(114,18):
              Conversion requires a second user-defined-conversion operator or constructor
      C:\SFML-3.0.0\include\SFML\Graphics\Transform.inl(114,18):
      while trying to match the argument list '(const std::array, size_t)'
  
C:\SFML-3.0.0\include\SFML\Graphics\Transform.inl(114,49): error C2678: binary '[': no operator found which takes a left-hand operand of type 'const std::array' (or there is no acceptable conversion)
  (compiling source file 'Leaderboard.cpp')
      C:\Program Files\Microsoft Visual Studio\2022\Community\VC\Tools\MSVC\14.44.35207\include\array(537,42):
      could be 'const _Ty &std::array<_Ty,_Size>::operator [](std::array<_Ty,_Size>::size_type) noexcept const'
          C:\SFML-3.0.0\include\SFML\Graphics\Transform.inl(114,49):
          'const _Ty &std::array<_Ty,_Size>::operator [](std::array<_Ty,_Size>::size_type) noexcept const': cannot convert 'this' pointer from 'const std::array' to 'const std::array<_Ty,_Size> &'
              C:\SFML-3.0.0\include\SFML\Graphics\Transform.inl(114,49):
              Reason: cannot convert from 'const std::array' to 'const std::array<_Ty,_Size>'
              C:\SFML-3.0.0\include\SFML\Graphics\Transform.inl(114,49):
              Conversion requires a second user-defined-conversion operator or constructor
      C:\Program Files\Microsoft Visual Studio\2022\Community\VC\Tools\MSVC\14.44.35207\include\array(529,39):
      or       '_Ty &std::array<_Ty,_Size>::operator [](std::array<_Ty,_Size>::size_type) noexcept'
          C:\SFML-3.0.0\include\SFML\Graphics\Transform.inl(114,49):
          '_Ty &std::array<_Ty,_Size>::operator [](std::array<_Ty,_Size>::size_type) noexcept': cannot convert 'this' pointer from 'const std::array' to 'std::array<_Ty,_Size> &'
              C:\SFML-3.0.0\include\SFML\Graphics\Transform.inl(114,49):
              Reason: cannot convert from 'const std::array' to 'std::array<_Ty,_Size>'
              C:\SFML-3.0.0\include\SFML\Graphics\Transform.inl(114,49):
              Conversion requires a second user-defined-conversion operator or constructor
      C:\SFML-3.0.0\include\SFML\Graphics\Transform.inl(114,49):
      while trying to match the argument list '(const std::array, size_t)'
  
C:\SFML-3.0.0\include\SFML\Graphics\Transform.inl(116,18): error C2678: binary '[': no operator found which takes a left-hand operand of type 'const std::array' (or there is no acceptable conversion)
  (compiling source file 'Leaderboard.cpp')
      C:\Program Files\Microsoft Visual Studio\2022\Community\VC\Tools\MSVC\14.44.35207\include\array(537,42):
      could be 'const _Ty &std::array<_Ty,_Size>::operator [](std::array<_Ty,_Size>::size_type) noexcept const'
          C:\SFML-3.0.0\include\SFML\Graphics\Transform.inl(116,18):
          'const _Ty &std::array<_Ty,_Size>::operator [](std::array<_Ty,_Size>::size_type) noexcept const': cannot convert 'this' pointer from 'const std::array' to 'const std::array<_Ty,_Size> &'
              C:\SFML-3.0.0\include\SFML\Graphics\Transform.inl(116,18):
              Reason: cannot convert from 'const std::array' to 'const std::array<_Ty,_Size>'
              C:\SFML-3.0.0\include\SFML\Graphics\Transform.inl(116,18):
              Conversion requires a second user-defined-conversion operator or constructor
      C:\Program Files\Microsoft Visual Studio\2022\Community\VC\Tools\MSVC\14.44.35207\include\array(529,39):
      or       '_Ty &std::array<_Ty,_Size>::operator [](std::array<_Ty,_Size>::size_type) noexcept'
          C:\SFML-3.0.0\include\SFML\Graphics\Transform.inl(116,18):
          '_Ty &std::array<_Ty,_Size>::operator [](std::array<_Ty,_Size>::size_type) noexcept': cannot convert 'this' pointer from 'const std::array' to 'std::array<_Ty,_Size> &'
              C:\SFML-3.0.0\include\SFML\Graphics\Transform.inl(116,18):
              Reason: cannot convert from 'const std::array' to 'std::array<_Ty,_Size>'
              C:\SFML-3.0.0\include\SFML\Graphics\Transform.inl(116,18):
              Conversion requires a second user-defined-conversion operator or constructor
      C:\SFML-3.0.0\include\SFML\Graphics\Transform.inl(116,18):
      while trying to match the argument list '(const std::array, size_t)'
  
C:\SFML-3.0.0\include\SFML\Graphics\Transform.inl(116,49): error C2678: binary '[': no operator found which takes a left-hand operand of type 'const std::array' (or there is no acceptable conversion)
  (compiling source file 'Leaderboard.cpp')
      C:\Program Files\Microsoft Visual Studio\2022\Community\VC\Tools\MSVC\14.44.35207\include\array(537,42):
      could be 'const _Ty &std::array<_Ty,_Size>::operator [](std::array<_Ty,_Size>::size_type) noexcept const'
          C:\SFML-3.0.0\include\SFML\Graphics\Transform.inl(116,49):
          'const _Ty &std::array<_Ty,_Size>::operator [](std::array<_Ty,_Size>::size_type) noexcept const': cannot convert 'this' pointer from 'const std::array' to 'const std::array<_Ty,_Size> &'
              C:\SFML-3.0.0\include\SFML\Graphics\Transform.inl(116,49):
              Reason: cannot convert from 'const std::array' to 'const std::array<_Ty,_Size>'
              C:\SFML-3.0.0\include\SFML\Graphics\Transform.inl(116,49):
              Conversion requires a second user-defined-conversion operator or constructor
      C:\Program Files\Microsoft Visual Studio\2022\Community\VC\Tools\MSVC\14.44.35207\include\array(529,39):
      or       '_Ty &std::array<_Ty,_Size>::operator [](std::array<_Ty,_Size>::size_type) noexcept'
          C:\SFML-3.0.0\include\SFML\Graphics\Transform.inl(116,49):
          '_Ty &std::array<_Ty,_Size>::operator [](std::array<_Ty,_Size>::size_type) noexcept': cannot convert 'this' pointer from 'const std::array' to 'std::array<_Ty,_Size> &'
              C:\SFML-3.0.0\include\SFML\Graphics\Transform.inl(116,49):
              Reason: cannot convert from 'const std::array' to 'std::array<_Ty,_Size>'
              C:\SFML-3.0.0\include\SFML\Graphics\Transform.inl(116,49):
              Conversion requires a second user-defined-conversion operator or constructor
      C:\SFML-3.0.0\include\SFML\Graphics\Transform.inl(116,49):
      while trying to match the argument list '(const std::array, size_t)'
  
C:\SFML-3.0.0\include\SFML\Graphics\Transform.inl(117,18): error C2678: binary '[': no operator found which takes a left-hand operand of type 'const std::array' (or there is no acceptable conversion)
  (compiling source file 'Leaderboard.cpp')
      C:\Program Files\Microsoft Visual Studio\2022\Community\VC\Tools\MSVC\14.44.35207\include\array(537,42):
      could be 'const _Ty &std::array<_Ty,_Size>::operator [](std::array<_Ty,_Size>::size_type) noexcept const'
          C:\SFML-3.0.0\include\SFML\Graphics\Transform.inl(117,18):
          'const _Ty &std::array<_Ty,_Size>::operator [](std::array<_Ty,_Size>::size_type) noexcept const': cannot convert 'this' pointer from 'const std::array' to 'const std::array<_Ty,_Size> &'
              C:\SFML-3.0.0\include\SFML\Graphics\Transform.inl(117,18):
              Reason: cannot convert from 'const std::array' to 'const std::array<_Ty,_Size>'
              C:\SFML-3.0.0\include\SFML\Graphics\Transform.inl(117,18):
              Conversion requires a second user-defined-conversion operator or constructor
      C:\Program Files\Microsoft Visual Studio\2022\Community\VC\Tools\MSVC\14.44.35207\include\array(529,39):
      or       '_Ty &std::array<_Ty,_Size>::operator [](std::array<_Ty,_Size>::size_type) noexcept'
          C:\SFML-3.0.0\include\SFML\Graphics\Transform.inl(117,18):
          '_Ty &std::array<_Ty,_Size>::operator [](std::array<_Ty,_Size>::size_type) noexcept': cannot convert 'this' pointer from 'const std::array' to 'std::array<_Ty,_Size> &'
              C:\SFML-3.0.0\include\SFML\Graphics\Transform.inl(117,18):
              Reason: cannot convert from 'const std::array' to 'std::array<_Ty,_Size>'
              C:\SFML-3.0.0\include\SFML\Graphics\Transform.inl(117,18):
              Conversion requires a second user-defined-conversion operator or constructor
      C:\SFML-3.0.0\include\SFML\Graphics\Transform.inl(117,18):
      while trying to match the argument list '(const std::array, size_t)'
  
C:\SFML-3.0.0\include\SFML\Graphics\Transform.inl(117,49): error C2678: binary '[': no operator found which takes a left-hand operand of type 'const std::array' (or there is no acceptable conversion)
  (compiling source file 'Leaderboard.cpp')
      C:\Program Files\Microsoft Visual Studio\2022\Community\VC\Tools\MSVC\14.44.35207\include\array(537,42):
      could be 'const _Ty &std::array<_Ty,_Size>::operator [](std::array<_Ty,_Size>::size_type) noexcept const'
          C:\SFML-3.0.0\include\SFML\Graphics\Transform.inl(117,49):
          'const _Ty &std::array<_Ty,_Size>::operator [](std::array<_Ty,_Size>::size_type) noexcept const': cannot convert 'this' pointer from 'const std::array' to 'const std::array<_Ty,_Size> &'
              C:\SFML-3.0.0\include\SFML\Graphics\Transform.inl(117,49):
              Reason: cannot convert from 'const std::array' to 'const std::array<_Ty,_Size>'
              C:\SFML-3.0.0\include\SFML\Graphics\Transform.inl(117,49):
              Conversion requires a second user-defined-conversion operator or constructor
      C:\Program Files\Microsoft Visual Studio\2022\Community\VC\Tools\MSVC\14.44.35207\include\array(529,39):
      or       '_Ty &std::array<_Ty,_Size>::operator [](std::array<_Ty,_Size>::size_type) noexcept'
          C:\SFML-3.0.0\include\SFML\Graphics\Transform.inl(117,49):
          '_Ty &std::array<_Ty,_Size>::operator [](std::array<_Ty,_Size>::size_type) noexcept': cannot convert 'this' pointer from 'const std::array' to 'std::array<_Ty,_Size> &'
              C:\SFML-3.0.0\include\SFML\Graphics\Transform.inl(117,49):
              Reason: cannot convert from 'const std::array' to 'std::array<_Ty,_Size>'
              C:\SFML-3.0.0\include\SFML\Graphics\Transform.inl(117,49):
              Conversion requires a second user-defined-conversion operator or constructor
      C:\SFML-3.0.0\include\SFML\Graphics\Transform.inl(117,49):
      while trying to match the argument list '(const std::array, size_t)'
  
C:\SFML-3.0.0\include\SFML\Graphics\Transform.inl(98,32): error C3615: constexpr function 'sf::Transform::transformRect' cannot result in a constant expression
  (compiling source file 'Leaderboard.cpp')
      C:\SFML-3.0.0\include\SFML\Graphics\Transform.inl(101,22):
      failure was because type 'const std::array' is not a literal type
      C:\Program Files\Microsoft Visual Studio\2022\Community\VC\Tools\MSVC\14.44.35207\include\array(402,7):
      type 'std::array' is not a literal type because it is not an aggregate type, a closure type, or does not have a constexpr constructor that is not a copy or move constructor
      C:\SFML-3.0.0\include\SFML\Graphics\Transform.inl(110,39):
      failure was caused by call of undefined function or one not declared 'constexpr'
      C:\SFML-3.0.0\include\SFML\Graphics\Transform.inl(110,39):
      see usage of '<declval>'
      C:\SFML-3.0.0\include\SFML\Graphics\Transform.inl(98,32):
      failure was caused by control reaching the end of a constexpr function
  
C:\SFML-3.0.0\include\SFML\Graphics\Transform.inl(234,39): error C7525: inline variables require at least '/std:c++17'
  (compiling source file 'Leaderboard.cpp')
  
C:\SFML-3.0.0\include\SFML\Graphics\Rect.hpp(98,34): error C2178: 'sf::Rect<int>::optional' cannot be declared with 'constexpr' specifier
  (compiling source file 'Leaderboard.cpp')
  
C:\Program Files\Microsoft Visual Studio\2022\Community\VC\Tools\MSVC\14.44.35207\include\filesystem(12): warning STL4038: The contents of <filesystem> are available only with C++17 or later.
C:\SFML-3.0.0\include\SFML\Graphics\Texture.hpp(114,33): error C2039: 'filesystem': is not a member of 'std'
  (compiling source file 'Leaderboard.cpp')
      C:\Program Files\Microsoft Visual Studio\2022\Community\VC\Tools\MSVC\14.44.35207\include\array(19,1):
      see declaration of 'std'
  
C:\SFML-3.0.0\include\SFML\Graphics\Texture.hpp(114,33): error C3083: 'filesystem': the symbol to the left of a '::' must be a type
  (compiling source file 'Leaderboard.cpp')
  
C:\SFML-3.0.0\include\SFML\Graphics\Texture.hpp(114,45): error C2039: 'path': is not a member of 'std'
  (compiling source file 'Leaderboard.cpp')
      C:\Program Files\Microsoft Visual Studio\2022\Community\VC\Tools\MSVC\14.44.35207\include\array(19,1):
      see declaration of 'std'
  
C:\SFML-3.0.0\include\SFML\Graphics\Texture.hpp(114,22): error C4430: missing type specifier - int assumed. Note: C++ does not support default-int
  (compiling source file 'Leaderboard.cpp')
  
C:\SFML-3.0.0\include\SFML\Graphics\Texture.hpp(114,49): error C2143: syntax error: missing ',' before '&'
  (compiling source file 'Leaderboard.cpp')
  
C:\SFML-3.0.0\include\SFML\Graphics\Texture.hpp(137,24): error C2039: 'filesystem': is not a member of 'std'
  (compiling source file 'Leaderboard.cpp')
      C:\Program Files\Microsoft Visual Studio\2022\Community\VC\Tools\MSVC\14.44.35207\include\array(19,1):
      see declaration of 'std'
  
C:\SFML-3.0.0\include\SFML\Graphics\Texture.hpp(137,24): error C3083: 'filesystem': the symbol to the left of a '::' must be a type
  (compiling source file 'Leaderboard.cpp')
  
C:\SFML-3.0.0\include\SFML\Graphics\Texture.hpp(137,36): error C2039: 'path': is not a member of 'std'
  (compiling source file 'Leaderboard.cpp')
      C:\Program Files\Microsoft Visual Studio\2022\Community\VC\Tools\MSVC\14.44.35207\include\array(19,1):
      see declaration of 'std'
  
C:\SFML-3.0.0\include\SFML\Graphics\Texture.hpp(137,13): error C4430: missing type specifier - int assumed. Note: C++ does not support default-int
  (compiling source file 'Leaderboard.cpp')
  
C:\SFML-3.0.0\include\SFML\Graphics\Texture.hpp(137,40): error C2143: syntax error: missing ',' before '&'
  (compiling source file 'Leaderboard.cpp')
  
C:\SFML-3.0.0\include\SFML\Graphics\Texture.hpp(137,5): error C2535: 'sf::Texture::Texture(const int)': member function already defined or declared
  (compiling source file 'Leaderboard.cpp')
      C:\SFML-3.0.0\include\SFML\Graphics\Texture.hpp(114,5):
      see declaration of 'sf::Texture::Texture'
  
C:\SFML-3.0.0\include\SFML\Graphics\Texture.hpp(304,48): error C2039: 'filesystem': is not a member of 'std'
  (compiling source file 'Leaderboard.cpp')
      C:\Program Files\Microsoft Visual Studio\2022\Community\VC\Tools\MSVC\14.44.35207\include\array(19,1):
      see declaration of 'std'
  
C:\SFML-3.0.0\include\SFML\Graphics\Texture.hpp(304,48): error C3083: 'filesystem': the symbol to the left of a '::' must be a type
  (compiling source file 'Leaderboard.cpp')
  
C:\SFML-3.0.0\include\SFML\Graphics\Texture.hpp(304,60): error C2039: 'path': is not a member of 'std'
  (compiling source file 'Leaderboard.cpp')
      C:\Program Files\Microsoft Visual Studio\2022\Community\VC\Tools\MSVC\14.44.35207\include\array(19,1):
      see declaration of 'std'
  
C:\SFML-3.0.0\include\SFML\Graphics\Texture.hpp(304,37): error C4430: missing type specifier - int assumed. Note: C++ does not support default-int
  (compiling source file 'Leaderboard.cpp')
  
C:\SFML-3.0.0\include\SFML\Graphics\Texture.hpp(304,64): error C2143: syntax error: missing ',' before '&'
  (compiling source file 'Leaderboard.cpp')
  
C:\SFML-3.0.0\include\SFML\Graphics\Texture.hpp(304,117): error C2143: syntax error: missing ')' before '{'
  (compiling source file 'Leaderboard.cpp')
  
C:\SFML-3.0.0\include\SFML\Graphics\Texture.hpp(304,119): error C2059: syntax error: ')'
  (compiling source file 'Leaderboard.cpp')
  
C:\SFML-3.0.0\include\SFML\Graphics\Font.hpp(103,30): error C2039: 'filesystem': is not a member of 'std'
  (compiling source file 'Leaderboard.cpp')
      C:\Program Files\Microsoft Visual Studio\2022\Community\VC\Tools\MSVC\14.44.35207\include\unordered_map(23,1):
      see declaration of 'std'
  
C:\SFML-3.0.0\include\SFML\Graphics\Font.hpp(103,30): error C3083: 'filesystem': the symbol to the left of a '::' must be a type
  (compiling source file 'Leaderboard.cpp')
  
C:\SFML-3.0.0\include\SFML\Graphics\Font.hpp(103,42): error C2039: 'path': is not a member of 'std'
  (compiling source file 'Leaderboard.cpp')
      C:\Program Files\Microsoft Visual Studio\2022\Community\VC\Tools\MSVC\14.44.35207\include\unordered_map(23,1):
      see declaration of 'std'
  
C:\SFML-3.0.0\include\SFML\Graphics\Font.hpp(103,19): error C4430: missing type specifier - int assumed. Note: C++ does not support default-int
  (compiling source file 'Leaderboard.cpp')
  
C:\SFML-3.0.0\include\SFML\Graphics\Font.hpp(103,46): error C2143: syntax error: missing ',' before '&'
  (compiling source file 'Leaderboard.cpp')
  
C:\SFML-3.0.0\include\SFML\Graphics\Font.hpp(168,48): error C2039: 'filesystem': is not a member of 'std'
  (compiling source file 'Leaderboard.cpp')
      C:\Program Files\Microsoft Visual Studio\2022\Community\VC\Tools\MSVC\14.44.35207\include\unordered_map(23,1):
      see declaration of 'std'
  
C:\SFML-3.0.0\include\SFML\Graphics\Font.hpp(168,48): error C3083: 'filesystem': the symbol to the left of a '::' must be a type
  (compiling source file 'Leaderboard.cpp')
  
C:\SFML-3.0.0\include\SFML\Graphics\Font.hpp(168,60): error C2039: 'path': is not a member of 'std'
  (compiling source file 'Leaderboard.cpp')
      C:\Program Files\Microsoft Visual Studio\2022\Community\VC\Tools\MSVC\14.44.35207\include\unordered_map(23,1):
      see declaration of 'std'
  
C:\SFML-3.0.0\include\SFML\Graphics\Font.hpp(168,37): error C4430: missing type specifier - int assumed. Note: C++ does not support default-int
  (compiling source file 'Leaderboard.cpp')
  
C:\SFML-3.0.0\include\SFML\Graphics\Font.hpp(168,64): error C2143: syntax error: missing ',' before '&'
  (compiling source file 'Leaderboard.cpp')
  
C:\Program Files\Microsoft Visual Studio\2022\Community\VC\Tools\MSVC\14.44.35207\include\string_view(12): warning STL4038: The contents of <string_view> are available only with C++17 or later.
C:\SFML-3.0.0\include\SFML\Graphics\Image.hpp(103,31): error C2039: 'filesystem': is not a member of 'std'
  (compiling source file 'Leaderboard.cpp')
      C:\Program Files\Microsoft Visual Studio\2022\Community\VC\Tools\MSVC\14.44.35207\include\unordered_map(23,1):
      see declaration of 'std'
  
C:\SFML-3.0.0\include\SFML\Graphics\Image.hpp(103,31): error C3083: 'filesystem': the symbol to the left of a '::' must be a type
  (compiling source file 'Leaderboard.cpp')
  
C:\SFML-3.0.0\include\SFML\Graphics\Image.hpp(103,43): error C2039: 'path': is not a member of 'std'
  (compiling source file 'Leaderboard.cpp')
      C:\Program Files\Microsoft Visual Studio\2022\Community\VC\Tools\MSVC\14.44.35207\include\unordered_map(23,1):
      see declaration of 'std'
  
C:\SFML-3.0.0\include\SFML\Graphics\Image.hpp(103,20): error C4430: missing type specifier - int assumed. Note: C++ does not support default-int
  (compiling source file 'Leaderboard.cpp')
  
C:\SFML-3.0.0\include\SFML\Graphics\Image.hpp(103,47): error C2143: syntax error: missing ',' before '&'
  (compiling source file 'Leaderboard.cpp')
  
C:\SFML-3.0.0\include\SFML\Graphics\Image.hpp(175,48): error C2039: 'filesystem': is not a member of 'std'
  (compiling source file 'Leaderboard.cpp')
      C:\Program Files\Microsoft Visual Studio\2022\Community\VC\Tools\MSVC\14.44.35207\include\unordered_map(23,1):
      see declaration of 'std'
  
C:\SFML-3.0.0\include\SFML\Graphics\Image.hpp(175,48): error C3083: 'filesystem': the symbol to the left of a '::' must be a type
  (compiling source file 'Leaderboard.cpp')
  
C:\SFML-3.0.0\include\SFML\Graphics\Image.hpp(175,60): error C2039: 'path': is not a member of 'std'
  (compiling source file 'Leaderboard.cpp')
      C:\Program Files\Microsoft Visual Studio\2022\Community\VC\Tools\MSVC\14.44.35207\include\unordered_map(23,1):
      see declaration of 'std'
  
C:\SFML-3.0.0\include\SFML\Graphics\Image.hpp(175,37): error C4430: missing type specifier - int assumed. Note: C++ does not support default-int
  (compiling source file 'Leaderboard.cpp')
  
C:\SFML-3.0.0\include\SFML\Graphics\Image.hpp(175,64): error C2143: syntax error: missing ',' before '&'
  (compiling source file 'Leaderboard.cpp')
  
C:\SFML-3.0.0\include\SFML\Graphics\Image.hpp(227,46): error C2039: 'filesystem': is not a member of 'std'
  (compiling source file 'Leaderboard.cpp')
      C:\Program Files\Microsoft Visual Studio\2022\Community\VC\Tools\MSVC\14.44.35207\include\unordered_map(23,1):
      see declaration of 'std'
  
C:\SFML-3.0.0\include\SFML\Graphics\Image.hpp(227,46): error C3083: 'filesystem': the symbol to the left of a '::' must be a type
  (compiling source file 'Leaderboard.cpp')
  
C:\SFML-3.0.0\include\SFML\Graphics\Image.hpp(227,58): error C2039: 'path': is not a member of 'std'
  (compiling source file 'Leaderboard.cpp')
      C:\Program Files\Microsoft Visual Studio\2022\Community\VC\Tools\MSVC\14.44.35207\include\unordered_map(23,1):
      see declaration of 'std'
  
C:\SFML-3.0.0\include\SFML\Graphics\Image.hpp(227,58): error C1003: error count exceeds 100; stopping compilation
  (compiling source file 'Leaderboard.cpp')
  
  main.cpp
C:\SFML-3.0.0\include\SFML\Graphics\Color.inl(75,17): error C3615: constexpr function 'sf::operator +' cannot result in a constant expression
  (compiling source file 'main.cpp')
      C:\SFML-3.0.0\include\SFML\Graphics\Color.inl(77,16):
      failure was because type 'const sf::+::<lambda_16287c72c63b32e0a9fa1270f38e4b81>' is not a literal type
      C:\SFML-3.0.0\include\SFML\Graphics\Color.inl(81,5):
      type 'sf::+::<lambda_16287c72c63b32e0a9fa1270f38e4b81>' is not a literal type because it is not an aggregate type, a closure type, or does not have a constexpr constructor that is not a copy or move constructor
  
C:\SFML-3.0.0\include\SFML\Graphics\Color.inl(91,17): error C3615: constexpr function 'sf::operator -' cannot result in a constant expression
  (compiling source file 'main.cpp')
      C:\SFML-3.0.0\include\SFML\Graphics\Color.inl(93,16):
      failure was because type 'const sf::-::<lambda_306030dfce25397b9816ce24c68c04f0>' is not a literal type
      C:\SFML-3.0.0\include\SFML\Graphics\Color.inl(97,5):
      type 'sf::-::<lambda_306030dfce25397b9816ce24c68c04f0>' is not a literal type because it is not an aggregate type, a closure type, or does not have a constexpr constructor that is not a copy or move constructor
  
C:\SFML-3.0.0\include\SFML\Graphics\Color.inl(107,17): error C3615: constexpr function 'sf::operator *' cannot result in a constant expression
  (compiling source file 'main.cpp')
      C:\SFML-3.0.0\include\SFML\Graphics\Color.inl(109,16):
      failure was because type 'const sf::*::<lambda_1570e60a8275d4bb357b66a7fbaafc0b>' is not a literal type
      C:\SFML-3.0.0\include\SFML\Graphics\Color.inl(113,5):
      type 'sf::*::<lambda_1570e60a8275d4bb357b66a7fbaafc0b>' is not a literal type because it is not an aggregate type, a closure type, or does not have a constexpr constructor that is not a copy or move constructor
  
C:\SFML-3.0.0\include\SFML\Graphics\Color.inl(146,31): error C7525: inline variables require at least '/std:c++17'
  (compiling source file 'main.cpp')
  
C:\SFML-3.0.0\include\SFML\Graphics\Color.inl(147,31): error C7525: inline variables require at least '/std:c++17'
  (compiling source file 'main.cpp')
  
C:\SFML-3.0.0\include\SFML\Graphics\Color.inl(148,31): error C7525: inline variables require at least '/std:c++17'
  (compiling source file 'main.cpp')
  
C:\SFML-3.0.0\include\SFML\Graphics\Color.inl(149,31): error C7525: inline variables require at least '/std:c++17'
  (compiling source file 'main.cpp')
  
C:\SFML-3.0.0\include\SFML\Graphics\Color.inl(150,31): error C7525: inline variables require at least '/std:c++17'
  (compiling source file 'main.cpp')
  
C:\SFML-3.0.0\include\SFML\Graphics\Color.inl(151,31): error C7525: inline variables require at least '/std:c++17'
  (compiling source file 'main.cpp')
  
C:\SFML-3.0.0\include\SFML\Graphics\Color.inl(152,31): error C7525: inline variables require at least '/std:c++17'
  (compiling source file 'main.cpp')
  
C:\SFML-3.0.0\include\SFML\Graphics\Color.inl(153,31): error C7525: inline variables require at least '/std:c++17'
  (compiling source file 'main.cpp')
  
C:\SFML-3.0.0\include\SFML\Graphics\Color.inl(154,31): error C7525: inline variables require at least '/std:c++17'
  (compiling source file 'main.cpp')
  
C:\SFML-3.0.0\include\SFML\System\Angle.inl(272,31): error C7525: inline variables require at least '/std:c++17'
  (compiling source file 'main.cpp')
  
C:\Program Files\Microsoft Visual Studio\2022\Community\VC\Tools\MSVC\14.44.35207\include\optional(11): warning STL4038: The contents of <optional> are available only with C++17 or later.
C:\SFML-3.0.0\include\SFML\Graphics\Rect.hpp(98,42): error C2143: syntax error: missing ';' before '<'
  (compiling source file 'main.cpp')
      C:\SFML-3.0.0\include\SFML\Graphics\Rect.hpp(98,42):
      the template instantiation context (the oldest one first) is
          C:\SFML-3.0.0\include\SFML\Graphics\Rect.hpp(42,7):
          while compiling class template 'sf::Rect'
  
C:\SFML-3.0.0\include\SFML\Graphics\Rect.hpp(98,34): error C4430: missing type specifier - int assumed. Note: C++ does not support default-int
  (compiling source file 'main.cpp')
  
C:\SFML-3.0.0\include\SFML\Graphics\Rect.hpp(98,34): error C2178: 'sf::Rect<T>::optional' cannot be declared with 'constexpr' specifier
  (compiling source file 'main.cpp')
  
C:\SFML-3.0.0\include\SFML\Graphics\Rect.hpp(98,5): warning C4869: 'nodiscard' may only be applied to classes, enumerations, and functions
  (compiling source file 'main.cpp')
  
C:\SFML-3.0.0\include\SFML\Graphics\Rect.hpp(98,100): error C2238: unexpected token(s) preceding ';'
  (compiling source file 'main.cpp')
  
C:\SFML-3.0.0\include\SFML\Graphics\Rect.inl(71,16): error C2039: 'optional': is not a member of 'std'
  (compiling source file 'main.cpp')
      C:\Program Files\Microsoft Visual Studio\2022\Community\VC\Tools\MSVC\14.44.35207\include\iostream(19,1):
      see declaration of 'std'
  
C:\SFML-3.0.0\include\SFML\Graphics\Rect.inl(71,24): error C2988: unrecognizable template declaration/definition
  (compiling source file 'main.cpp')
  
C:\SFML-3.0.0\include\SFML\Graphics\Rect.inl(71,24): error C2143: syntax error: missing ';' before '<'
  (compiling source file 'main.cpp')
  
C:\SFML-3.0.0\include\SFML\Graphics\Rect.inl(71,16): error C4430: missing type specifier - int assumed. Note: C++ does not support default-int
  (compiling source file 'main.cpp')
  
C:\SFML-3.0.0\include\SFML\Graphics\Rect.inl(71,24): error C2059: syntax error: '<'
  (compiling source file 'main.cpp')
  
C:\SFML-3.0.0\include\SFML\Graphics\Rect.inl(71,30): error C2065: 'T': undeclared identifier
  (compiling source file 'main.cpp')
  
C:\SFML-3.0.0\include\SFML\Graphics\Rect.inl(71,25): error C2923: 'sf::Rect': 'T' is not a valid template type argument for parameter 'T'
  (compiling source file 'main.cpp')
      C:\SFML-3.0.0\include\SFML\Graphics\Rect.inl(71,30):
      see declaration of 'T'
  
C:\SFML-3.0.0\include\SFML\Graphics\Rect.inl(71,39): error C2065: 'T': undeclared identifier
  (compiling source file 'main.cpp')
  
C:\SFML-3.0.0\include\SFML\Graphics\Rect.inl(71,34): error C2923: 'sf::Rect': 'T' is not a valid template type argument for parameter 'T'
  (compiling source file 'main.cpp')
      C:\SFML-3.0.0\include\SFML\Graphics\Rect.inl(71,39):
      see declaration of 'T'
  
C:\SFML-3.0.0\include\SFML\Graphics\Rect.inl(71,71): error C2065: 'T': undeclared identifier
  (compiling source file 'main.cpp')
  
C:\SFML-3.0.0\include\SFML\Graphics\Rect.inl(71,66): error C2923: 'sf::Rect': 'T' is not a valid template type argument for parameter 'T'
  (compiling source file 'main.cpp')
      C:\SFML-3.0.0\include\SFML\Graphics\Rect.inl(71,71):
      see declaration of 'T'
  
C:\SFML-3.0.0\include\SFML\Graphics\Rect.inl(72,1): error C2143: syntax error: missing ';' before '{'
  (compiling source file 'main.cpp')
  
C:\SFML-3.0.0\include\SFML\Graphics\Rect.inl(72,1): error C2447: '{': missing function header (old-style formal list?)
  (compiling source file 'main.cpp')
  
C:\SFML-3.0.0\include\SFML\Graphics\Transform.inl(52,35): error C3615: constexpr function 'sf::Transform::getMatrix' cannot result in a constant expression
  (compiling source file 'main.cpp')
      C:\SFML-3.0.0\include\SFML\Graphics\Transform.inl(54,25):
      failure was caused by call of undefined function or one not declared 'constexpr'
      C:\SFML-3.0.0\include\SFML\Graphics\Transform.inl(54,25):
      see usage of 'std::array<float,16>::data'
  
C:\SFML-3.0.0\include\SFML\Graphics\Rect.hpp(98,34): error C2039: 'optional': is not a member of 'std'
  (compiling source file 'main.cpp')
      C:\Program Files\Microsoft Visual Studio\2022\Community\VC\Tools\MSVC\14.44.35207\include\array(19,1):
      see declaration of 'std'
      C:\SFML-3.0.0\include\SFML\Graphics\Rect.hpp(98,34):
      the template instantiation context (the oldest one first) is
          C:\SFML-3.0.0\include\SFML\Graphics\Transform.inl(98,32):
          see reference to class template instantiation 'sf::Rect<float>' being compiled
  
C:\SFML-3.0.0\include\SFML\Graphics\Rect.hpp(98,34): error C2178: 'sf::Rect<float>::optional' cannot be declared with 'constexpr' specifier
  (compiling source file 'main.cpp')
  
C:\SFML-3.0.0\include\SFML\Graphics\Transform.inl(101,31): error C2514: 'std::array': class template cannot be constructed
  (compiling source file 'main.cpp')
      C:\Program Files\Microsoft Visual Studio\2022\Community\VC\Tools\MSVC\14.44.35207\include\array(402,7):
      see declaration of 'std::array'
  
C:\SFML-3.0.0\include\SFML\Graphics\Transform.inl(107,21): error C2678: binary '[': no operator found which takes a left-hand operand of type 'const std::array' (or there is no acceptable conversion)
  (compiling source file 'main.cpp')
      C:\Program Files\Microsoft Visual Studio\2022\Community\VC\Tools\MSVC\14.44.35207\include\array(537,42):
      could be 'const _Ty &std::array<_Ty,_Size>::operator [](std::array<_Ty,_Size>::size_type) noexcept const'
          C:\SFML-3.0.0\include\SFML\Graphics\Transform.inl(107,21):
          'const _Ty &std::array<_Ty,_Size>::operator [](std::array<_Ty,_Size>::size_type) noexcept const': cannot convert 'this' pointer from 'const std::array' to 'const std::array<_Ty,_Size> &'
              C:\SFML-3.0.0\include\SFML\Graphics\Transform.inl(107,21):
              Reason: cannot convert from 'const std::array' to 'const std::array<_Ty,_Size>'
              C:\SFML-3.0.0\include\SFML\Graphics\Transform.inl(107,21):
              Conversion requires a second user-defined-conversion operator or constructor
      C:\Program Files\Microsoft Visual Studio\2022\Community\VC\Tools\MSVC\14.44.35207\include\array(529,39):
      or       '_Ty &std::array<_Ty,_Size>::operator [](std::array<_Ty,_Size>::size_type) noexcept'
          C:\SFML-3.0.0\include\SFML\Graphics\Transform.inl(107,21):
          '_Ty &std::array<_Ty,_Size>::operator [](std::array<_Ty,_Size>::size_type) noexcept': cannot convert 'this' pointer from 'const std::array' to 'std::array<_Ty,_Size> &'
              C:\SFML-3.0.0\include\SFML\Graphics\Transform.inl(107,21):
              Reason: cannot convert from 'const std::array' to 'std::array<_Ty,_Size>'
              C:\SFML-3.0.0\include\SFML\Graphics\Transform.inl(107,21):
              Conversion requires a second user-defined-conversion operator or constructor
      C:\SFML-3.0.0\include\SFML\Graphics\Transform.inl(107,21):
      while trying to match the argument list '(const std::array, int)'
  
C:\SFML-3.0.0\include\SFML\Graphics\Transform.inl(108,21): error C2678: binary '[': no operator found which takes a left-hand operand of type 'const std::array' (or there is no acceptable conversion)
  (compiling source file 'main.cpp')
      C:\Program Files\Microsoft Visual Studio\2022\Community\VC\Tools\MSVC\14.44.35207\include\array(537,42):
      could be 'const _Ty &std::array<_Ty,_Size>::operator [](std::array<_Ty,_Size>::size_type) noexcept const'
          C:\SFML-3.0.0\include\SFML\Graphics\Transform.inl(108,21):
          'const _Ty &std::array<_Ty,_Size>::operator [](std::array<_Ty,_Size>::size_type) noexcept const': cannot convert 'this' pointer from 'const std::array' to 'const std::array<_Ty,_Size> &'
              C:\SFML-3.0.0\include\SFML\Graphics\Transform.inl(108,21):
              Reason: cannot convert from 'const std::array' to 'const std::array<_Ty,_Size>'
              C:\SFML-3.0.0\include\SFML\Graphics\Transform.inl(108,21):
              Conversion requires a second user-defined-conversion operator or constructor
      C:\Program Files\Microsoft Visual Studio\2022\Community\VC\Tools\MSVC\14.44.35207\include\array(529,39):
      or       '_Ty &std::array<_Ty,_Size>::operator [](std::array<_Ty,_Size>::size_type) noexcept'
          C:\SFML-3.0.0\include\SFML\Graphics\Transform.inl(108,21):
          '_Ty &std::array<_Ty,_Size>::operator [](std::array<_Ty,_Size>::size_type) noexcept': cannot convert 'this' pointer from 'const std::array' to 'std::array<_Ty,_Size> &'
              C:\SFML-3.0.0\include\SFML\Graphics\Transform.inl(108,21):
              Reason: cannot convert from 'const std::array' to 'std::array<_Ty,_Size>'
              C:\SFML-3.0.0\include\SFML\Graphics\Transform.inl(108,21):
              Conversion requires a second user-defined-conversion operator or constructor
      C:\SFML-3.0.0\include\SFML\Graphics\Transform.inl(108,21):
      while trying to match the argument list '(const std::array, int)'
  
C:\SFML-3.0.0\include\SFML\Graphics\Transform.inl(110,40): error C2662: 'std::array<_Ty,_Size>::size_type std::array<_Ty,_Size>::size(void) noexcept const': cannot convert 'this' pointer from 'const std::array' to 'const std::array<_Ty,_Size> &'
  (compiling source file 'main.cpp')
      C:\SFML-3.0.0\include\SFML\Graphics\Transform.inl(110,33):
      Reason: cannot convert from 'const std::array' to 'const std::array<_Ty,_Size>'
      C:\SFML-3.0.0\include\SFML\Graphics\Transform.inl(110,33):
      Conversion requires a second user-defined-conversion operator or constructor
      C:\Program Files\Microsoft Visual Studio\2022\Community\VC\Tools\MSVC\14.44.35207\include\array(501,59):
      see declaration of 'std::array<_Ty,_Size>::size'
      C:\SFML-3.0.0\include\SFML\Graphics\Transform.inl(110,40):
      while trying to match the argument list '()'
  
C:\SFML-3.0.0\include\SFML\Graphics\Transform.inl(113,18): error C2678: binary '[': no operator found which takes a left-hand operand of type 'const std::array' (or there is no acceptable conversion)
  (compiling source file 'main.cpp')
      C:\Program Files\Microsoft Visual Studio\2022\Community\VC\Tools\MSVC\14.44.35207\include\array(537,42):
      could be 'const _Ty &std::array<_Ty,_Size>::operator [](std::array<_Ty,_Size>::size_type) noexcept const'
          C:\SFML-3.0.0\include\SFML\Graphics\Transform.inl(113,18):
          'const _Ty &std::array<_Ty,_Size>::operator [](std::array<_Ty,_Size>::size_type) noexcept const': cannot convert 'this' pointer from 'const std::array' to 'const std::array<_Ty,_Size> &'
              C:\SFML-3.0.0\include\SFML\Graphics\Transform.inl(113,18):
              Reason: cannot convert from 'const std::array' to 'const std::array<_Ty,_Size>'
              C:\SFML-3.0.0\include\SFML\Graphics\Transform.inl(113,18):
              Conversion requires a second user-defined-conversion operator or constructor
      C:\Program Files\Microsoft Visual Studio\2022\Community\VC\Tools\MSVC\14.44.35207\include\array(529,39):
      or       '_Ty &std::array<_Ty,_Size>::operator [](std::array<_Ty,_Size>::size_type) noexcept'
          C:\SFML-3.0.0\include\SFML\Graphics\Transform.inl(113,18):
          '_Ty &std::array<_Ty,_Size>::operator [](std::array<_Ty,_Size>::size_type) noexcept': cannot convert 'this' pointer from 'const std::array' to 'std::array<_Ty,_Size> &'
              C:\SFML-3.0.0\include\SFML\Graphics\Transform.inl(113,18):
              Reason: cannot convert from 'const std::array' to 'std::array<_Ty,_Size>'
              C:\SFML-3.0.0\include\SFML\Graphics\Transform.inl(113,18):
              Conversion requires a second user-defined-conversion operator or constructor
      C:\SFML-3.0.0\include\SFML\Graphics\Transform.inl(113,18):
      while trying to match the argument list '(const std::array, size_t)'
  
C:\SFML-3.0.0\include\SFML\Graphics\Transform.inl(113,49): error C2678: binary '[': no operator found which takes a left-hand operand of type 'const std::array' (or there is no acceptable conversion)
  (compiling source file 'main.cpp')
      C:\Program Files\Microsoft Visual Studio\2022\Community\VC\Tools\MSVC\14.44.35207\include\array(537,42):
      could be 'const _Ty &std::array<_Ty,_Size>::operator [](std::array<_Ty,_Size>::size_type) noexcept const'
          C:\SFML-3.0.0\include\SFML\Graphics\Transform.inl(113,49):
          'const _Ty &std::array<_Ty,_Size>::operator [](std::array<_Ty,_Size>::size_type) noexcept const': cannot convert 'this' pointer from 'const std::array' to 'const std::array<_Ty,_Size> &'
              C:\SFML-3.0.0\include\SFML\Graphics\Transform.inl(113,49):
              Reason: cannot convert from 'const std::array' to 'const std::array<_Ty,_Size>'
              C:\SFML-3.0.0\include\SFML\Graphics\Transform.inl(113,49):
              Conversion requires a second user-defined-conversion operator or constructor
      C:\Program Files\Microsoft Visual Studio\2022\Community\VC\Tools\MSVC\14.44.35207\include\array(529,39):
      or       '_Ty &std::array<_Ty,_Size>::operator [](std::array<_Ty,_Size>::size_type) noexcept'
          C:\SFML-3.0.0\include\SFML\Graphics\Transform.inl(113,49):
          '_Ty &std::array<_Ty,_Size>::operator [](std::array<_Ty,_Size>::size_type) noexcept': cannot convert 'this' pointer from 'const std::array' to 'std::array<_Ty,_Size> &'
              C:\SFML-3.0.0\include\SFML\Graphics\Transform.inl(113,49):
              Reason: cannot convert from 'const std::array' to 'std::array<_Ty,_Size>'
              C:\SFML-3.0.0\include\SFML\Graphics\Transform.inl(113,49):
              Conversion requires a second user-defined-conversion operator or constructor
      C:\SFML-3.0.0\include\SFML\Graphics\Transform.inl(113,49):
      while trying to match the argument list '(const std::array, size_t)'
  
C:\SFML-3.0.0\include\SFML\Graphics\Transform.inl(114,18): error C2678: binary '[': no operator found which takes a left-hand operand of type 'const std::array' (or there is no acceptable conversion)
  (compiling source file 'main.cpp')
      C:\Program Files\Microsoft Visual Studio\2022\Community\VC\Tools\MSVC\14.44.35207\include\array(537,42):
      could be 'const _Ty &std::array<_Ty,_Size>::operator [](std::array<_Ty,_Size>::size_type) noexcept const'
          C:\SFML-3.0.0\include\SFML\Graphics\Transform.inl(114,18):
          'const _Ty &std::array<_Ty,_Size>::operator [](std::array<_Ty,_Size>::size_type) noexcept const': cannot convert 'this' pointer from 'const std::array' to 'const std::array<_Ty,_Size> &'
              C:\SFML-3.0.0\include\SFML\Graphics\Transform.inl(114,18):
              Reason: cannot convert from 'const std::array' to 'const std::array<_Ty,_Size>'
              C:\SFML-3.0.0\include\SFML\Graphics\Transform.inl(114,18):
              Conversion requires a second user-defined-conversion operator or constructor
      C:\Program Files\Microsoft Visual Studio\2022\Community\VC\Tools\MSVC\14.44.35207\include\array(529,39):
      or       '_Ty &std::array<_Ty,_Size>::operator [](std::array<_Ty,_Size>::size_type) noexcept'
          C:\SFML-3.0.0\include\SFML\Graphics\Transform.inl(114,18):
          '_Ty &std::array<_Ty,_Size>::operator [](std::array<_Ty,_Size>::size_type) noexcept': cannot convert 'this' pointer from 'const std::array' to 'std::array<_Ty,_Size> &'
              C:\SFML-3.0.0\include\SFML\Graphics\Transform.inl(114,18):
              Reason: cannot convert from 'const std::array' to 'std::array<_Ty,_Size>'
              C:\SFML-3.0.0\include\SFML\Graphics\Transform.inl(114,18):
              Conversion requires a second user-defined-conversion operator or constructor
      C:\SFML-3.0.0\include\SFML\Graphics\Transform.inl(114,18):
      while trying to match the argument list '(const std::array, size_t)'
  
C:\SFML-3.0.0\include\SFML\Graphics\Transform.inl(114,49): error C2678: binary '[': no operator found which takes a left-hand operand of type 'const std::array' (or there is no acceptable conversion)
  (compiling source file 'main.cpp')
      C:\Program Files\Microsoft Visual Studio\2022\Community\VC\Tools\MSVC\14.44.35207\include\array(537,42):
      could be 'const _Ty &std::array<_Ty,_Size>::operator [](std::array<_Ty,_Size>::size_type) noexcept const'
          C:\SFML-3.0.0\include\SFML\Graphics\Transform.inl(114,49):
          'const _Ty &std::array<_Ty,_Size>::operator [](std::array<_Ty,_Size>::size_type) noexcept const': cannot convert 'this' pointer from 'const std::array' to 'const std::array<_Ty,_Size> &'
              C:\SFML-3.0.0\include\SFML\Graphics\Transform.inl(114,49):
              Reason: cannot convert from 'const std::array' to 'const std::array<_Ty,_Size>'
              C:\SFML-3.0.0\include\SFML\Graphics\Transform.inl(114,49):
              Conversion requires a second user-defined-conversion operator or constructor
      C:\Program Files\Microsoft Visual Studio\2022\Community\VC\Tools\MSVC\14.44.35207\include\array(529,39):
      or       '_Ty &std::array<_Ty,_Size>::operator [](std::array<_Ty,_Size>::size_type) noexcept'
          C:\SFML-3.0.0\include\SFML\Graphics\Transform.inl(114,49):
          '_Ty &std::array<_Ty,_Size>::operator [](std::array<_Ty,_Size>::size_type) noexcept': cannot convert 'this' pointer from 'const std::array' to 'std::array<_Ty,_Size> &'
              C:\SFML-3.0.0\include\SFML\Graphics\Transform.inl(114,49):
              Reason: cannot convert from 'const std::array' to 'std::array<_Ty,_Size>'
              C:\SFML-3.0.0\include\SFML\Graphics\Transform.inl(114,49):
              Conversion requires a second user-defined-conversion operator or constructor
      C:\SFML-3.0.0\include\SFML\Graphics\Transform.inl(114,49):
      while trying to match the argument list '(const std::array, size_t)'
  
C:\SFML-3.0.0\include\SFML\Graphics\Transform.inl(116,18): error C2678: binary '[': no operator found which takes a left-hand operand of type 'const std::array' (or there is no acceptable conversion)
  (compiling source file 'main.cpp')
      C:\Program Files\Microsoft Visual Studio\2022\Community\VC\Tools\MSVC\14.44.35207\include\array(537,42):
      could be 'const _Ty &std::array<_Ty,_Size>::operator [](std::array<_Ty,_Size>::size_type) noexcept const'
          C:\SFML-3.0.0\include\SFML\Graphics\Transform.inl(116,18):
          'const _Ty &std::array<_Ty,_Size>::operator [](std::array<_Ty,_Size>::size_type) noexcept const': cannot convert 'this' pointer from 'const std::array' to 'const std::array<_Ty,_Size> &'
              C:\SFML-3.0.0\include\SFML\Graphics\Transform.inl(116,18):
              Reason: cannot convert from 'const std::array' to 'const std::array<_Ty,_Size>'
              C:\SFML-3.0.0\include\SFML\Graphics\Transform.inl(116,18):
              Conversion requires a second user-defined-conversion operator or constructor
      C:\Program Files\Microsoft Visual Studio\2022\Community\VC\Tools\MSVC\14.44.35207\include\array(529,39):
      or       '_Ty &std::array<_Ty,_Size>::operator [](std::array<_Ty,_Size>::size_type) noexcept'
          C:\SFML-3.0.0\include\SFML\Graphics\Transform.inl(116,18):
          '_Ty &std::array<_Ty,_Size>::operator [](std::array<_Ty,_Size>::size_type) noexcept': cannot convert 'this' pointer from 'const std::array' to 'std::array<_Ty,_Size> &'
              C:\SFML-3.0.0\include\SFML\Graphics\Transform.inl(116,18):
              Reason: cannot convert from 'const std::array' to 'std::array<_Ty,_Size>'
              C:\SFML-3.0.0\include\SFML\Graphics\Transform.inl(116,18):
              Conversion requires a second user-defined-conversion operator or constructor
      C:\SFML-3.0.0\include\SFML\Graphics\Transform.inl(116,18):
      while trying to match the argument list '(const std::array, size_t)'
  
C:\SFML-3.0.0\include\SFML\Graphics\Transform.inl(116,49): error C2678: binary '[': no operator found which takes a left-hand operand of type 'const std::array' (or there is no acceptable conversion)
  (compiling source file 'main.cpp')
      C:\Program Files\Microsoft Visual Studio\2022\Community\VC\Tools\MSVC\14.44.35207\include\array(537,42):
      could be 'const _Ty &std::array<_Ty,_Size>::operator [](std::array<_Ty,_Size>::size_type) noexcept const'
          C:\SFML-3.0.0\include\SFML\Graphics\Transform.inl(116,49):
          'const _Ty &std::array<_Ty,_Size>::operator [](std::array<_Ty,_Size>::size_type) noexcept const': cannot convert 'this' pointer from 'const std::array' to 'const std::array<_Ty,_Size> &'
              C:\SFML-3.0.0\include\SFML\Graphics\Transform.inl(116,49):
              Reason: cannot convert from 'const std::array' to 'const std::array<_Ty,_Size>'
              C:\SFML-3.0.0\include\SFML\Graphics\Transform.inl(116,49):
              Conversion requires a second user-defined-conversion operator or constructor
      C:\Program Files\Microsoft Visual Studio\2022\Community\VC\Tools\MSVC\14.44.35207\include\array(529,39):
      or       '_Ty &std::array<_Ty,_Size>::operator [](std::array<_Ty,_Size>::size_type) noexcept'
          C:\SFML-3.0.0\include\SFML\Graphics\Transform.inl(116,49):
          '_Ty &std::array<_Ty,_Size>::operator [](std::array<_Ty,_Size>::size_type) noexcept': cannot convert 'this' pointer from 'const std::array' to 'std::array<_Ty,_Size> &'
              C:\SFML-3.0.0\include\SFML\Graphics\Transform.inl(116,49):
              Reason: cannot convert from 'const std::array' to 'std::array<_Ty,_Size>'
              C:\SFML-3.0.0\include\SFML\Graphics\Transform.inl(116,49):
              Conversion requires a second user-defined-conversion operator or constructor
      C:\SFML-3.0.0\include\SFML\Graphics\Transform.inl(116,49):
      while trying to match the argument list '(const std::array, size_t)'
  
C:\SFML-3.0.0\include\SFML\Graphics\Transform.inl(117,18): error C2678: binary '[': no operator found which takes a left-hand operand of type 'const std::array' (or there is no acceptable conversion)
  (compiling source file 'main.cpp')
      C:\Program Files\Microsoft Visual Studio\2022\Community\VC\Tools\MSVC\14.44.35207\include\array(537,42):
      could be 'const _Ty &std::array<_Ty,_Size>::operator [](std::array<_Ty,_Size>::size_type) noexcept const'
          C:\SFML-3.0.0\include\SFML\Graphics\Transform.inl(117,18):
          'const _Ty &std::array<_Ty,_Size>::operator [](std::array<_Ty,_Size>::size_type) noexcept const': cannot convert 'this' pointer from 'const std::array' to 'const std::array<_Ty,_Size> &'
              C:\SFML-3.0.0\include\SFML\Graphics\Transform.inl(117,18):
              Reason: cannot convert from 'const std::array' to 'const std::array<_Ty,_Size>'
              C:\SFML-3.0.0\include\SFML\Graphics\Transform.inl(117,18):
              Conversion requires a second user-defined-conversion operator or constructor
      C:\Program Files\Microsoft Visual Studio\2022\Community\VC\Tools\MSVC\14.44.35207\include\array(529,39):
      or       '_Ty &std::array<_Ty,_Size>::operator [](std::array<_Ty,_Size>::size_type) noexcept'
          C:\SFML-3.0.0\include\SFML\Graphics\Transform.inl(117,18):
          '_Ty &std::array<_Ty,_Size>::operator [](std::array<_Ty,_Size>::size_type) noexcept': cannot convert 'this' pointer from 'const std::array' to 'std::array<_Ty,_Size> &'
              C:\SFML-3.0.0\include\SFML\Graphics\Transform.inl(117,18):
              Reason: cannot convert from 'const std::array' to 'std::array<_Ty,_Size>'
              C:\SFML-3.0.0\include\SFML\Graphics\Transform.inl(117,18):
              Conversion requires a second user-defined-conversion operator or constructor
      C:\SFML-3.0.0\include\SFML\Graphics\Transform.inl(117,18):
      while trying to match the argument list '(const std::array, size_t)'
  
C:\SFML-3.0.0\include\SFML\Graphics\Transform.inl(117,49): error C2678: binary '[': no operator found which takes a left-hand operand of type 'const std::array' (or there is no acceptable conversion)
  (compiling source file 'main.cpp')
      C:\Program Files\Microsoft Visual Studio\2022\Community\VC\Tools\MSVC\14.44.35207\include\array(537,42):
      could be 'const _Ty &std::array<_Ty,_Size>::operator [](std::array<_Ty,_Size>::size_type) noexcept const'
          C:\SFML-3.0.0\include\SFML\Graphics\Transform.inl(117,49):
          'const _Ty &std::array<_Ty,_Size>::operator [](std::array<_Ty,_Size>::size_type) noexcept const': cannot convert 'this' pointer from 'const std::array' to 'const std::array<_Ty,_Size> &'
              C:\SFML-3.0.0\include\SFML\Graphics\Transform.inl(117,49):
              Reason: cannot convert from 'const std::array' to 'const std::array<_Ty,_Size>'
              C:\SFML-3.0.0\include\SFML\Graphics\Transform.inl(117,49):
              Conversion requires a second user-defined-conversion operator or constructor
      C:\Program Files\Microsoft Visual Studio\2022\Community\VC\Tools\MSVC\14.44.35207\include\array(529,39):
      or       '_Ty &std::array<_Ty,_Size>::operator [](std::array<_Ty,_Size>::size_type) noexcept'
          C:\SFML-3.0.0\include\SFML\Graphics\Transform.inl(117,49):
          '_Ty &std::array<_Ty,_Size>::operator [](std::array<_Ty,_Size>::size_type) noexcept': cannot convert 'this' pointer from 'const std::array' to 'std::array<_Ty,_Size> &'
              C:\SFML-3.0.0\include\SFML\Graphics\Transform.inl(117,49):
              Reason: cannot convert from 'const std::array' to 'std::array<_Ty,_Size>'
              C:\SFML-3.0.0\include\SFML\Graphics\Transform.inl(117,49):
              Conversion requires a second user-defined-conversion operator or constructor
      C:\SFML-3.0.0\include\SFML\Graphics\Transform.inl(117,49):
      while trying to match the argument list '(const std::array, size_t)'
  
C:\SFML-3.0.0\include\SFML\Graphics\Transform.inl(98,32): error C3615: constexpr function 'sf::Transform::transformRect' cannot result in a constant expression
  (compiling source file 'main.cpp')
      C:\SFML-3.0.0\include\SFML\Graphics\Transform.inl(101,22):
      failure was because type 'const std::array' is not a literal type
      C:\Program Files\Microsoft Visual Studio\2022\Community\VC\Tools\MSVC\14.44.35207\include\array(402,7):
      type 'std::array' is not a literal type because it is not an aggregate type, a closure type, or does not have a constexpr constructor that is not a copy or move constructor
      C:\SFML-3.0.0\include\SFML\Graphics\Transform.inl(110,39):
      failure was caused by call of undefined function or one not declared 'constexpr'
      C:\SFML-3.0.0\include\SFML\Graphics\Transform.inl(110,39):
      see usage of '<declval>'
      C:\SFML-3.0.0\include\SFML\Graphics\Transform.inl(98,32):
      failure was caused by control reaching the end of a constexpr function
  
C:\SFML-3.0.0\include\SFML\Graphics\Transform.inl(234,39): error C7525: inline variables require at least '/std:c++17'
  (compiling source file 'main.cpp')
  
C:\SFML-3.0.0\include\SFML\Graphics\Rect.hpp(98,34): error C2178: 'sf::Rect<int>::optional' cannot be declared with 'constexpr' specifier
  (compiling source file 'main.cpp')
  
C:\Program Files\Microsoft Visual Studio\2022\Community\VC\Tools\MSVC\14.44.35207\include\filesystem(12): warning STL4038: The contents of <filesystem> are available only with C++17 or later.
C:\SFML-3.0.0\include\SFML\Graphics\Texture.hpp(114,33): error C2039: 'filesystem': is not a member of 'std'
  (compiling source file 'main.cpp')
      C:\Program Files\Microsoft Visual Studio\2022\Community\VC\Tools\MSVC\14.44.35207\include\vector(29,1):
      see declaration of 'std'
  
C:\SFML-3.0.0\include\SFML\Graphics\Texture.hpp(114,33): error C3083: 'filesystem': the symbol to the left of a '::' must be a type
  (compiling source file 'main.cpp')
  
C:\SFML-3.0.0\include\SFML\Graphics\Texture.hpp(114,45): error C2039: 'path': is not a member of 'std'
  (compiling source file 'main.cpp')
      C:\Program Files\Microsoft Visual Studio\2022\Community\VC\Tools\MSVC\14.44.35207\include\vector(29,1):
      see declaration of 'std'
  
C:\SFML-3.0.0\include\SFML\Graphics\Texture.hpp(114,22): error C4430: missing type specifier - int assumed. Note: C++ does not support default-int
  (compiling source file 'main.cpp')
  
C:\SFML-3.0.0\include\SFML\Graphics\Texture.hpp(114,49): error C2143: syntax error: missing ',' before '&'
  (compiling source file 'main.cpp')
  
C:\SFML-3.0.0\include\SFML\Graphics\Texture.hpp(137,24): error C2039: 'filesystem': is not a member of 'std'
  (compiling source file 'main.cpp')
      C:\Program Files\Microsoft Visual Studio\2022\Community\VC\Tools\MSVC\14.44.35207\include\vector(29,1):
      see declaration of 'std'
  
C:\SFML-3.0.0\include\SFML\Graphics\Texture.hpp(137,24): error C3083: 'filesystem': the symbol to the left of a '::' must be a type
  (compiling source file 'main.cpp')
  
C:\SFML-3.0.0\include\SFML\Graphics\Texture.hpp(137,36): error C2039: 'path': is not a member of 'std'
  (compiling source file 'main.cpp')
      C:\Program Files\Microsoft Visual Studio\2022\Community\VC\Tools\MSVC\14.44.35207\include\vector(29,1):
      see declaration of 'std'
  
C:\SFML-3.0.0\include\SFML\Graphics\Texture.hpp(137,13): error C4430: missing type specifier - int assumed. Note: C++ does not support default-int
  (compiling source file 'main.cpp')
  
C:\SFML-3.0.0\include\SFML\Graphics\Texture.hpp(137,40): error C2143: syntax error: missing ',' before '&'
  (compiling source file 'main.cpp')
  
C:\SFML-3.0.0\include\SFML\Graphics\Texture.hpp(137,5): error C2535: 'sf::Texture::Texture(const int)': member function already defined or declared
  (compiling source file 'main.cpp')
      C:\SFML-3.0.0\include\SFML\Graphics\Texture.hpp(114,5):
      see declaration of 'sf::Texture::Texture'
  
C:\SFML-3.0.0\include\SFML\Graphics\Texture.hpp(304,48): error C2039: 'filesystem': is not a member of 'std'
  (compiling source file 'main.cpp')
      C:\Program Files\Microsoft Visual Studio\2022\Community\VC\Tools\MSVC\14.44.35207\include\vector(29,1):
      see declaration of 'std'
  
C:\SFML-3.0.0\include\SFML\Graphics\Texture.hpp(304,48): error C3083: 'filesystem': the symbol to the left of a '::' must be a type
  (compiling source file 'main.cpp')
  
C:\SFML-3.0.0\include\SFML\Graphics\Texture.hpp(304,60): error C2039: 'path': is not a member of 'std'
  (compiling source file 'main.cpp')
      C:\Program Files\Microsoft Visual Studio\2022\Community\VC\Tools\MSVC\14.44.35207\include\vector(29,1):
      see declaration of 'std'
  
C:\SFML-3.0.0\include\SFML\Graphics\Texture.hpp(304,37): error C4430: missing type specifier - int assumed. Note: C++ does not support default-int
  (compiling source file 'main.cpp')
  
C:\SFML-3.0.0\include\SFML\Graphics\Texture.hpp(304,64): error C2143: syntax error: missing ',' before '&'
  (compiling source file 'main.cpp')
  
C:\SFML-3.0.0\include\SFML\Graphics\Texture.hpp(304,117): error C2143: syntax error: missing ')' before '{'
  (compiling source file 'main.cpp')
  
C:\SFML-3.0.0\include\SFML\Graphics\Texture.hpp(304,119): error C2059: syntax error: ')'
  (compiling source file 'main.cpp')
  
C:\SFML-3.0.0\include\SFML\Graphics\Font.hpp(103,30): error C2039: 'filesystem': is not a member of 'std'
  (compiling source file 'main.cpp')
      C:\Program Files\Microsoft Visual Studio\2022\Community\VC\Tools\MSVC\14.44.35207\include\unordered_map(23,1):
      see declaration of 'std'
  
C:\SFML-3.0.0\include\SFML\Graphics\Font.hpp(103,30): error C3083: 'filesystem': the symbol to the left of a '::' must be a type
  (compiling source file 'main.cpp')
  
C:\SFML-3.0.0\include\SFML\Graphics\Font.hpp(103,42): error C2039: 'path': is not a member of 'std'
  (compiling source file 'main.cpp')
      C:\Program Files\Microsoft Visual Studio\2022\Community\VC\Tools\MSVC\14.44.35207\include\unordered_map(23,1):
      see declaration of 'std'
  
C:\SFML-3.0.0\include\SFML\Graphics\Font.hpp(103,19): error C4430: missing type specifier - int assumed. Note: C++ does not support default-int
  (compiling source file 'main.cpp')
  
C:\SFML-3.0.0\include\SFML\Graphics\Font.hpp(103,46): error C2143: syntax error: missing ',' before '&'
  (compiling source file 'main.cpp')
  
C:\SFML-3.0.0\include\SFML\Graphics\Font.hpp(168,48): error C2039: 'filesystem': is not a member of 'std'
  (compiling source file 'main.cpp')
      C:\Program Files\Microsoft Visual Studio\2022\Community\VC\Tools\MSVC\14.44.35207\include\unordered_map(23,1):
      see declaration of 'std'
  
C:\SFML-3.0.0\include\SFML\Graphics\Font.hpp(168,48): error C3083: 'filesystem': the symbol to the left of a '::' must be a type
  (compiling source file 'main.cpp')
  
C:\SFML-3.0.0\include\SFML\Graphics\Font.hpp(168,60): error C2039: 'path': is not a member of 'std'
  (compiling source file 'main.cpp')
      C:\Program Files\Microsoft Visual Studio\2022\Community\VC\Tools\MSVC\14.44.35207\include\unordered_map(23,1):
      see declaration of 'std'
  
C:\SFML-3.0.0\include\SFML\Graphics\Font.hpp(168,37): error C4430: missing type specifier - int assumed. Note: C++ does not support default-int
  (compiling source file 'main.cpp')
  
C:\SFML-3.0.0\include\SFML\Graphics\Font.hpp(168,64): error C2143: syntax error: missing ',' before '&'
  (compiling source file 'main.cpp')
  
C:\Program Files\Microsoft Visual Studio\2022\Community\VC\Tools\MSVC\14.44.35207\include\string_view(12): warning STL4038: The contents of <string_view> are available only with C++17 or later.
C:\SFML-3.0.0\include\SFML\Graphics\Image.hpp(103,31): error C2039: 'filesystem': is not a member of 'std'
  (compiling source file 'main.cpp')
      C:\Program Files\Microsoft Visual Studio\2022\Community\VC\Tools\MSVC\14.44.35207\include\unordered_map(23,1):
      see declaration of 'std'
  
C:\SFML-3.0.0\include\SFML\Graphics\Image.hpp(103,31): error C3083: 'filesystem': the symbol to the left of a '::' must be a type
  (compiling source file 'main.cpp')
  
C:\SFML-3.0.0\include\SFML\Graphics\Image.hpp(103,43): error C2039: 'path': is not a member of 'std'
  (compiling source file 'main.cpp')
      C:\Program Files\Microsoft Visual Studio\2022\Community\VC\Tools\MSVC\14.44.35207\include\unordered_map(23,1):
      see declaration of 'std'
  
C:\SFML-3.0.0\include\SFML\Graphics\Image.hpp(103,20): error C4430: missing type specifier - int assumed. Note: C++ does not support default-int
  (compiling source file 'main.cpp')
  
C:\SFML-3.0.0\include\SFML\Graphics\Image.hpp(103,47): error C2143: syntax error: missing ',' before '&'
  (compiling source file 'main.cpp')
  
C:\SFML-3.0.0\include\SFML\Graphics\Image.hpp(175,48): error C2039: 'filesystem': is not a member of 'std'
  (compiling source file 'main.cpp')
      C:\Program Files\Microsoft Visual Studio\2022\Community\VC\Tools\MSVC\14.44.35207\include\unordered_map(23,1):
      see declaration of 'std'
  
C:\SFML-3.0.0\include\SFML\Graphics\Image.hpp(175,48): error C3083: 'filesystem': the symbol to the left of a '::' must be a type
  (compiling source file 'main.cpp')
  
C:\SFML-3.0.0\include\SFML\Graphics\Image.hpp(175,60): error C2039: 'path': is not a member of 'std'
  (compiling source file 'main.cpp')
      C:\Program Files\Microsoft Visual Studio\2022\Community\VC\Tools\MSVC\14.44.35207\include\unordered_map(23,1):
      see declaration of 'std'
  
C:\SFML-3.0.0\include\SFML\Graphics\Image.hpp(175,37): error C4430: missing type specifier - int assumed. Note: C++ does not support default-int
  (compiling source file 'main.cpp')
  
C:\SFML-3.0.0\include\SFML\Graphics\Image.hpp(175,64): error C2143: syntax error: missing ',' before '&'
  (compiling source file 'main.cpp')
  
C:\SFML-3.0.0\include\SFML\Graphics\Image.hpp(227,46): error C2039: 'filesystem': is not a member of 'std'
  (compiling source file 'main.cpp')
      C:\Program Files\Microsoft Visual Studio\2022\Community\VC\Tools\MSVC\14.44.35207\include\unordered_map(23,1):
      see declaration of 'std'
  
C:\SFML-3.0.0\include\SFML\Graphics\Image.hpp(227,46): error C3083: 'filesystem': the symbol to the left of a '::' must be a type
  (compiling source file 'main.cpp')
  
C:\SFML-3.0.0\include\SFML\Graphics\Image.hpp(227,58): error C2039: 'path': is not a member of 'std'
  (compiling source file 'main.cpp')
      C:\Program Files\Microsoft Visual Studio\2022\Community\VC\Tools\MSVC\14.44.35207\include\unordered_map(23,1):
      see declaration of 'std'
  
C:\SFML-3.0.0\include\SFML\Graphics\Image.hpp(227,58): error C1003: error count exceeds 100; stopping compilation
  (compiling source file 'main.cpp')
  
  MainMenu.cpp
C:\SFML-3.0.0\include\SFML\Graphics\Color.inl(75,17): error C3615: constexpr function 'sf::operator +' cannot result in a constant expression
  (compiling source file 'MainMenu.cpp')
      C:\SFML-3.0.0\include\SFML\Graphics\Color.inl(77,16):
      failure was because type 'const sf::+::<lambda_16287c72c63b32e0a9fa1270f38e4b81>' is not a literal type
      C:\SFML-3.0.0\include\SFML\Graphics\Color.inl(81,5):
      type 'sf::+::<lambda_16287c72c63b32e0a9fa1270f38e4b81>' is not a literal type because it is not an aggregate type, a closure type, or does not have a constexpr constructor that is not a copy or move constructor
  
C:\SFML-3.0.0\include\SFML\Graphics\Color.inl(91,17): error C3615: constexpr function 'sf::operator -' cannot result in a constant expression
  (compiling source file 'MainMenu.cpp')
      C:\SFML-3.0.0\include\SFML\Graphics\Color.inl(93,16):
      failure was because type 'const sf::-::<lambda_306030dfce25397b9816ce24c68c04f0>' is not a literal type
      C:\SFML-3.0.0\include\SFML\Graphics\Color.inl(97,5):
      type 'sf::-::<lambda_306030dfce25397b9816ce24c68c04f0>' is not a literal type because it is not an aggregate type, a closure type, or does not have a constexpr constructor that is not a copy or move constructor
  
C:\SFML-3.0.0\include\SFML\Graphics\Color.inl(107,17): error C3615: constexpr function 'sf::operator *' cannot result in a constant expression
  (compiling source file 'MainMenu.cpp')
      C:\SFML-3.0.0\include\SFML\Graphics\Color.inl(109,16):
      failure was because type 'const sf::*::<lambda_1570e60a8275d4bb357b66a7fbaafc0b>' is not a literal type
      C:\SFML-3.0.0\include\SFML\Graphics\Color.inl(113,5):
      type 'sf::*::<lambda_1570e60a8275d4bb357b66a7fbaafc0b>' is not a literal type because it is not an aggregate type, a closure type, or does not have a constexpr constructor that is not a copy or move constructor
  
C:\SFML-3.0.0\include\SFML\Graphics\Color.inl(146,31): error C7525: inline variables require at least '/std:c++17'
  (compiling source file 'MainMenu.cpp')
  
C:\SFML-3.0.0\include\SFML\Graphics\Color.inl(147,31): error C7525: inline variables require at least '/std:c++17'
  (compiling source file 'MainMenu.cpp')
  
C:\SFML-3.0.0\include\SFML\Graphics\Color.inl(148,31): error C7525: inline variables require at least '/std:c++17'
  (compiling source file 'MainMenu.cpp')
  
C:\SFML-3.0.0\include\SFML\Graphics\Color.inl(149,31): error C7525: inline variables require at least '/std:c++17'
  (compiling source file 'MainMenu.cpp')
  
C:\SFML-3.0.0\include\SFML\Graphics\Color.inl(150,31): error C7525: inline variables require at least '/std:c++17'
  (compiling source file 'MainMenu.cpp')
  
C:\SFML-3.0.0\include\SFML\Graphics\Color.inl(151,31): error C7525: inline variables require at least '/std:c++17'
  (compiling source file 'MainMenu.cpp')
  
C:\SFML-3.0.0\include\SFML\Graphics\Color.inl(152,31): error C7525: inline variables require at least '/std:c++17'
  (compiling source file 'MainMenu.cpp')
  
C:\SFML-3.0.0\include\SFML\Graphics\Color.inl(153,31): error C7525: inline variables require at least '/std:c++17'
  (compiling source file 'MainMenu.cpp')
  
C:\SFML-3.0.0\include\SFML\Graphics\Color.inl(154,31): error C7525: inline variables require at least '/std:c++17'
  (compiling source file 'MainMenu.cpp')
  
C:\SFML-3.0.0\include\SFML\System\Angle.inl(272,31): error C7525: inline variables require at least '/std:c++17'
  (compiling source file 'MainMenu.cpp')
  
C:\Program Files\Microsoft Visual Studio\2022\Community\VC\Tools\MSVC\14.44.35207\include\optional(11): warning STL4038: The contents of <optional> are available only with C++17 or later.
C:\SFML-3.0.0\include\SFML\Graphics\Rect.hpp(98,42): error C2143: syntax error: missing ';' before '<'
  (compiling source file 'MainMenu.cpp')
      C:\SFML-3.0.0\include\SFML\Graphics\Rect.hpp(98,42):
      the template instantiation context (the oldest one first) is
          C:\SFML-3.0.0\include\SFML\Graphics\Rect.hpp(42,7):
          while compiling class template 'sf::Rect'
  
C:\SFML-3.0.0\include\SFML\Graphics\Rect.hpp(98,34): error C4430: missing type specifier - int assumed. Note: C++ does not support default-int
  (compiling source file 'MainMenu.cpp')
  
C:\SFML-3.0.0\include\SFML\Graphics\Rect.hpp(98,34): error C2178: 'sf::Rect<T>::optional' cannot be declared with 'constexpr' specifier
  (compiling source file 'MainMenu.cpp')
  
C:\SFML-3.0.0\include\SFML\Graphics\Rect.hpp(98,5): warning C4869: 'nodiscard' may only be applied to classes, enumerations, and functions
  (compiling source file 'MainMenu.cpp')
  
C:\SFML-3.0.0\include\SFML\Graphics\Rect.hpp(98,100): error C2238: unexpected token(s) preceding ';'
  (compiling source file 'MainMenu.cpp')
  
C:\SFML-3.0.0\include\SFML\Graphics\Rect.inl(71,16): error C2039: 'optional': is not a member of 'std'
  (compiling source file 'MainMenu.cpp')
      C:\Program Files\Microsoft Visual Studio\2022\Community\VC\Tools\MSVC\14.44.35207\include\yvals.h(361,1):
      see declaration of 'std'
  
C:\SFML-3.0.0\include\SFML\Graphics\Rect.inl(71,24): error C2988: unrecognizable template declaration/definition
  (compiling source file 'MainMenu.cpp')
  
C:\SFML-3.0.0\include\SFML\Graphics\Rect.inl(71,24): error C2143: syntax error: missing ';' before '<'
  (compiling source file 'MainMenu.cpp')
  
C:\SFML-3.0.0\include\SFML\Graphics\Rect.inl(71,16): error C4430: missing type specifier - int assumed. Note: C++ does not support default-int
  (compiling source file 'MainMenu.cpp')
  
C:\SFML-3.0.0\include\SFML\Graphics\Rect.inl(71,24): error C2059: syntax error: '<'
  (compiling source file 'MainMenu.cpp')
  
C:\SFML-3.0.0\include\SFML\Graphics\Rect.inl(71,30): error C2065: 'T': undeclared identifier
  (compiling source file 'MainMenu.cpp')
  
C:\SFML-3.0.0\include\SFML\Graphics\Rect.inl(71,25): error C2923: 'sf::Rect': 'T' is not a valid template type argument for parameter 'T'
  (compiling source file 'MainMenu.cpp')
      C:\SFML-3.0.0\include\SFML\Graphics\Rect.inl(71,30):
      see declaration of 'T'
  
C:\SFML-3.0.0\include\SFML\Graphics\Rect.inl(71,39): error C2065: 'T': undeclared identifier
  (compiling source file 'MainMenu.cpp')
  
C:\SFML-3.0.0\include\SFML\Graphics\Rect.inl(71,34): error C2923: 'sf::Rect': 'T' is not a valid template type argument for parameter 'T'
  (compiling source file 'MainMenu.cpp')
      C:\SFML-3.0.0\include\SFML\Graphics\Rect.inl(71,39):
      see declaration of 'T'
  
C:\SFML-3.0.0\include\SFML\Graphics\Rect.inl(71,71): error C2065: 'T': undeclared identifier
  (compiling source file 'MainMenu.cpp')
  
C:\SFML-3.0.0\include\SFML\Graphics\Rect.inl(71,66): error C2923: 'sf::Rect': 'T' is not a valid template type argument for parameter 'T'
  (compiling source file 'MainMenu.cpp')
      C:\SFML-3.0.0\include\SFML\Graphics\Rect.inl(71,71):
      see declaration of 'T'
  
C:\SFML-3.0.0\include\SFML\Graphics\Rect.inl(72,1): error C2143: syntax error: missing ';' before '{'
  (compiling source file 'MainMenu.cpp')
  
C:\SFML-3.0.0\include\SFML\Graphics\Rect.inl(72,1): error C2447: '{': missing function header (old-style formal list?)
  (compiling source file 'MainMenu.cpp')
  
C:\SFML-3.0.0\include\SFML\Graphics\Transform.inl(52,35): error C3615: constexpr function 'sf::Transform::getMatrix' cannot result in a constant expression
  (compiling source file 'MainMenu.cpp')
      C:\SFML-3.0.0\include\SFML\Graphics\Transform.inl(54,25):
      failure was caused by call of undefined function or one not declared 'constexpr'
      C:\SFML-3.0.0\include\SFML\Graphics\Transform.inl(54,25):
      see usage of 'std::array<float,16>::data'
  
C:\SFML-3.0.0\include\SFML\Graphics\Rect.hpp(98,34): error C2039: 'optional': is not a member of 'std'
  (compiling source file 'MainMenu.cpp')
      C:\Program Files\Microsoft Visual Studio\2022\Community\VC\Tools\MSVC\14.44.35207\include\array(19,1):
      see declaration of 'std'
      C:\SFML-3.0.0\include\SFML\Graphics\Rect.hpp(98,34):
      the template instantiation context (the oldest one first) is
          C:\SFML-3.0.0\include\SFML\Graphics\Transform.inl(98,32):
          see reference to class template instantiation 'sf::Rect<float>' being compiled
  
C:\SFML-3.0.0\include\SFML\Graphics\Rect.hpp(98,34): error C2178: 'sf::Rect<float>::optional' cannot be declared with 'constexpr' specifier
  (compiling source file 'MainMenu.cpp')
  
C:\SFML-3.0.0\include\SFML\Graphics\Transform.inl(101,31): error C2514: 'std::array': class template cannot be constructed
  (compiling source file 'MainMenu.cpp')
      C:\Program Files\Microsoft Visual Studio\2022\Community\VC\Tools\MSVC\14.44.35207\include\array(402,7):
      see declaration of 'std::array'
  
C:\SFML-3.0.0\include\SFML\Graphics\Transform.inl(107,21): error C2678: binary '[': no operator found which takes a left-hand operand of type 'const std::array' (or there is no acceptable conversion)
  (compiling source file 'MainMenu.cpp')
      C:\Program Files\Microsoft Visual Studio\2022\Community\VC\Tools\MSVC\14.44.35207\include\array(537,42):
      could be 'const _Ty &std::array<_Ty,_Size>::operator [](std::array<_Ty,_Size>::size_type) noexcept const'
          C:\SFML-3.0.0\include\SFML\Graphics\Transform.inl(107,21):
          'const _Ty &std::array<_Ty,_Size>::operator [](std::array<_Ty,_Size>::size_type) noexcept const': cannot convert 'this' pointer from 'const std::array' to 'const std::array<_Ty,_Size> &'
              C:\SFML-3.0.0\include\SFML\Graphics\Transform.inl(107,21):
              Reason: cannot convert from 'const std::array' to 'const std::array<_Ty,_Size>'
              C:\SFML-3.0.0\include\SFML\Graphics\Transform.inl(107,21):
              Conversion requires a second user-defined-conversion operator or constructor
      C:\Program Files\Microsoft Visual Studio\2022\Community\VC\Tools\MSVC\14.44.35207\include\array(529,39):
      or       '_Ty &std::array<_Ty,_Size>::operator [](std::array<_Ty,_Size>::size_type) noexcept'
          C:\SFML-3.0.0\include\SFML\Graphics\Transform.inl(107,21):
          '_Ty &std::array<_Ty,_Size>::operator [](std::array<_Ty,_Size>::size_type) noexcept': cannot convert 'this' pointer from 'const std::array' to 'std::array<_Ty,_Size> &'
              C:\SFML-3.0.0\include\SFML\Graphics\Transform.inl(107,21):
              Reason: cannot convert from 'const std::array' to 'std::array<_Ty,_Size>'
              C:\SFML-3.0.0\include\SFML\Graphics\Transform.inl(107,21):
              Conversion requires a second user-defined-conversion operator or constructor
      C:\SFML-3.0.0\include\SFML\Graphics\Transform.inl(107,21):
      while trying to match the argument list '(const std::array, int)'
  
C:\SFML-3.0.0\include\SFML\Graphics\Transform.inl(108,21): error C2678: binary '[': no operator found which takes a left-hand operand of type 'const std::array' (or there is no acceptable conversion)
  (compiling source file 'MainMenu.cpp')
      C:\Program Files\Microsoft Visual Studio\2022\Community\VC\Tools\MSVC\14.44.35207\include\array(537,42):
      could be 'const _Ty &std::array<_Ty,_Size>::operator [](std::array<_Ty,_Size>::size_type) noexcept const'
          C:\SFML-3.0.0\include\SFML\Graphics\Transform.inl(108,21):
          'const _Ty &std::array<_Ty,_Size>::operator [](std::array<_Ty,_Size>::size_type) noexcept const': cannot convert 'this' pointer from 'const std::array' to 'const std::array<_Ty,_Size> &'
              C:\SFML-3.0.0\include\SFML\Graphics\Transform.inl(108,21):
              Reason: cannot convert from 'const std::array' to 'const std::array<_Ty,_Size>'
              C:\SFML-3.0.0\include\SFML\Graphics\Transform.inl(108,21):
              Conversion requires a second user-defined-conversion operator or constructor
      C:\Program Files\Microsoft Visual Studio\2022\Community\VC\Tools\MSVC\14.44.35207\include\array(529,39):
      or       '_Ty &std::array<_Ty,_Size>::operator [](std::array<_Ty,_Size>::size_type) noexcept'
          C:\SFML-3.0.0\include\SFML\Graphics\Transform.inl(108,21):
          '_Ty &std::array<_Ty,_Size>::operator [](std::array<_Ty,_Size>::size_type) noexcept': cannot convert 'this' pointer from 'const std::array' to 'std::array<_Ty,_Size> &'
              C:\SFML-3.0.0\include\SFML\Graphics\Transform.inl(108,21):
              Reason: cannot convert from 'const std::array' to 'std::array<_Ty,_Size>'
              C:\SFML-3.0.0\include\SFML\Graphics\Transform.inl(108,21):
              Conversion requires a second user-defined-conversion operator or constructor
      C:\SFML-3.0.0\include\SFML\Graphics\Transform.inl(108,21):
      while trying to match the argument list '(const std::array, int)'
  
C:\SFML-3.0.0\include\SFML\Graphics\Transform.inl(110,40): error C2662: 'std::array<_Ty,_Size>::size_type std::array<_Ty,_Size>::size(void) noexcept const': cannot convert 'this' pointer from 'const std::array' to 'const std::array<_Ty,_Size> &'
  (compiling source file 'MainMenu.cpp')
      C:\SFML-3.0.0\include\SFML\Graphics\Transform.inl(110,33):
      Reason: cannot convert from 'const std::array' to 'const std::array<_Ty,_Size>'
      C:\SFML-3.0.0\include\SFML\Graphics\Transform.inl(110,33):
      Conversion requires a second user-defined-conversion operator or constructor
      C:\Program Files\Microsoft Visual Studio\2022\Community\VC\Tools\MSVC\14.44.35207\include\array(501,59):
      see declaration of 'std::array<_Ty,_Size>::size'
      C:\SFML-3.0.0\include\SFML\Graphics\Transform.inl(110,40):
      while trying to match the argument list '()'
  
C:\SFML-3.0.0\include\SFML\Graphics\Transform.inl(113,18): error C2678: binary '[': no operator found which takes a left-hand operand of type 'const std::array' (or there is no acceptable conversion)
  (compiling source file 'MainMenu.cpp')
      C:\Program Files\Microsoft Visual Studio\2022\Community\VC\Tools\MSVC\14.44.35207\include\array(537,42):
      could be 'const _Ty &std::array<_Ty,_Size>::operator [](std::array<_Ty,_Size>::size_type) noexcept const'
          C:\SFML-3.0.0\include\SFML\Graphics\Transform.inl(113,18):
          'const _Ty &std::array<_Ty,_Size>::operator [](std::array<_Ty,_Size>::size_type) noexcept const': cannot convert 'this' pointer from 'const std::array' to 'const std::array<_Ty,_Size> &'
              C:\SFML-3.0.0\include\SFML\Graphics\Transform.inl(113,18):
              Reason: cannot convert from 'const std::array' to 'const std::array<_Ty,_Size>'
              C:\SFML-3.0.0\include\SFML\Graphics\Transform.inl(113,18):
              Conversion requires a second user-defined-conversion operator or constructor
      C:\Program Files\Microsoft Visual Studio\2022\Community\VC\Tools\MSVC\14.44.35207\include\array(529,39):
      or       '_Ty &std::array<_Ty,_Size>::operator [](std::array<_Ty,_Size>::size_type) noexcept'
          C:\SFML-3.0.0\include\SFML\Graphics\Transform.inl(113,18):
          '_Ty &std::array<_Ty,_Size>::operator [](std::array<_Ty,_Size>::size_type) noexcept': cannot convert 'this' pointer from 'const std::array' to 'std::array<_Ty,_Size> &'
              C:\SFML-3.0.0\include\SFML\Graphics\Transform.inl(113,18):
              Reason: cannot convert from 'const std::array' to 'std::array<_Ty,_Size>'
              C:\SFML-3.0.0\include\SFML\Graphics\Transform.inl(113,18):
              Conversion requires a second user-defined-conversion operator or constructor
      C:\SFML-3.0.0\include\SFML\Graphics\Transform.inl(113,18):
      while trying to match the argument list '(const std::array, size_t)'
  
C:\SFML-3.0.0\include\SFML\Graphics\Transform.inl(113,49): error C2678: binary '[': no operator found which takes a left-hand operand of type 'const std::array' (or there is no acceptable conversion)
  (compiling source file 'MainMenu.cpp')
      C:\Program Files\Microsoft Visual Studio\2022\Community\VC\Tools\MSVC\14.44.35207\include\array(537,42):
      could be 'const _Ty &std::array<_Ty,_Size>::operator [](std::array<_Ty,_Size>::size_type) noexcept const'
          C:\SFML-3.0.0\include\SFML\Graphics\Transform.inl(113,49):
          'const _Ty &std::array<_Ty,_Size>::operator [](std::array<_Ty,_Size>::size_type) noexcept const': cannot convert 'this' pointer from 'const std::array' to 'const std::array<_Ty,_Size> &'
              C:\SFML-3.0.0\include\SFML\Graphics\Transform.inl(113,49):
              Reason: cannot convert from 'const std::array' to 'const std::array<_Ty,_Size>'
              C:\SFML-3.0.0\include\SFML\Graphics\Transform.inl(113,49):
              Conversion requires a second user-defined-conversion operator or constructor
      C:\Program Files\Microsoft Visual Studio\2022\Community\VC\Tools\MSVC\14.44.35207\include\array(529,39):
      or       '_Ty &std::array<_Ty,_Size>::operator [](std::array<_Ty,_Size>::size_type) noexcept'
          C:\SFML-3.0.0\include\SFML\Graphics\Transform.inl(113,49):
          '_Ty &std::array<_Ty,_Size>::operator [](std::array<_Ty,_Size>::size_type) noexcept': cannot convert 'this' pointer from 'const std::array' to 'std::array<_Ty,_Size> &'
              C:\SFML-3.0.0\include\SFML\Graphics\Transform.inl(113,49):
              Reason: cannot convert from 'const std::array' to 'std::array<_Ty,_Size>'
              C:\SFML-3.0.0\include\SFML\Graphics\Transform.inl(113,49):
              Conversion requires a second user-defined-conversion operator or constructor
      C:\SFML-3.0.0\include\SFML\Graphics\Transform.inl(113,49):
      while trying to match the argument list '(const std::array, size_t)'
  
C:\SFML-3.0.0\include\SFML\Graphics\Transform.inl(114,18): error C2678: binary '[': no operator found which takes a left-hand operand of type 'const std::array' (or there is no acceptable conversion)
  (compiling source file 'MainMenu.cpp')
      C:\Program Files\Microsoft Visual Studio\2022\Community\VC\Tools\MSVC\14.44.35207\include\array(537,42):
      could be 'const _Ty &std::array<_Ty,_Size>::operator [](std::array<_Ty,_Size>::size_type) noexcept const'
          C:\SFML-3.0.0\include\SFML\Graphics\Transform.inl(114,18):
          'const _Ty &std::array<_Ty,_Size>::operator [](std::array<_Ty,_Size>::size_type) noexcept const': cannot convert 'this' pointer from 'const std::array' to 'const std::array<_Ty,_Size> &'
              C:\SFML-3.0.0\include\SFML\Graphics\Transform.inl(114,18):
              Reason: cannot convert from 'const std::array' to 'const std::array<_Ty,_Size>'
              C:\SFML-3.0.0\include\SFML\Graphics\Transform.inl(114,18):
              Conversion requires a second user-defined-conversion operator or constructor
      C:\Program Files\Microsoft Visual Studio\2022\Community\VC\Tools\MSVC\14.44.35207\include\array(529,39):
      or       '_Ty &std::array<_Ty,_Size>::operator [](std::array<_Ty,_Size>::size_type) noexcept'
          C:\SFML-3.0.0\include\SFML\Graphics\Transform.inl(114,18):
          '_Ty &std::array<_Ty,_Size>::operator [](std::array<_Ty,_Size>::size_type) noexcept': cannot convert 'this' pointer from 'const std::array' to 'std::array<_Ty,_Size> &'
              C:\SFML-3.0.0\include\SFML\Graphics\Transform.inl(114,18):
              Reason: cannot convert from 'const std::array' to 'std::array<_Ty,_Size>'
              C:\SFML-3.0.0\include\SFML\Graphics\Transform.inl(114,18):
              Conversion requires a second user-defined-conversion operator or constructor
      C:\SFML-3.0.0\include\SFML\Graphics\Transform.inl(114,18):
      while trying to match the argument list '(const std::array, size_t)'
  
C:\SFML-3.0.0\include\SFML\Graphics\Transform.inl(114,49): error C2678: binary '[': no operator found which takes a left-hand operand of type 'const std::array' (or there is no acceptable conversion)
  (compiling source file 'MainMenu.cpp')
      C:\Program Files\Microsoft Visual Studio\2022\Community\VC\Tools\MSVC\14.44.35207\include\array(537,42):
      could be 'const _Ty &std::array<_Ty,_Size>::operator [](std::array<_Ty,_Size>::size_type) noexcept const'
          C:\SFML-3.0.0\include\SFML\Graphics\Transform.inl(114,49):
          'const _Ty &std::array<_Ty,_Size>::operator [](std::array<_Ty,_Size>::size_type) noexcept const': cannot convert 'this' pointer from 'const std::array' to 'const std::array<_Ty,_Size> &'
              C:\SFML-3.0.0\include\SFML\Graphics\Transform.inl(114,49):
              Reason: cannot convert from 'const std::array' to 'const std::array<_Ty,_Size>'
              C:\SFML-3.0.0\include\SFML\Graphics\Transform.inl(114,49):
              Conversion requires a second user-defined-conversion operator or constructor
      C:\Program Files\Microsoft Visual Studio\2022\Community\VC\Tools\MSVC\14.44.35207\include\array(529,39):
      or       '_Ty &std::array<_Ty,_Size>::operator [](std::array<_Ty,_Size>::size_type) noexcept'
          C:\SFML-3.0.0\include\SFML\Graphics\Transform.inl(114,49):
          '_Ty &std::array<_Ty,_Size>::operator [](std::array<_Ty,_Size>::size_type) noexcept': cannot convert 'this' pointer from 'const std::array' to 'std::array<_Ty,_Size> &'
              C:\SFML-3.0.0\include\SFML\Graphics\Transform.inl(114,49):
              Reason: cannot convert from 'const std::array' to 'std::array<_Ty,_Size>'
              C:\SFML-3.0.0\include\SFML\Graphics\Transform.inl(114,49):
              Conversion requires a second user-defined-conversion operator or constructor
      C:\SFML-3.0.0\include\SFML\Graphics\Transform.inl(114,49):
      while trying to match the argument list '(const std::array, size_t)'
  
C:\SFML-3.0.0\include\SFML\Graphics\Transform.inl(116,18): error C2678: binary '[': no operator found which takes a left-hand operand of type 'const std::array' (or there is no acceptable conversion)
  (compiling source file 'MainMenu.cpp')
      C:\Program Files\Microsoft Visual Studio\2022\Community\VC\Tools\MSVC\14.44.35207\include\array(537,42):
      could be 'const _Ty &std::array<_Ty,_Size>::operator [](std::array<_Ty,_Size>::size_type) noexcept const'
          C:\SFML-3.0.0\include\SFML\Graphics\Transform.inl(116,18):
          'const _Ty &std::array<_Ty,_Size>::operator [](std::array<_Ty,_Size>::size_type) noexcept const': cannot convert 'this' pointer from 'const std::array' to 'const std::array<_Ty,_Size> &'
              C:\SFML-3.0.0\include\SFML\Graphics\Transform.inl(116,18):
              Reason: cannot convert from 'const std::array' to 'const std::array<_Ty,_Size>'
              C:\SFML-3.0.0\include\SFML\Graphics\Transform.inl(116,18):
              Conversion requires a second user-defined-conversion operator or constructor
      C:\Program Files\Microsoft Visual Studio\2022\Community\VC\Tools\MSVC\14.44.35207\include\array(529,39):
      or       '_Ty &std::array<_Ty,_Size>::operator [](std::array<_Ty,_Size>::size_type) noexcept'
          C:\SFML-3.0.0\include\SFML\Graphics\Transform.inl(116,18):
          '_Ty &std::array<_Ty,_Size>::operator [](std::array<_Ty,_Size>::size_type) noexcept': cannot convert 'this' pointer from 'const std::array' to 'std::array<_Ty,_Size> &'
              C:\SFML-3.0.0\include\SFML\Graphics\Transform.inl(116,18):
              Reason: cannot convert from 'const std::array' to 'std::array<_Ty,_Size>'
              C:\SFML-3.0.0\include\SFML\Graphics\Transform.inl(116,18):
              Conversion requires a second user-defined-conversion operator or constructor
      C:\SFML-3.0.0\include\SFML\Graphics\Transform.inl(116,18):
      while trying to match the argument list '(const std::array, size_t)'
  
C:\SFML-3.0.0\include\SFML\Graphics\Transform.inl(116,49): error C2678: binary '[': no operator found which takes a left-hand operand of type 'const std::array' (or there is no acceptable conversion)
  (compiling source file 'MainMenu.cpp')
      C:\Program Files\Microsoft Visual Studio\2022\Community\VC\Tools\MSVC\14.44.35207\include\array(537,42):
      could be 'const _Ty &std::array<_Ty,_Size>::operator [](std::array<_Ty,_Size>::size_type) noexcept const'
          C:\SFML-3.0.0\include\SFML\Graphics\Transform.inl(116,49):
          'const _Ty &std::array<_Ty,_Size>::operator [](std::array<_Ty,_Size>::size_type) noexcept const': cannot convert 'this' pointer from 'const std::array' to 'const std::array<_Ty,_Size> &'
              C:\SFML-3.0.0\include\SFML\Graphics\Transform.inl(116,49):
              Reason: cannot convert from 'const std::array' to 'const std::array<_Ty,_Size>'
              C:\SFML-3.0.0\include\SFML\Graphics\Transform.inl(116,49):
              Conversion requires a second user-defined-conversion operator or constructor
      C:\Program Files\Microsoft Visual Studio\2022\Community\VC\Tools\MSVC\14.44.35207\include\array(529,39):
      or       '_Ty &std::array<_Ty,_Size>::operator [](std::array<_Ty,_Size>::size_type) noexcept'
          C:\SFML-3.0.0\include\SFML\Graphics\Transform.inl(116,49):
          '_Ty &std::array<_Ty,_Size>::operator [](std::array<_Ty,_Size>::size_type) noexcept': cannot convert 'this' pointer from 'const std::array' to 'std::array<_Ty,_Size> &'
              C:\SFML-3.0.0\include\SFML\Graphics\Transform.inl(116,49):
              Reason: cannot convert from 'const std::array' to 'std::array<_Ty,_Size>'
              C:\SFML-3.0.0\include\SFML\Graphics\Transform.inl(116,49):
              Conversion requires a second user-defined-conversion operator or constructor
      C:\SFML-3.0.0\include\SFML\Graphics\Transform.inl(116,49):
      while trying to match the argument list '(const std::array, size_t)'
  
C:\SFML-3.0.0\include\SFML\Graphics\Transform.inl(117,18): error C2678: binary '[': no operator found which takes a left-hand operand of type 'const std::array' (or there is no acceptable conversion)
  (compiling source file 'MainMenu.cpp')
      C:\Program Files\Microsoft Visual Studio\2022\Community\VC\Tools\MSVC\14.44.35207\include\array(537,42):
      could be 'const _Ty &std::array<_Ty,_Size>::operator [](std::array<_Ty,_Size>::size_type) noexcept const'
          C:\SFML-3.0.0\include\SFML\Graphics\Transform.inl(117,18):
          'const _Ty &std::array<_Ty,_Size>::operator [](std::array<_Ty,_Size>::size_type) noexcept const': cannot convert 'this' pointer from 'const std::array' to 'const std::array<_Ty,_Size> &'
              C:\SFML-3.0.0\include\SFML\Graphics\Transform.inl(117,18):
              Reason: cannot convert from 'const std::array' to 'const std::array<_Ty,_Size>'
              C:\SFML-3.0.0\include\SFML\Graphics\Transform.inl(117,18):
              Conversion requires a second user-defined-conversion operator or constructor
      C:\Program Files\Microsoft Visual Studio\2022\Community\VC\Tools\MSVC\14.44.35207\include\array(529,39):
      or       '_Ty &std::array<_Ty,_Size>::operator [](std::array<_Ty,_Size>::size_type) noexcept'
          C:\SFML-3.0.0\include\SFML\Graphics\Transform.inl(117,18):
          '_Ty &std::array<_Ty,_Size>::operator [](std::array<_Ty,_Size>::size_type) noexcept': cannot convert 'this' pointer from 'const std::array' to 'std::array<_Ty,_Size> &'
              C:\SFML-3.0.0\include\SFML\Graphics\Transform.inl(117,18):
              Reason: cannot convert from 'const std::array' to 'std::array<_Ty,_Size>'
              C:\SFML-3.0.0\include\SFML\Graphics\Transform.inl(117,18):
              Conversion requires a second user-defined-conversion operator or constructor
      C:\SFML-3.0.0\include\SFML\Graphics\Transform.inl(117,18):
      while trying to match the argument list '(const std::array, size_t)'
  
C:\SFML-3.0.0\include\SFML\Graphics\Transform.inl(117,49): error C2678: binary '[': no operator found which takes a left-hand operand of type 'const std::array' (or there is no acceptable conversion)
  (compiling source file 'MainMenu.cpp')
      C:\Program Files\Microsoft Visual Studio\2022\Community\VC\Tools\MSVC\14.44.35207\include\array(537,42):
      could be 'const _Ty &std::array<_Ty,_Size>::operator [](std::array<_Ty,_Size>::size_type) noexcept const'
          C:\SFML-3.0.0\include\SFML\Graphics\Transform.inl(117,49):
          'const _Ty &std::array<_Ty,_Size>::operator [](std::array<_Ty,_Size>::size_type) noexcept const': cannot convert 'this' pointer from 'const std::array' to 'const std::array<_Ty,_Size> &'
              C:\SFML-3.0.0\include\SFML\Graphics\Transform.inl(117,49):
              Reason: cannot convert from 'const std::array' to 'const std::array<_Ty,_Size>'
              C:\SFML-3.0.0\include\SFML\Graphics\Transform.inl(117,49):
              Conversion requires a second user-defined-conversion operator or constructor
      C:\Program Files\Microsoft Visual Studio\2022\Community\VC\Tools\MSVC\14.44.35207\include\array(529,39):
      or       '_Ty &std::array<_Ty,_Size>::operator [](std::array<_Ty,_Size>::size_type) noexcept'
          C:\SFML-3.0.0\include\SFML\Graphics\Transform.inl(117,49):
          '_Ty &std::array<_Ty,_Size>::operator [](std::array<_Ty,_Size>::size_type) noexcept': cannot convert 'this' pointer from 'const std::array' to 'std::array<_Ty,_Size> &'
              C:\SFML-3.0.0\include\SFML\Graphics\Transform.inl(117,49):
              Reason: cannot convert from 'const std::array' to 'std::array<_Ty,_Size>'
              C:\SFML-3.0.0\include\SFML\Graphics\Transform.inl(117,49):
              Conversion requires a second user-defined-conversion operator or constructor
      C:\SFML-3.0.0\include\SFML\Graphics\Transform.inl(117,49):
      while trying to match the argument list '(const std::array, size_t)'
  
C:\SFML-3.0.0\include\SFML\Graphics\Transform.inl(98,32): error C3615: constexpr function 'sf::Transform::transformRect' cannot result in a constant expression
  (compiling source file 'MainMenu.cpp')
      C:\SFML-3.0.0\include\SFML\Graphics\Transform.inl(101,22):
      failure was because type 'const std::array' is not a literal type
      C:\Program Files\Microsoft Visual Studio\2022\Community\VC\Tools\MSVC\14.44.35207\include\array(402,7):
      type 'std::array' is not a literal type because it is not an aggregate type, a closure type, or does not have a constexpr constructor that is not a copy or move constructor
      C:\SFML-3.0.0\include\SFML\Graphics\Transform.inl(110,39):
      failure was caused by call of undefined function or one not declared 'constexpr'
      C:\SFML-3.0.0\include\SFML\Graphics\Transform.inl(110,39):
      see usage of '<declval>'
      C:\SFML-3.0.0\include\SFML\Graphics\Transform.inl(98,32):
      failure was caused by control reaching the end of a constexpr function
  
C:\SFML-3.0.0\include\SFML\Graphics\Transform.inl(234,39): error C7525: inline variables require at least '/std:c++17'
  (compiling source file 'MainMenu.cpp')
  
C:\SFML-3.0.0\include\SFML\Graphics\Rect.hpp(98,34): error C2178: 'sf::Rect<int>::optional' cannot be declared with 'constexpr' specifier
  (compiling source file 'MainMenu.cpp')
  
C:\Program Files\Microsoft Visual Studio\2022\Community\VC\Tools\MSVC\14.44.35207\include\filesystem(12): warning STL4038: The contents of <filesystem> are available only with C++17 or later.
C:\SFML-3.0.0\include\SFML\Graphics\Texture.hpp(114,33): error C2039: 'filesystem': is not a member of 'std'
  (compiling source file 'MainMenu.cpp')
      C:\Program Files\Microsoft Visual Studio\2022\Community\VC\Tools\MSVC\14.44.35207\include\memory(31,1):
      see declaration of 'std'
  
C:\SFML-3.0.0\include\SFML\Graphics\Texture.hpp(114,33): error C3083: 'filesystem': the symbol to the left of a '::' must be a type
  (compiling source file 'MainMenu.cpp')
  
C:\SFML-3.0.0\include\SFML\Graphics\Texture.hpp(114,45): error C2039: 'path': is not a member of 'std'
  (compiling source file 'MainMenu.cpp')
      C:\Program Files\Microsoft Visual Studio\2022\Community\VC\Tools\MSVC\14.44.35207\include\memory(31,1):
      see declaration of 'std'
  
C:\SFML-3.0.0\include\SFML\Graphics\Texture.hpp(114,22): error C4430: missing type specifier - int assumed. Note: C++ does not support default-int
  (compiling source file 'MainMenu.cpp')
  
C:\SFML-3.0.0\include\SFML\Graphics\Texture.hpp(114,49): error C2143: syntax error: missing ',' before '&'
  (compiling source file 'MainMenu.cpp')
  
C:\SFML-3.0.0\include\SFML\Graphics\Texture.hpp(137,24): error C2039: 'filesystem': is not a member of 'std'
  (compiling source file 'MainMenu.cpp')
      C:\Program Files\Microsoft Visual Studio\2022\Community\VC\Tools\MSVC\14.44.35207\include\memory(31,1):
      see declaration of 'std'
  
C:\SFML-3.0.0\include\SFML\Graphics\Texture.hpp(137,24): error C3083: 'filesystem': the symbol to the left of a '::' must be a type
  (compiling source file 'MainMenu.cpp')
  
C:\SFML-3.0.0\include\SFML\Graphics\Texture.hpp(137,36): error C2039: 'path': is not a member of 'std'
  (compiling source file 'MainMenu.cpp')
      C:\Program Files\Microsoft Visual Studio\2022\Community\VC\Tools\MSVC\14.44.35207\include\memory(31,1):
      see declaration of 'std'
  
C:\SFML-3.0.0\include\SFML\Graphics\Texture.hpp(137,13): error C4430: missing type specifier - int assumed. Note: C++ does not support default-int
  (compiling source file 'MainMenu.cpp')
  
C:\SFML-3.0.0\include\SFML\Graphics\Texture.hpp(137,40): error C2143: syntax error: missing ',' before '&'
  (compiling source file 'MainMenu.cpp')
  
C:\SFML-3.0.0\include\SFML\Graphics\Texture.hpp(137,5): error C2535: 'sf::Texture::Texture(const int)': member function already defined or declared
  (compiling source file 'MainMenu.cpp')
      C:\SFML-3.0.0\include\SFML\Graphics\Texture.hpp(114,5):
      see declaration of 'sf::Texture::Texture'
  
C:\SFML-3.0.0\include\SFML\Graphics\Texture.hpp(304,48): error C2039: 'filesystem': is not a member of 'std'
  (compiling source file 'MainMenu.cpp')
      C:\Program Files\Microsoft Visual Studio\2022\Community\VC\Tools\MSVC\14.44.35207\include\memory(31,1):
      see declaration of 'std'
  
C:\SFML-3.0.0\include\SFML\Graphics\Texture.hpp(304,48): error C3083: 'filesystem': the symbol to the left of a '::' must be a type
  (compiling source file 'MainMenu.cpp')
  
C:\SFML-3.0.0\include\SFML\Graphics\Texture.hpp(304,60): error C2039: 'path': is not a member of 'std'
  (compiling source file 'MainMenu.cpp')
      C:\Program Files\Microsoft Visual Studio\2022\Community\VC\Tools\MSVC\14.44.35207\include\memory(31,1):
      see declaration of 'std'
  
C:\SFML-3.0.0\include\SFML\Graphics\Texture.hpp(304,37): error C4430: missing type specifier - int assumed. Note: C++ does not support default-int
  (compiling source file 'MainMenu.cpp')
  
C:\SFML-3.0.0\include\SFML\Graphics\Texture.hpp(304,64): error C2143: syntax error: missing ',' before '&'
  (compiling source file 'MainMenu.cpp')
  
C:\SFML-3.0.0\include\SFML\Graphics\Texture.hpp(304,117): error C2143: syntax error: missing ')' before '{'
  (compiling source file 'MainMenu.cpp')
  
C:\SFML-3.0.0\include\SFML\Graphics\Texture.hpp(304,119): error C2059: syntax error: ')'
  (compiling source file 'MainMenu.cpp')
  
C:\SFML-3.0.0\include\SFML\Graphics\Font.hpp(103,30): error C2039: 'filesystem': is not a member of 'std'
  (compiling source file 'MainMenu.cpp')
      C:\Program Files\Microsoft Visual Studio\2022\Community\VC\Tools\MSVC\14.44.35207\include\unordered_map(23,1):
      see declaration of 'std'
  
C:\SFML-3.0.0\include\SFML\Graphics\Font.hpp(103,30): error C3083: 'filesystem': the symbol to the left of a '::' must be a type
  (compiling source file 'MainMenu.cpp')
  
C:\SFML-3.0.0\include\SFML\Graphics\Font.hpp(103,42): error C2039: 'path': is not a member of 'std'
  (compiling source file 'MainMenu.cpp')
      C:\Program Files\Microsoft Visual Studio\2022\Community\VC\Tools\MSVC\14.44.35207\include\unordered_map(23,1):
      see declaration of 'std'
  
C:\SFML-3.0.0\include\SFML\Graphics\Font.hpp(103,19): error C4430: missing type specifier - int assumed. Note: C++ does not support default-int
  (compiling source file 'MainMenu.cpp')
  
C:\SFML-3.0.0\include\SFML\Graphics\Font.hpp(103,46): error C2143: syntax error: missing ',' before '&'
  (compiling source file 'MainMenu.cpp')
  
C:\SFML-3.0.0\include\SFML\Graphics\Font.hpp(168,48): error C2039: 'filesystem': is not a member of 'std'
  (compiling source file 'MainMenu.cpp')
      C:\Program Files\Microsoft Visual Studio\2022\Community\VC\Tools\MSVC\14.44.35207\include\unordered_map(23,1):
      see declaration of 'std'
  
C:\SFML-3.0.0\include\SFML\Graphics\Font.hpp(168,48): error C3083: 'filesystem': the symbol to the left of a '::' must be a type
  (compiling source file 'MainMenu.cpp')
  
C:\SFML-3.0.0\include\SFML\Graphics\Font.hpp(168,60): error C2039: 'path': is not a member of 'std'
  (compiling source file 'MainMenu.cpp')
      C:\Program Files\Microsoft Visual Studio\2022\Community\VC\Tools\MSVC\14.44.35207\include\unordered_map(23,1):
      see declaration of 'std'
  
C:\SFML-3.0.0\include\SFML\Graphics\Font.hpp(168,37): error C4430: missing type specifier - int assumed. Note: C++ does not support default-int
  (compiling source file 'MainMenu.cpp')
  
C:\SFML-3.0.0\include\SFML\Graphics\Font.hpp(168,64): error C2143: syntax error: missing ',' before '&'
  (compiling source file 'MainMenu.cpp')
  
C:\Program Files\Microsoft Visual Studio\2022\Community\VC\Tools\MSVC\14.44.35207\include\string_view(12): warning STL4038: The contents of <string_view> are available only with C++17 or later.
C:\SFML-3.0.0\include\SFML\Graphics\Image.hpp(103,31): error C2039: 'filesystem': is not a member of 'std'
  (compiling source file 'MainMenu.cpp')
      C:\Program Files\Microsoft Visual Studio\2022\Community\VC\Tools\MSVC\14.44.35207\include\unordered_map(23,1):
      see declaration of 'std'
  
C:\SFML-3.0.0\include\SFML\Graphics\Image.hpp(103,31): error C3083: 'filesystem': the symbol to the left of a '::' must be a type
  (compiling source file 'MainMenu.cpp')
  
C:\SFML-3.0.0\include\SFML\Graphics\Image.hpp(103,43): error C2039: 'path': is not a member of 'std'
  (compiling source file 'MainMenu.cpp')
      C:\Program Files\Microsoft Visual Studio\2022\Community\VC\Tools\MSVC\14.44.35207\include\unordered_map(23,1):
      see declaration of 'std'
  
C:\SFML-3.0.0\include\SFML\Graphics\Image.hpp(103,20): error C4430: missing type specifier - int assumed. Note: C++ does not support default-int
  (compiling source file 'MainMenu.cpp')
  
C:\SFML-3.0.0\include\SFML\Graphics\Image.hpp(103,47): error C2143: syntax error: missing ',' before '&'
  (compiling source file 'MainMenu.cpp')
  
C:\SFML-3.0.0\include\SFML\Graphics\Image.hpp(175,48): error C2039: 'filesystem': is not a member of 'std'
  (compiling source file 'MainMenu.cpp')
      C:\Program Files\Microsoft Visual Studio\2022\Community\VC\Tools\MSVC\14.44.35207\include\unordered_map(23,1):
      see declaration of 'std'
  
C:\SFML-3.0.0\include\SFML\Graphics\Image.hpp(175,48): error C3083: 'filesystem': the symbol to the left of a '::' must be a type
  (compiling source file 'MainMenu.cpp')
  
C:\SFML-3.0.0\include\SFML\Graphics\Image.hpp(175,60): error C2039: 'path': is not a member of 'std'
  (compiling source file 'MainMenu.cpp')
      C:\Program Files\Microsoft Visual Studio\2022\Community\VC\Tools\MSVC\14.44.35207\include\unordered_map(23,1):
      see declaration of 'std'
  
C:\SFML-3.0.0\include\SFML\Graphics\Image.hpp(175,37): error C4430: missing type specifier - int assumed. Note: C++ does not support default-int
  (compiling source file 'MainMenu.cpp')
  
C:\SFML-3.0.0\include\SFML\Graphics\Image.hpp(175,64): error C2143: syntax error: missing ',' before '&'
  (compiling source file 'MainMenu.cpp')
  
C:\SFML-3.0.0\include\SFML\Graphics\Image.hpp(227,46): error C2039: 'filesystem': is not a member of 'std'
  (compiling source file 'MainMenu.cpp')
      C:\Program Files\Microsoft Visual Studio\2022\Community\VC\Tools\MSVC\14.44.35207\include\unordered_map(23,1):
      see declaration of 'std'
  
C:\SFML-3.0.0\include\SFML\Graphics\Image.hpp(227,46): error C3083: 'filesystem': the symbol to the left of a '::' must be a type
  (compiling source file 'MainMenu.cpp')
  
C:\SFML-3.0.0\include\SFML\Graphics\Image.hpp(227,58): error C2039: 'path': is not a member of 'std'
  (compiling source file 'MainMenu.cpp')
      C:\Program Files\Microsoft Visual Studio\2022\Community\VC\Tools\MSVC\14.44.35207\include\unordered_map(23,1):
      see declaration of 'std'
  
C:\SFML-3.0.0\include\SFML\Graphics\Image.hpp(227,58): error C1003: error count exceeds 100; stopping compilation
  (compiling source file 'MainMenu.cpp')
  
  MidiFileSelect.cpp
C:\SFML-3.0.0\include\SFML\Graphics\Color.inl(75,17): error C3615: constexpr function 'sf::operator +' cannot result in a constant expression
  (compiling source file 'MidiFileSelect.cpp')
      C:\SFML-3.0.0\include\SFML\Graphics\Color.inl(77,16):
      failure was because type 'const sf::+::<lambda_16287c72c63b32e0a9fa1270f38e4b81>' is not a literal type
      C:\SFML-3.0.0\include\SFML\Graphics\Color.inl(81,5):
      type 'sf::+::<lambda_16287c72c63b32e0a9fa1270f38e4b81>' is not a literal type because it is not an aggregate type, a closure type, or does not have a constexpr constructor that is not a copy or move constructor
  
C:\SFML-3.0.0\include\SFML\Graphics\Color.inl(91,17): error C3615: constexpr function 'sf::operator -' cannot result in a constant expression
  (compiling source file 'MidiFileSelect.cpp')
      C:\SFML-3.0.0\include\SFML\Graphics\Color.inl(93,16):
      failure was because type 'const sf::-::<lambda_306030dfce25397b9816ce24c68c04f0>' is not a literal type
      C:\SFML-3.0.0\include\SFML\Graphics\Color.inl(97,5):
      type 'sf::-::<lambda_306030dfce25397b9816ce24c68c04f0>' is not a literal type because it is not an aggregate type, a closure type, or does not have a constexpr constructor that is not a copy or move constructor
  
C:\SFML-3.0.0\include\SFML\Graphics\Color.inl(107,17): error C3615: constexpr function 'sf::operator *' cannot result in a constant expression
  (compiling source file 'MidiFileSelect.cpp')
      C:\SFML-3.0.0\include\SFML\Graphics\Color.inl(109,16):
      failure was because type 'const sf::*::<lambda_1570e60a8275d4bb357b66a7fbaafc0b>' is not a literal type
      C:\SFML-3.0.0\include\SFML\Graphics\Color.inl(113,5):
      type 'sf::*::<lambda_1570e60a8275d4bb357b66a7fbaafc0b>' is not a literal type because it is not an aggregate type, a closure type, or does not have a constexpr constructor that is not a copy or move constructor
  
C:\SFML-3.0.0\include\SFML\Graphics\Color.inl(146,31): error C7525: inline variables require at least '/std:c++17'
  (compiling source file 'MidiFileSelect.cpp')
  
C:\SFML-3.0.0\include\SFML\Graphics\Color.inl(147,31): error C7525: inline variables require at least '/std:c++17'
  (compiling source file 'MidiFileSelect.cpp')
  
C:\SFML-3.0.0\include\SFML\Graphics\Color.inl(148,31): error C7525: inline variables require at least '/std:c++17'
  (compiling source file 'MidiFileSelect.cpp')
  
C:\SFML-3.0.0\include\SFML\Graphics\Color.inl(149,31): error C7525: inline variables require at least '/std:c++17'
  (compiling source file 'MidiFileSelect.cpp')
  
C:\SFML-3.0.0\include\SFML\Graphics\Color.inl(150,31): error C7525: inline variables require at least '/std:c++17'
  (compiling source file 'MidiFileSelect.cpp')
  
C:\SFML-3.0.0\include\SFML\Graphics\Color.inl(151,31): error C7525: inline variables require at least '/std:c++17'
  (compiling source file 'MidiFileSelect.cpp')
  
C:\SFML-3.0.0\include\SFML\Graphics\Color.inl(152,31): error C7525: inline variables require at least '/std:c++17'
  (compiling source file 'MidiFileSelect.cpp')
  
C:\SFML-3.0.0\include\SFML\Graphics\Color.inl(153,31): error C7525: inline variables require at least '/std:c++17'
  (compiling source file 'MidiFileSelect.cpp')
  
C:\SFML-3.0.0\include\SFML\Graphics\Color.inl(154,31): error C7525: inline variables require at least '/std:c++17'
  (compiling source file 'MidiFileSelect.cpp')
  
C:\SFML-3.0.0\include\SFML\System\Angle.inl(272,31): error C7525: inline variables require at least '/std:c++17'
  (compiling source file 'MidiFileSelect.cpp')
  
C:\Program Files\Microsoft Visual Studio\2022\Community\VC\Tools\MSVC\14.44.35207\include\optional(11): warning STL4038: The contents of <optional> are available only with C++17 or later.
C:\SFML-3.0.0\include\SFML\Graphics\Rect.hpp(98,42): error C2143: syntax error: missing ';' before '<'
  (compiling source file 'MidiFileSelect.cpp')
      C:\SFML-3.0.0\include\SFML\Graphics\Rect.hpp(98,42):
      the template instantiation context (the oldest one first) is
          C:\SFML-3.0.0\include\SFML\Graphics\Rect.hpp(42,7):
          while compiling class template 'sf::Rect'
  
C:\SFML-3.0.0\include\SFML\Graphics\Rect.hpp(98,34): error C4430: missing type specifier - int assumed. Note: C++ does not support default-int
  (compiling source file 'MidiFileSelect.cpp')
  
C:\SFML-3.0.0\include\SFML\Graphics\Rect.hpp(98,34): error C2178: 'sf::Rect<T>::optional' cannot be declared with 'constexpr' specifier
  (compiling source file 'MidiFileSelect.cpp')
  
C:\SFML-3.0.0\include\SFML\Graphics\Rect.hpp(98,5): warning C4869: 'nodiscard' may only be applied to classes, enumerations, and functions
  (compiling source file 'MidiFileSelect.cpp')
  
C:\SFML-3.0.0\include\SFML\Graphics\Rect.hpp(98,100): error C2238: unexpected token(s) preceding ';'
  (compiling source file 'MidiFileSelect.cpp')
  
C:\SFML-3.0.0\include\SFML\Graphics\Rect.inl(71,16): error C2039: 'optional': is not a member of 'std'
  (compiling source file 'MidiFileSelect.cpp')
      C:\Program Files\Microsoft Visual Studio\2022\Community\VC\Tools\MSVC\14.44.35207\include\iostream(19,1):
      see declaration of 'std'
  
C:\SFML-3.0.0\include\SFML\Graphics\Rect.inl(71,24): error C2988: unrecognizable template declaration/definition
  (compiling source file 'MidiFileSelect.cpp')
  
C:\SFML-3.0.0\include\SFML\Graphics\Rect.inl(71,24): error C2143: syntax error: missing ';' before '<'
  (compiling source file 'MidiFileSelect.cpp')
  
C:\SFML-3.0.0\include\SFML\Graphics\Rect.inl(71,16): error C4430: missing type specifier - int assumed. Note: C++ does not support default-int
  (compiling source file 'MidiFileSelect.cpp')
  
C:\SFML-3.0.0\include\SFML\Graphics\Rect.inl(71,24): error C2059: syntax error: '<'
  (compiling source file 'MidiFileSelect.cpp')
  
C:\SFML-3.0.0\include\SFML\Graphics\Rect.inl(71,30): error C2065: 'T': undeclared identifier
  (compiling source file 'MidiFileSelect.cpp')
  
C:\SFML-3.0.0\include\SFML\Graphics\Rect.inl(71,25): error C2923: 'sf::Rect': 'T' is not a valid template type argument for parameter 'T'
  (compiling source file 'MidiFileSelect.cpp')
      C:\SFML-3.0.0\include\SFML\Graphics\Rect.inl(71,30):
      see declaration of 'T'
  
C:\SFML-3.0.0\include\SFML\Graphics\Rect.inl(71,39): error C2065: 'T': undeclared identifier
  (compiling source file 'MidiFileSelect.cpp')
  
C:\SFML-3.0.0\include\SFML\Graphics\Rect.inl(71,34): error C2923: 'sf::Rect': 'T' is not a valid template type argument for parameter 'T'
  (compiling source file 'MidiFileSelect.cpp')
      C:\SFML-3.0.0\include\SFML\Graphics\Rect.inl(71,39):
      see declaration of 'T'
  
C:\SFML-3.0.0\include\SFML\Graphics\Rect.inl(71,71): error C2065: 'T': undeclared identifier
  (compiling source file 'MidiFileSelect.cpp')
  
C:\SFML-3.0.0\include\SFML\Graphics\Rect.inl(71,66): error C2923: 'sf::Rect': 'T' is not a valid template type argument for parameter 'T'
  (compiling source file 'MidiFileSelect.cpp')
      C:\SFML-3.0.0\include\SFML\Graphics\Rect.inl(71,71):
      see declaration of 'T'
  
C:\SFML-3.0.0\include\SFML\Graphics\Rect.inl(72,1): error C2143: syntax error: missing ';' before '{'
  (compiling source file 'MidiFileSelect.cpp')
  
C:\SFML-3.0.0\include\SFML\Graphics\Rect.inl(72,1): error C2447: '{': missing function header (old-style formal list?)
  (compiling source file 'MidiFileSelect.cpp')
  
C:\SFML-3.0.0\include\SFML\Graphics\Transform.inl(52,35): error C3615: constexpr function 'sf::Transform::getMatrix' cannot result in a constant expression
  (compiling source file 'MidiFileSelect.cpp')
      C:\SFML-3.0.0\include\SFML\Graphics\Transform.inl(54,25):
      failure was caused by call of undefined function or one not declared 'constexpr'
      C:\SFML-3.0.0\include\SFML\Graphics\Transform.inl(54,25):
      see usage of 'std::array<float,16>::data'
  
C:\SFML-3.0.0\include\SFML\Graphics\Rect.hpp(98,34): error C2039: 'optional': is not a member of 'std'
  (compiling source file 'MidiFileSelect.cpp')
      C:\Program Files\Microsoft Visual Studio\2022\Community\VC\Tools\MSVC\14.44.35207\include\array(19,1):
      see declaration of 'std'
      C:\SFML-3.0.0\include\SFML\Graphics\Rect.hpp(98,34):
      the template instantiation context (the oldest one first) is
          C:\SFML-3.0.0\include\SFML\Graphics\Transform.inl(98,32):
          see reference to class template instantiation 'sf::Rect<float>' being compiled
  
C:\SFML-3.0.0\include\SFML\Graphics\Rect.hpp(98,34): error C2178: 'sf::Rect<float>::optional' cannot be declared with 'constexpr' specifier
  (compiling source file 'MidiFileSelect.cpp')
  
C:\SFML-3.0.0\include\SFML\Graphics\Transform.inl(101,31): error C2514: 'std::array': class template cannot be constructed
  (compiling source file 'MidiFileSelect.cpp')
      C:\Program Files\Microsoft Visual Studio\2022\Community\VC\Tools\MSVC\14.44.35207\include\array(402,7):
      see declaration of 'std::array'
  
C:\SFML-3.0.0\include\SFML\Graphics\Transform.inl(107,21): error C2678: binary '[': no operator found which takes a left-hand operand of type 'const std::array' (or there is no acceptable conversion)
  (compiling source file 'MidiFileSelect.cpp')
      C:\Program Files\Microsoft Visual Studio\2022\Community\VC\Tools\MSVC\14.44.35207\include\array(537,42):
      could be 'const _Ty &std::array<_Ty,_Size>::operator [](std::array<_Ty,_Size>::size_type) noexcept const'
          C:\SFML-3.0.0\include\SFML\Graphics\Transform.inl(107,21):
          'const _Ty &std::array<_Ty,_Size>::operator [](std::array<_Ty,_Size>::size_type) noexcept const': cannot convert 'this' pointer from 'const std::array' to 'const std::array<_Ty,_Size> &'
              C:\SFML-3.0.0\include\SFML\Graphics\Transform.inl(107,21):
              Reason: cannot convert from 'const std::array' to 'const std::array<_Ty,_Size>'
              C:\SFML-3.0.0\include\SFML\Graphics\Transform.inl(107,21):
              Conversion requires a second user-defined-conversion operator or constructor
      C:\Program Files\Microsoft Visual Studio\2022\Community\VC\Tools\MSVC\14.44.35207\include\array(529,39):
      or       '_Ty &std::array<_Ty,_Size>::operator [](std::array<_Ty,_Size>::size_type) noexcept'
          C:\SFML-3.0.0\include\SFML\Graphics\Transform.inl(107,21):
          '_Ty &std::array<_Ty,_Size>::operator [](std::array<_Ty,_Size>::size_type) noexcept': cannot convert 'this' pointer from 'const std::array' to 'std::array<_Ty,_Size> &'
              C:\SFML-3.0.0\include\SFML\Graphics\Transform.inl(107,21):
              Reason: cannot convert from 'const std::array' to 'std::array<_Ty,_Size>'
              C:\SFML-3.0.0\include\SFML\Graphics\Transform.inl(107,21):
              Conversion requires a second user-defined-conversion operator or constructor
      C:\SFML-3.0.0\include\SFML\Graphics\Transform.inl(107,21):
      while trying to match the argument list '(const std::array, int)'
  
C:\SFML-3.0.0\include\SFML\Graphics\Transform.inl(108,21): error C2678: binary '[': no operator found which takes a left-hand operand of type 'const std::array' (or there is no acceptable conversion)
  (compiling source file 'MidiFileSelect.cpp')
      C:\Program Files\Microsoft Visual Studio\2022\Community\VC\Tools\MSVC\14.44.35207\include\array(537,42):
      could be 'const _Ty &std::array<_Ty,_Size>::operator [](std::array<_Ty,_Size>::size_type) noexcept const'
          C:\SFML-3.0.0\include\SFML\Graphics\Transform.inl(108,21):
          'const _Ty &std::array<_Ty,_Size>::operator [](std::array<_Ty,_Size>::size_type) noexcept const': cannot convert 'this' pointer from 'const std::array' to 'const std::array<_Ty,_Size> &'
              C:\SFML-3.0.0\include\SFML\Graphics\Transform.inl(108,21):
              Reason: cannot convert from 'const std::array' to 'const std::array<_Ty,_Size>'
              C:\SFML-3.0.0\include\SFML\Graphics\Transform.inl(108,21):
              Conversion requires a second user-defined-conversion operator or constructor
      C:\Program Files\Microsoft Visual Studio\2022\Community\VC\Tools\MSVC\14.44.35207\include\array(529,39):
      or       '_Ty &std::array<_Ty,_Size>::operator [](std::array<_Ty,_Size>::size_type) noexcept'
          C:\SFML-3.0.0\include\SFML\Graphics\Transform.inl(108,21):
          '_Ty &std::array<_Ty,_Size>::operator [](std::array<_Ty,_Size>::size_type) noexcept': cannot convert 'this' pointer from 'const std::array' to 'std::array<_Ty,_Size> &'
              C:\SFML-3.0.0\include\SFML\Graphics\Transform.inl(108,21):
              Reason: cannot convert from 'const std::array' to 'std::array<_Ty,_Size>'
              C:\SFML-3.0.0\include\SFML\Graphics\Transform.inl(108,21):
              Conversion requires a second user-defined-conversion operator or constructor
      C:\SFML-3.0.0\include\SFML\Graphics\Transform.inl(108,21):
      while trying to match the argument list '(const std::array, int)'
  
C:\SFML-3.0.0\include\SFML\Graphics\Transform.inl(110,40): error C2662: 'std::array<_Ty,_Size>::size_type std::array<_Ty,_Size>::size(void) noexcept const': cannot convert 'this' pointer from 'const std::array' to 'const std::array<_Ty,_Size> &'
  (compiling source file 'MidiFileSelect.cpp')
      C:\SFML-3.0.0\include\SFML\Graphics\Transform.inl(110,33):
      Reason: cannot convert from 'const std::array' to 'const std::array<_Ty,_Size>'
      C:\SFML-3.0.0\include\SFML\Graphics\Transform.inl(110,33):
      Conversion requires a second user-defined-conversion operator or constructor
      C:\Program Files\Microsoft Visual Studio\2022\Community\VC\Tools\MSVC\14.44.35207\include\array(501,59):
      see declaration of 'std::array<_Ty,_Size>::size'
      C:\SFML-3.0.0\include\SFML\Graphics\Transform.inl(110,40):
      while trying to match the argument list '()'
  
C:\SFML-3.0.0\include\SFML\Graphics\Transform.inl(113,18): error C2678: binary '[': no operator found which takes a left-hand operand of type 'const std::array' (or there is no acceptable conversion)
  (compiling source file 'MidiFileSelect.cpp')
      C:\Program Files\Microsoft Visual Studio\2022\Community\VC\Tools\MSVC\14.44.35207\include\array(537,42):
      could be 'const _Ty &std::array<_Ty,_Size>::operator [](std::array<_Ty,_Size>::size_type) noexcept const'
          C:\SFML-3.0.0\include\SFML\Graphics\Transform.inl(113,18):
          'const _Ty &std::array<_Ty,_Size>::operator [](std::array<_Ty,_Size>::size_type) noexcept const': cannot convert 'this' pointer from 'const std::array' to 'const std::array<_Ty,_Size> &'
              C:\SFML-3.0.0\include\SFML\Graphics\Transform.inl(113,18):
              Reason: cannot convert from 'const std::array' to 'const std::array<_Ty,_Size>'
              C:\SFML-3.0.0\include\SFML\Graphics\Transform.inl(113,18):
              Conversion requires a second user-defined-conversion operator or constructor
      C:\Program Files\Microsoft Visual Studio\2022\Community\VC\Tools\MSVC\14.44.35207\include\array(529,39):
      or       '_Ty &std::array<_Ty,_Size>::operator [](std::array<_Ty,_Size>::size_type) noexcept'
          C:\SFML-3.0.0\include\SFML\Graphics\Transform.inl(113,18):
          '_Ty &std::array<_Ty,_Size>::operator [](std::array<_Ty,_Size>::size_type) noexcept': cannot convert 'this' pointer from 'const std::array' to 'std::array<_Ty,_Size> &'
              C:\SFML-3.0.0\include\SFML\Graphics\Transform.inl(113,18):
              Reason: cannot convert from 'const std::array' to 'std::array<_Ty,_Size>'
              C:\SFML-3.0.0\include\SFML\Graphics\Transform.inl(113,18):
              Conversion requires a second user-defined-conversion operator or constructor
      C:\SFML-3.0.0\include\SFML\Graphics\Transform.inl(113,18):
      while trying to match the argument list '(const std::array, size_t)'
  
C:\SFML-3.0.0\include\SFML\Graphics\Transform.inl(113,49): error C2678: binary '[': no operator found which takes a left-hand operand of type 'const std::array' (or there is no acceptable conversion)
  (compiling source file 'MidiFileSelect.cpp')
      C:\Program Files\Microsoft Visual Studio\2022\Community\VC\Tools\MSVC\14.44.35207\include\array(537,42):
      could be 'const _Ty &std::array<_Ty,_Size>::operator [](std::array<_Ty,_Size>::size_type) noexcept const'
          C:\SFML-3.0.0\include\SFML\Graphics\Transform.inl(113,49):
          'const _Ty &std::array<_Ty,_Size>::operator [](std::array<_Ty,_Size>::size_type) noexcept const': cannot convert 'this' pointer from 'const std::array' to 'const std::array<_Ty,_Size> &'
              C:\SFML-3.0.0\include\SFML\Graphics\Transform.inl(113,49):
              Reason: cannot convert from 'const std::array' to 'const std::array<_Ty,_Size>'
              C:\SFML-3.0.0\include\SFML\Graphics\Transform.inl(113,49):
              Conversion requires a second user-defined-conversion operator or constructor
      C:\Program Files\Microsoft Visual Studio\2022\Community\VC\Tools\MSVC\14.44.35207\include\array(529,39):
      or       '_Ty &std::array<_Ty,_Size>::operator [](std::array<_Ty,_Size>::size_type) noexcept'
          C:\SFML-3.0.0\include\SFML\Graphics\Transform.inl(113,49):
          '_Ty &std::array<_Ty,_Size>::operator [](std::array<_Ty,_Size>::size_type) noexcept': cannot convert 'this' pointer from 'const std::array' to 'std::array<_Ty,_Size> &'
              C:\SFML-3.0.0\include\SFML\Graphics\Transform.inl(113,49):
              Reason: cannot convert from 'const std::array' to 'std::array<_Ty,_Size>'
              C:\SFML-3.0.0\include\SFML\Graphics\Transform.inl(113,49):
              Conversion requires a second user-defined-conversion operator or constructor
      C:\SFML-3.0.0\include\SFML\Graphics\Transform.inl(113,49):
      while trying to match the argument list '(const std::array, size_t)'
  
C:\SFML-3.0.0\include\SFML\Graphics\Transform.inl(114,18): error C2678: binary '[': no operator found which takes a left-hand operand of type 'const std::array' (or there is no acceptable conversion)
  (compiling source file 'MidiFileSelect.cpp')
      C:\Program Files\Microsoft Visual Studio\2022\Community\VC\Tools\MSVC\14.44.35207\include\array(537,42):
      could be 'const _Ty &std::array<_Ty,_Size>::operator [](std::array<_Ty,_Size>::size_type) noexcept const'
          C:\SFML-3.0.0\include\SFML\Graphics\Transform.inl(114,18):
          'const _Ty &std::array<_Ty,_Size>::operator [](std::array<_Ty,_Size>::size_type) noexcept const': cannot convert 'this' pointer from 'const std::array' to 'const std::array<_Ty,_Size> &'
              C:\SFML-3.0.0\include\SFML\Graphics\Transform.inl(114,18):
              Reason: cannot convert from 'const std::array' to 'const std::array<_Ty,_Size>'
              C:\SFML-3.0.0\include\SFML\Graphics\Transform.inl(114,18):
              Conversion requires a second user-defined-conversion operator or constructor
      C:\Program Files\Microsoft Visual Studio\2022\Community\VC\Tools\MSVC\14.44.35207\include\array(529,39):
      or       '_Ty &std::array<_Ty,_Size>::operator [](std::array<_Ty,_Size>::size_type) noexcept'
          C:\SFML-3.0.0\include\SFML\Graphics\Transform.inl(114,18):
          '_Ty &std::array<_Ty,_Size>::operator [](std::array<_Ty,_Size>::size_type) noexcept': cannot convert 'this' pointer from 'const std::array' to 'std::array<_Ty,_Size> &'
              C:\SFML-3.0.0\include\SFML\Graphics\Transform.inl(114,18):
              Reason: cannot convert from 'const std::array' to 'std::array<_Ty,_Size>'
              C:\SFML-3.0.0\include\SFML\Graphics\Transform.inl(114,18):
              Conversion requires a second user-defined-conversion operator or constructor
      C:\SFML-3.0.0\include\SFML\Graphics\Transform.inl(114,18):
      while trying to match the argument list '(const std::array, size_t)'
  
C:\SFML-3.0.0\include\SFML\Graphics\Transform.inl(114,49): error C2678: binary '[': no operator found which takes a left-hand operand of type 'const std::array' (or there is no acceptable conversion)
  (compiling source file 'MidiFileSelect.cpp')
      C:\Program Files\Microsoft Visual Studio\2022\Community\VC\Tools\MSVC\14.44.35207\include\array(537,42):
      could be 'const _Ty &std::array<_Ty,_Size>::operator [](std::array<_Ty,_Size>::size_type) noexcept const'
          C:\SFML-3.0.0\include\SFML\Graphics\Transform.inl(114,49):
          'const _Ty &std::array<_Ty,_Size>::operator [](std::array<_Ty,_Size>::size_type) noexcept const': cannot convert 'this' pointer from 'const std::array' to 'const std::array<_Ty,_Size> &'
              C:\SFML-3.0.0\include\SFML\Graphics\Transform.inl(114,49):
              Reason: cannot convert from 'const std::array' to 'const std::array<_Ty,_Size>'
              C:\SFML-3.0.0\include\SFML\Graphics\Transform.inl(114,49):
              Conversion requires a second user-defined-conversion operator or constructor
      C:\Program Files\Microsoft Visual Studio\2022\Community\VC\Tools\MSVC\14.44.35207\include\array(529,39):
      or       '_Ty &std::array<_Ty,_Size>::operator [](std::array<_Ty,_Size>::size_type) noexcept'
          C:\SFML-3.0.0\include\SFML\Graphics\Transform.inl(114,49):
          '_Ty &std::array<_Ty,_Size>::operator [](std::array<_Ty,_Size>::size_type) noexcept': cannot convert 'this' pointer from 'const std::array' to 'std::array<_Ty,_Size> &'
              C:\SFML-3.0.0\include\SFML\Graphics\Transform.inl(114,49):
              Reason: cannot convert from 'const std::array' to 'std::array<_Ty,_Size>'
              C:\SFML-3.0.0\include\SFML\Graphics\Transform.inl(114,49):
              Conversion requires a second user-defined-conversion operator or constructor
      C:\SFML-3.0.0\include\SFML\Graphics\Transform.inl(114,49):
      while trying to match the argument list '(const std::array, size_t)'
  
C:\SFML-3.0.0\include\SFML\Graphics\Transform.inl(116,18): error C2678: binary '[': no operator found which takes a left-hand operand of type 'const std::array' (or there is no acceptable conversion)
  (compiling source file 'MidiFileSelect.cpp')
      C:\Program Files\Microsoft Visual Studio\2022\Community\VC\Tools\MSVC\14.44.35207\include\array(537,42):
      could be 'const _Ty &std::array<_Ty,_Size>::operator [](std::array<_Ty,_Size>::size_type) noexcept const'
          C:\SFML-3.0.0\include\SFML\Graphics\Transform.inl(116,18):
          'const _Ty &std::array<_Ty,_Size>::operator [](std::array<_Ty,_Size>::size_type) noexcept const': cannot convert 'this' pointer from 'const std::array' to 'const std::array<_Ty,_Size> &'
              C:\SFML-3.0.0\include\SFML\Graphics\Transform.inl(116,18):
              Reason: cannot convert from 'const std::array' to 'const std::array<_Ty,_Size>'
              C:\SFML-3.0.0\include\SFML\Graphics\Transform.inl(116,18):
              Conversion requires a second user-defined-conversion operator or constructor
      C:\Program Files\Microsoft Visual Studio\2022\Community\VC\Tools\MSVC\14.44.35207\include\array(529,39):
      or       '_Ty &std::array<_Ty,_Size>::operator [](std::array<_Ty,_Size>::size_type) noexcept'
          C:\SFML-3.0.0\include\SFML\Graphics\Transform.inl(116,18):
          '_Ty &std::array<_Ty,_Size>::operator [](std::array<_Ty,_Size>::size_type) noexcept': cannot convert 'this' pointer from 'const std::array' to 'std::array<_Ty,_Size> &'
              C:\SFML-3.0.0\include\SFML\Graphics\Transform.inl(116,18):
              Reason: cannot convert from 'const std::array' to 'std::array<_Ty,_Size>'
              C:\SFML-3.0.0\include\SFML\Graphics\Transform.inl(116,18):
              Conversion requires a second user-defined-conversion operator or constructor
      C:\SFML-3.0.0\include\SFML\Graphics\Transform.inl(116,18):
      while trying to match the argument list '(const std::array, size_t)'
  
C:\SFML-3.0.0\include\SFML\Graphics\Transform.inl(116,49): error C2678: binary '[': no operator found which takes a left-hand operand of type 'const std::array' (or there is no acceptable conversion)
  (compiling source file 'MidiFileSelect.cpp')
      C:\Program Files\Microsoft Visual Studio\2022\Community\VC\Tools\MSVC\14.44.35207\include\array(537,42):
      could be 'const _Ty &std::array<_Ty,_Size>::operator [](std::array<_Ty,_Size>::size_type) noexcept const'
          C:\SFML-3.0.0\include\SFML\Graphics\Transform.inl(116,49):
          'const _Ty &std::array<_Ty,_Size>::operator [](std::array<_Ty,_Size>::size_type) noexcept const': cannot convert 'this' pointer from 'const std::array' to 'const std::array<_Ty,_Size> &'
              C:\SFML-3.0.0\include\SFML\Graphics\Transform.inl(116,49):
              Reason: cannot convert from 'const std::array' to 'const std::array<_Ty,_Size>'
              C:\SFML-3.0.0\include\SFML\Graphics\Transform.inl(116,49):
              Conversion requires a second user-defined-conversion operator or constructor
      C:\Program Files\Microsoft Visual Studio\2022\Community\VC\Tools\MSVC\14.44.35207\include\array(529,39):
      or       '_Ty &std::array<_Ty,_Size>::operator [](std::array<_Ty,_Size>::size_type) noexcept'
          C:\SFML-3.0.0\include\SFML\Graphics\Transform.inl(116,49):
          '_Ty &std::array<_Ty,_Size>::operator [](std::array<_Ty,_Size>::size_type) noexcept': cannot convert 'this' pointer from 'const std::array' to 'std::array<_Ty,_Size> &'
              C:\SFML-3.0.0\include\SFML\Graphics\Transform.inl(116,49):
              Reason: cannot convert from 'const std::array' to 'std::array<_Ty,_Size>'
              C:\SFML-3.0.0\include\SFML\Graphics\Transform.inl(116,49):
              Conversion requires a second user-defined-conversion operator or constructor
      C:\SFML-3.0.0\include\SFML\Graphics\Transform.inl(116,49):
      while trying to match the argument list '(const std::array, size_t)'
  
C:\SFML-3.0.0\include\SFML\Graphics\Transform.inl(117,18): error C2678: binary '[': no operator found which takes a left-hand operand of type 'const std::array' (or there is no acceptable conversion)
  (compiling source file 'MidiFileSelect.cpp')
      C:\Program Files\Microsoft Visual Studio\2022\Community\VC\Tools\MSVC\14.44.35207\include\array(537,42):
      could be 'const _Ty &std::array<_Ty,_Size>::operator [](std::array<_Ty,_Size>::size_type) noexcept const'
          C:\SFML-3.0.0\include\SFML\Graphics\Transform.inl(117,18):
          'const _Ty &std::array<_Ty,_Size>::operator [](std::array<_Ty,_Size>::size_type) noexcept const': cannot convert 'this' pointer from 'const std::array' to 'const std::array<_Ty,_Size> &'
              C:\SFML-3.0.0\include\SFML\Graphics\Transform.inl(117,18):
              Reason: cannot convert from 'const std::array' to 'const std::array<_Ty,_Size>'
              C:\SFML-3.0.0\include\SFML\Graphics\Transform.inl(117,18):
              Conversion requires a second user-defined-conversion operator or constructor
      C:\Program Files\Microsoft Visual Studio\2022\Community\VC\Tools\MSVC\14.44.35207\include\array(529,39):
      or       '_Ty &std::array<_Ty,_Size>::operator [](std::array<_Ty,_Size>::size_type) noexcept'
          C:\SFML-3.0.0\include\SFML\Graphics\Transform.inl(117,18):
          '_Ty &std::array<_Ty,_Size>::operator [](std::array<_Ty,_Size>::size_type) noexcept': cannot convert 'this' pointer from 'const std::array' to 'std::array<_Ty,_Size> &'
              C:\SFML-3.0.0\include\SFML\Graphics\Transform.inl(117,18):
              Reason: cannot convert from 'const std::array' to 'std::array<_Ty,_Size>'
              C:\SFML-3.0.0\include\SFML\Graphics\Transform.inl(117,18):
              Conversion requires a second user-defined-conversion operator or constructor
      C:\SFML-3.0.0\include\SFML\Graphics\Transform.inl(117,18):
      while trying to match the argument list '(const std::array, size_t)'
  
C:\SFML-3.0.0\include\SFML\Graphics\Transform.inl(117,49): error C2678: binary '[': no operator found which takes a left-hand operand of type 'const std::array' (or there is no acceptable conversion)
  (compiling source file 'MidiFileSelect.cpp')
      C:\Program Files\Microsoft Visual Studio\2022\Community\VC\Tools\MSVC\14.44.35207\include\array(537,42):
      could be 'const _Ty &std::array<_Ty,_Size>::operator [](std::array<_Ty,_Size>::size_type) noexcept const'
          C:\SFML-3.0.0\include\SFML\Graphics\Transform.inl(117,49):
          'const _Ty &std::array<_Ty,_Size>::operator [](std::array<_Ty,_Size>::size_type) noexcept const': cannot convert 'this' pointer from 'const std::array' to 'const std::array<_Ty,_Size> &'
              C:\SFML-3.0.0\include\SFML\Graphics\Transform.inl(117,49):
              Reason: cannot convert from 'const std::array' to 'const std::array<_Ty,_Size>'
              C:\SFML-3.0.0\include\SFML\Graphics\Transform.inl(117,49):
              Conversion requires a second user-defined-conversion operator or constructor
      C:\Program Files\Microsoft Visual Studio\2022\Community\VC\Tools\MSVC\14.44.35207\include\array(529,39):
      or       '_Ty &std::array<_Ty,_Size>::operator [](std::array<_Ty,_Size>::size_type) noexcept'
          C:\SFML-3.0.0\include\SFML\Graphics\Transform.inl(117,49):
          '_Ty &std::array<_Ty,_Size>::operator [](std::array<_Ty,_Size>::size_type) noexcept': cannot convert 'this' pointer from 'const std::array' to 'std::array<_Ty,_Size> &'
              C:\SFML-3.0.0\include\SFML\Graphics\Transform.inl(117,49):
              Reason: cannot convert from 'const std::array' to 'std::array<_Ty,_Size>'
              C:\SFML-3.0.0\include\SFML\Graphics\Transform.inl(117,49):
              Conversion requires a second user-defined-conversion operator or constructor
      C:\SFML-3.0.0\include\SFML\Graphics\Transform.inl(117,49):
      while trying to match the argument list '(const std::array, size_t)'
  
C:\SFML-3.0.0\include\SFML\Graphics\Transform.inl(98,32): error C3615: constexpr function 'sf::Transform::transformRect' cannot result in a constant expression
  (compiling source file 'MidiFileSelect.cpp')
      C:\SFML-3.0.0\include\SFML\Graphics\Transform.inl(101,22):
      failure was because type 'const std::array' is not a literal type
      C:\Program Files\Microsoft Visual Studio\2022\Community\VC\Tools\MSVC\14.44.35207\include\array(402,7):
      type 'std::array' is not a literal type because it is not an aggregate type, a closure type, or does not have a constexpr constructor that is not a copy or move constructor
      C:\SFML-3.0.0\include\SFML\Graphics\Transform.inl(110,39):
      failure was caused by call of undefined function or one not declared 'constexpr'
      C:\SFML-3.0.0\include\SFML\Graphics\Transform.inl(110,39):
      see usage of '<declval>'
      C:\SFML-3.0.0\include\SFML\Graphics\Transform.inl(98,32):
      failure was caused by control reaching the end of a constexpr function
  
C:\SFML-3.0.0\include\SFML\Graphics\Transform.inl(234,39): error C7525: inline variables require at least '/std:c++17'
  (compiling source file 'MidiFileSelect.cpp')
  
C:\SFML-3.0.0\include\SFML\Graphics\Rect.hpp(98,34): error C2178: 'sf::Rect<int>::optional' cannot be declared with 'constexpr' specifier
  (compiling source file 'MidiFileSelect.cpp')
  
C:\Program Files\Microsoft Visual Studio\2022\Community\VC\Tools\MSVC\14.44.35207\include\filesystem(12): warning STL4038: The contents of <filesystem> are available only with C++17 or later.
C:\SFML-3.0.0\include\SFML\Graphics\Texture.hpp(114,33): error C2039: 'filesystem': is not a member of 'std'
  (compiling source file 'MidiFileSelect.cpp')
      C:\Program Files\Microsoft Visual Studio\2022\Community\VC\Tools\MSVC\14.44.35207\include\array(19,1):
      see declaration of 'std'
  
C:\SFML-3.0.0\include\SFML\Graphics\Texture.hpp(114,33): error C3083: 'filesystem': the symbol to the left of a '::' must be a type
  (compiling source file 'MidiFileSelect.cpp')
  
C:\SFML-3.0.0\include\SFML\Graphics\Texture.hpp(114,45): error C2039: 'path': is not a member of 'std'
  (compiling source file 'MidiFileSelect.cpp')
      C:\Program Files\Microsoft Visual Studio\2022\Community\VC\Tools\MSVC\14.44.35207\include\array(19,1):
      see declaration of 'std'
  
C:\SFML-3.0.0\include\SFML\Graphics\Texture.hpp(114,22): error C4430: missing type specifier - int assumed. Note: C++ does not support default-int
  (compiling source file 'MidiFileSelect.cpp')
  
C:\SFML-3.0.0\include\SFML\Graphics\Texture.hpp(114,49): error C2143: syntax error: missing ',' before '&'
  (compiling source file 'MidiFileSelect.cpp')
  
C:\SFML-3.0.0\include\SFML\Graphics\Texture.hpp(137,24): error C2039: 'filesystem': is not a member of 'std'
  (compiling source file 'MidiFileSelect.cpp')
      C:\Program Files\Microsoft Visual Studio\2022\Community\VC\Tools\MSVC\14.44.35207\include\array(19,1):
      see declaration of 'std'
  
C:\SFML-3.0.0\include\SFML\Graphics\Texture.hpp(137,24): error C3083: 'filesystem': the symbol to the left of a '::' must be a type
  (compiling source file 'MidiFileSelect.cpp')
  
C:\SFML-3.0.0\include\SFML\Graphics\Texture.hpp(137,36): error C2039: 'path': is not a member of 'std'
  (compiling source file 'MidiFileSelect.cpp')
      C:\Program Files\Microsoft Visual Studio\2022\Community\VC\Tools\MSVC\14.44.35207\include\array(19,1):
      see declaration of 'std'
  
C:\SFML-3.0.0\include\SFML\Graphics\Texture.hpp(137,13): error C4430: missing type specifier - int assumed. Note: C++ does not support default-int
  (compiling source file 'MidiFileSelect.cpp')
  
C:\SFML-3.0.0\include\SFML\Graphics\Texture.hpp(137,40): error C2143: syntax error: missing ',' before '&'
  (compiling source file 'MidiFileSelect.cpp')
  
C:\SFML-3.0.0\include\SFML\Graphics\Texture.hpp(137,5): error C2535: 'sf::Texture::Texture(const int)': member function already defined or declared
  (compiling source file 'MidiFileSelect.cpp')
      C:\SFML-3.0.0\include\SFML\Graphics\Texture.hpp(114,5):
      see declaration of 'sf::Texture::Texture'
  
C:\SFML-3.0.0\include\SFML\Graphics\Texture.hpp(304,48): error C2039: 'filesystem': is not a member of 'std'
  (compiling source file 'MidiFileSelect.cpp')
      C:\Program Files\Microsoft Visual Studio\2022\Community\VC\Tools\MSVC\14.44.35207\include\array(19,1):
      see declaration of 'std'
  
C:\SFML-3.0.0\include\SFML\Graphics\Texture.hpp(304,48): error C3083: 'filesystem': the symbol to the left of a '::' must be a type
  (compiling source file 'MidiFileSelect.cpp')
  
C:\SFML-3.0.0\include\SFML\Graphics\Texture.hpp(304,60): error C2039: 'path': is not a member of 'std'
  (compiling source file 'MidiFileSelect.cpp')
      C:\Program Files\Microsoft Visual Studio\2022\Community\VC\Tools\MSVC\14.44.35207\include\array(19,1):
      see declaration of 'std'
  
C:\SFML-3.0.0\include\SFML\Graphics\Texture.hpp(304,37): error C4430: missing type specifier - int assumed. Note: C++ does not support default-int
  (compiling source file 'MidiFileSelect.cpp')
  
C:\SFML-3.0.0\include\SFML\Graphics\Texture.hpp(304,64): error C2143: syntax error: missing ',' before '&'
  (compiling source file 'MidiFileSelect.cpp')
  
C:\SFML-3.0.0\include\SFML\Graphics\Texture.hpp(304,117): error C2143: syntax error: missing ')' before '{'
  (compiling source file 'MidiFileSelect.cpp')
  
C:\SFML-3.0.0\include\SFML\Graphics\Texture.hpp(304,119): error C2059: syntax error: ')'
  (compiling source file 'MidiFileSelect.cpp')
  
C:\SFML-3.0.0\include\SFML\Graphics\Font.hpp(103,30): error C2039: 'filesystem': is not a member of 'std'
  (compiling source file 'MidiFileSelect.cpp')
      C:\Program Files\Microsoft Visual Studio\2022\Community\VC\Tools\MSVC\14.44.35207\include\unordered_map(23,1):
      see declaration of 'std'
  
C:\SFML-3.0.0\include\SFML\Graphics\Font.hpp(103,30): error C3083: 'filesystem': the symbol to the left of a '::' must be a type
  (compiling source file 'MidiFileSelect.cpp')
  
C:\SFML-3.0.0\include\SFML\Graphics\Font.hpp(103,42): error C2039: 'path': is not a member of 'std'
  (compiling source file 'MidiFileSelect.cpp')
      C:\Program Files\Microsoft Visual Studio\2022\Community\VC\Tools\MSVC\14.44.35207\include\unordered_map(23,1):
      see declaration of 'std'
  
C:\SFML-3.0.0\include\SFML\Graphics\Font.hpp(103,19): error C4430: missing type specifier - int assumed. Note: C++ does not support default-int
  (compiling source file 'MidiFileSelect.cpp')
  
C:\SFML-3.0.0\include\SFML\Graphics\Font.hpp(103,46): error C2143: syntax error: missing ',' before '&'
  (compiling source file 'MidiFileSelect.cpp')
  
C:\SFML-3.0.0\include\SFML\Graphics\Font.hpp(168,48): error C2039: 'filesystem': is not a member of 'std'
  (compiling source file 'MidiFileSelect.cpp')
      C:\Program Files\Microsoft Visual Studio\2022\Community\VC\Tools\MSVC\14.44.35207\include\unordered_map(23,1):
      see declaration of 'std'
  
C:\SFML-3.0.0\include\SFML\Graphics\Font.hpp(168,48): error C3083: 'filesystem': the symbol to the left of a '::' must be a type
  (compiling source file 'MidiFileSelect.cpp')
  
C:\SFML-3.0.0\include\SFML\Graphics\Font.hpp(168,60): error C2039: 'path': is not a member of 'std'
  (compiling source file 'MidiFileSelect.cpp')
      C:\Program Files\Microsoft Visual Studio\2022\Community\VC\Tools\MSVC\14.44.35207\include\unordered_map(23,1):
      see declaration of 'std'
  
C:\SFML-3.0.0\include\SFML\Graphics\Font.hpp(168,37): error C4430: missing type specifier - int assumed. Note: C++ does not support default-int
  (compiling source file 'MidiFileSelect.cpp')
  
C:\SFML-3.0.0\include\SFML\Graphics\Font.hpp(168,64): error C2143: syntax error: missing ',' before '&'
  (compiling source file 'MidiFileSelect.cpp')
  
C:\Program Files\Microsoft Visual Studio\2022\Community\VC\Tools\MSVC\14.44.35207\include\string_view(12): warning STL4038: The contents of <string_view> are available only with C++17 or later.
C:\SFML-3.0.0\include\SFML\Graphics\Image.hpp(103,31): error C2039: 'filesystem': is not a member of 'std'
  (compiling source file 'MidiFileSelect.cpp')
      C:\Program Files\Microsoft Visual Studio\2022\Community\VC\Tools\MSVC\14.44.35207\include\unordered_map(23,1):
      see declaration of 'std'
  
C:\SFML-3.0.0\include\SFML\Graphics\Image.hpp(103,31): error C3083: 'filesystem': the symbol to the left of a '::' must be a type
  (compiling source file 'MidiFileSelect.cpp')
  
C:\SFML-3.0.0\include\SFML\Graphics\Image.hpp(103,43): error C2039: 'path': is not a member of 'std'
  (compiling source file 'MidiFileSelect.cpp')
      C:\Program Files\Microsoft Visual Studio\2022\Community\VC\Tools\MSVC\14.44.35207\include\unordered_map(23,1):
      see declaration of 'std'
  
C:\SFML-3.0.0\include\SFML\Graphics\Image.hpp(103,20): error C4430: missing type specifier - int assumed. Note: C++ does not support default-int
  (compiling source file 'MidiFileSelect.cpp')
  
C:\SFML-3.0.0\include\SFML\Graphics\Image.hpp(103,47): error C2143: syntax error: missing ',' before '&'
  (compiling source file 'MidiFileSelect.cpp')
  
C:\SFML-3.0.0\include\SFML\Graphics\Image.hpp(175,48): error C2039: 'filesystem': is not a member of 'std'
  (compiling source file 'MidiFileSelect.cpp')
      C:\Program Files\Microsoft Visual Studio\2022\Community\VC\Tools\MSVC\14.44.35207\include\unordered_map(23,1):
      see declaration of 'std'
  
C:\SFML-3.0.0\include\SFML\Graphics\Image.hpp(175,48): error C3083: 'filesystem': the symbol to the left of a '::' must be a type
  (compiling source file 'MidiFileSelect.cpp')
  
C:\SFML-3.0.0\include\SFML\Graphics\Image.hpp(175,60): error C2039: 'path': is not a member of 'std'
  (compiling source file 'MidiFileSelect.cpp')
      C:\Program Files\Microsoft Visual Studio\2022\Community\VC\Tools\MSVC\14.44.35207\include\unordered_map(23,1):
      see declaration of 'std'
  
C:\SFML-3.0.0\include\SFML\Graphics\Image.hpp(175,37): error C4430: missing type specifier - int assumed. Note: C++ does not support default-int
  (compiling source file 'MidiFileSelect.cpp')
  
C:\SFML-3.0.0\include\SFML\Graphics\Image.hpp(175,64): error C2143: syntax error: missing ',' before '&'
  (compiling source file 'MidiFileSelect.cpp')
  
C:\SFML-3.0.0\include\SFML\Graphics\Image.hpp(227,46): error C2039: 'filesystem': is not a member of 'std'
  (compiling source file 'MidiFileSelect.cpp')
      C:\Program Files\Microsoft Visual Studio\2022\Community\VC\Tools\MSVC\14.44.35207\include\unordered_map(23,1):
      see declaration of 'std'
  
C:\SFML-3.0.0\include\SFML\Graphics\Image.hpp(227,46): error C3083: 'filesystem': the symbol to the left of a '::' must be a type
  (compiling source file 'MidiFileSelect.cpp')
  
C:\SFML-3.0.0\include\SFML\Graphics\Image.hpp(227,58): error C2039: 'path': is not a member of 'std'
  (compiling source file 'MidiFileSelect.cpp')
      C:\Program Files\Microsoft Visual Studio\2022\Community\VC\Tools\MSVC\14.44.35207\include\unordered_map(23,1):
      see declaration of 'std'
  
C:\SFML-3.0.0\include\SFML\Graphics\Image.hpp(227,58): error C1003: error count exceeds 100; stopping compilation
  (compiling source file 'MidiFileSelect.cpp')
  
  MIDIParse.cpp
C:\Users\jakef\Desktop\College\Project\4th_year_final_project\BeatBreaker\MIDIParse.cpp(235,14): error C2664: 'std::basic_istream<char,std::char_traits<char>> &std::basic_istream<char,std::char_traits<char>>::read(_Elem *,std::streamsize)': cannot convert argument 1 from 'const _Elem *' to '_Elem *'
C:\Users\jakef\Desktop\College\Project\4th_year_final_project\BeatBreaker\MIDIParse.cpp(235,14): error C2664:         with
C:\Users\jakef\Desktop\College\Project\4th_year_final_project\BeatBreaker\MIDIParse.cpp(235,14): error C2664:         [
C:\Users\jakef\Desktop\College\Project\4th_year_final_project\BeatBreaker\MIDIParse.cpp(235,14): error C2664:             _Elem=char
C:\Users\jakef\Desktop\College\Project\4th_year_final_project\BeatBreaker\MIDIParse.cpp(235,14): error C2664:         ]
      C:\Users\jakef\Desktop\College\Project\4th_year_final_project\BeatBreaker\MIDIParse.cpp(235,38):
      Conversion loses qualifiers
      C:\Program Files\Microsoft Visual Studio\2022\Community\VC\Tools\MSVC\14.44.35207\include\istream(531,39):
      see declaration of 'std::basic_istream<char,std::char_traits<char>>::read'
      C:\Users\jakef\Desktop\College\Project\4th_year_final_project\BeatBreaker\MIDIParse.cpp(235,14):
      while trying to match the argument list '(const _Elem *, uint32_t)'
          with
          [
              _Elem=char
          ]
  
C:\Users\jakef\Desktop\College\Project\4th_year_final_project\BeatBreaker\MIDIParse.cpp(235,6): error C2088: built-in operator '!' cannot be applied to an operand of type 'std::basic_istream<char,std::char_traits<char>>'
  MidiWrite.cpp
C:\Users\jakef\Desktop\College\Project\4th_year_final_project\BeatBreaker\MidiWrite.cpp(150,17): warning C4244: '=': conversion from 'uint16_t' to 'uint8_t', possible loss of data
C:\Users\jakef\Desktop\College\Project\4th_year_final_project\BeatBreaker\MidiWrite.cpp(167,35): warning C4244: 'initializing': conversion from 'double' to 'uint32_t', possible loss of data
  Options.cpp
C:\SFML-3.0.0\include\SFML\Graphics\Color.inl(75,17): error C3615: constexpr function 'sf::operator +' cannot result in a constant expression
  (compiling source file 'Options.cpp')
      C:\SFML-3.0.0\include\SFML\Graphics\Color.inl(77,16):
      failure was because type 'const sf::+::<lambda_16287c72c63b32e0a9fa1270f38e4b81>' is not a literal type
      C:\SFML-3.0.0\include\SFML\Graphics\Color.inl(81,5):
      type 'sf::+::<lambda_16287c72c63b32e0a9fa1270f38e4b81>' is not a literal type because it is not an aggregate type, a closure type, or does not have a constexpr constructor that is not a copy or move constructor
  
C:\SFML-3.0.0\include\SFML\Graphics\Color.inl(91,17): error C3615: constexpr function 'sf::operator -' cannot result in a constant expression
  (compiling source file 'Options.cpp')
      C:\SFML-3.0.0\include\SFML\Graphics\Color.inl(93,16):
      failure was because type 'const sf::-::<lambda_306030dfce25397b9816ce24c68c04f0>' is not a literal type
      C:\SFML-3.0.0\include\SFML\Graphics\Color.inl(97,5):
      type 'sf::-::<lambda_306030dfce25397b9816ce24c68c04f0>' is not a literal type because it is not an aggregate type, a closure type, or does not have a constexpr constructor that is not a copy or move constructor
  
C:\SFML-3.0.0\include\SFML\Graphics\Color.inl(107,17): error C3615: constexpr function 'sf::operator *' cannot result in a constant expression
  (compiling source file 'Options.cpp')
      C:\SFML-3.0.0\include\SFML\Graphics\Color.inl(109,16):
      failure was because type 'const sf::*::<lambda_1570e60a8275d4bb357b66a7fbaafc0b>' is not a literal type
      C:\SFML-3.0.0\include\SFML\Graphics\Color.inl(113,5):
      type 'sf::*::<lambda_1570e60a8275d4bb357b66a7fbaafc0b>' is not a literal type because it is not an aggregate type, a closure type, or does not have a constexpr constructor that is not a copy or move constructor
  
C:\SFML-3.0.0\include\SFML\Graphics\Color.inl(146,31): error C7525: inline variables require at least '/std:c++17'
  (compiling source file 'Options.cpp')
  
C:\SFML-3.0.0\include\SFML\Graphics\Color.inl(147,31): error C7525: inline variables require at least '/std:c++17'
  (compiling source file 'Options.cpp')
  
C:\SFML-3.0.0\include\SFML\Graphics\Color.inl(148,31): error C7525: inline variables require at least '/std:c++17'
  (compiling source file 'Options.cpp')
  
C:\SFML-3.0.0\include\SFML\Graphics\Color.inl(149,31): error C7525: inline variables require at least '/std:c++17'
  (compiling source file 'Options.cpp')
  
C:\SFML-3.0.0\include\SFML\Graphics\Color.inl(150,31): error C7525: inline variables require at least '/std:c++17'
  (compiling source file 'Options.cpp')
  
C:\SFML-3.0.0\include\SFML\Graphics\Color.inl(151,31): error C7525: inline variables require at least '/std:c++17'
  (compiling source file 'Options.cpp')
  
C:\SFML-3.0.0\include\SFML\Graphics\Color.inl(152,31): error C7525: inline variables require at least '/std:c++17'
  (compiling source file 'Options.cpp')
  
C:\SFML-3.0.0\include\SFML\Graphics\Color.inl(153,31): error C7525: inline variables require at least '/std:c++17'
  (compiling source file 'Options.cpp')
  
C:\SFML-3.0.0\include\SFML\Graphics\Color.inl(154,31): error C7525: inline variables require at least '/std:c++17'
  (compiling source file 'Options.cpp')
  
C:\SFML-3.0.0\include\SFML\System\Angle.inl(272,31): error C7525: inline variables require at least '/std:c++17'
  (compiling source file 'Options.cpp')
  
C:\Program Files\Microsoft Visual Studio\2022\Community\VC\Tools\MSVC\14.44.35207\include\optional(11): warning STL4038: The contents of <optional> are available only with C++17 or later.
C:\SFML-3.0.0\include\SFML\Graphics\Rect.hpp(98,42): error C2143: syntax error: missing ';' before '<'
  (compiling source file 'Options.cpp')
      C:\SFML-3.0.0\include\SFML\Graphics\Rect.hpp(98,42):
      the template instantiation context (the oldest one first) is
          C:\SFML-3.0.0\include\SFML\Graphics\Rect.hpp(42,7):
          while compiling class template 'sf::Rect'
  
C:\SFML-3.0.0\include\SFML\Graphics\Rect.hpp(98,34): error C4430: missing type specifier - int assumed. Note: C++ does not support default-int
  (compiling source file 'Options.cpp')
  
C:\SFML-3.0.0\include\SFML\Graphics\Rect.hpp(98,34): error C2178: 'sf::Rect<T>::optional' cannot be declared with 'constexpr' specifier
  (compiling source file 'Options.cpp')
  
C:\SFML-3.0.0\include\SFML\Graphics\Rect.hpp(98,5): warning C4869: 'nodiscard' may only be applied to classes, enumerations, and functions
  (compiling source file 'Options.cpp')
  
C:\SFML-3.0.0\include\SFML\Graphics\Rect.hpp(98,100): error C2238: unexpected token(s) preceding ';'
  (compiling source file 'Options.cpp')
  
C:\SFML-3.0.0\include\SFML\Graphics\Rect.inl(71,16): error C2039: 'optional': is not a member of 'std'
  (compiling source file 'Options.cpp')
      C:\Program Files\Microsoft Visual Studio\2022\Community\VC\Tools\MSVC\14.44.35207\include\yvals.h(361,1):
      see declaration of 'std'
  
C:\SFML-3.0.0\include\SFML\Graphics\Rect.inl(71,24): error C2988: unrecognizable template declaration/definition
  (compiling source file 'Options.cpp')
  
C:\SFML-3.0.0\include\SFML\Graphics\Rect.inl(71,24): error C2143: syntax error: missing ';' before '<'
  (compiling source file 'Options.cpp')
  
C:\SFML-3.0.0\include\SFML\Graphics\Rect.inl(71,16): error C4430: missing type specifier - int assumed. Note: C++ does not support default-int
  (compiling source file 'Options.cpp')
  
C:\SFML-3.0.0\include\SFML\Graphics\Rect.inl(71,24): error C2059: syntax error: '<'
  (compiling source file 'Options.cpp')
  
C:\SFML-3.0.0\include\SFML\Graphics\Rect.inl(71,30): error C2065: 'T': undeclared identifier
  (compiling source file 'Options.cpp')
  
C:\SFML-3.0.0\include\SFML\Graphics\Rect.inl(71,25): error C2923: 'sf::Rect': 'T' is not a valid template type argument for parameter 'T'
  (compiling source file 'Options.cpp')
      C:\SFML-3.0.0\include\SFML\Graphics\Rect.inl(71,30):
      see declaration of 'T'
  
C:\SFML-3.0.0\include\SFML\Graphics\Rect.inl(71,39): error C2065: 'T': undeclared identifier
  (compiling source file 'Options.cpp')
  
C:\SFML-3.0.0\include\SFML\Graphics\Rect.inl(71,34): error C2923: 'sf::Rect': 'T' is not a valid template type argument for parameter 'T'
  (compiling source file 'Options.cpp')
      C:\SFML-3.0.0\include\SFML\Graphics\Rect.inl(71,39):
      see declaration of 'T'
  
C:\SFML-3.0.0\include\SFML\Graphics\Rect.inl(71,71): error C2065: 'T': undeclared identifier
  (compiling source file 'Options.cpp')
  
C:\SFML-3.0.0\include\SFML\Graphics\Rect.inl(71,66): error C2923: 'sf::Rect': 'T' is not a valid template type argument for parameter 'T'
  (compiling source file 'Options.cpp')
      C:\SFML-3.0.0\include\SFML\Graphics\Rect.inl(71,71):
      see declaration of 'T'
  
C:\SFML-3.0.0\include\SFML\Graphics\Rect.inl(72,1): error C2143: syntax error: missing ';' before '{'
  (compiling source file 'Options.cpp')
  
C:\SFML-3.0.0\include\SFML\Graphics\Rect.inl(72,1): error C2447: '{': missing function header (old-style formal list?)
  (compiling source file 'Options.cpp')
  
C:\SFML-3.0.0\include\SFML\Graphics\Transform.inl(52,35): error C3615: constexpr function 'sf::Transform::getMatrix' cannot result in a constant expression
  (compiling source file 'Options.cpp')
      C:\SFML-3.0.0\include\SFML\Graphics\Transform.inl(54,25):
      failure was caused by call of undefined function or one not declared 'constexpr'
      C:\SFML-3.0.0\include\SFML\Graphics\Transform.inl(54,25):
      see usage of 'std::array<float,16>::data'
  
C:\SFML-3.0.0\include\SFML\Graphics\Rect.hpp(98,34): error C2039: 'optional': is not a member of 'std'
  (compiling source file 'Options.cpp')
      C:\Program Files\Microsoft Visual Studio\2022\Community\VC\Tools\MSVC\14.44.35207\include\array(19,1):
      see declaration of 'std'
      C:\SFML-3.0.0\include\SFML\Graphics\Rect.hpp(98,34):
      the template instantiation context (the oldest one first) is
          C:\SFML-3.0.0\include\SFML\Graphics\Transform.inl(98,32):
          see reference to class template instantiation 'sf::Rect<float>' being compiled
  
C:\SFML-3.0.0\include\SFML\Graphics\Rect.hpp(98,34): error C2178: 'sf::Rect<float>::optional' cannot be declared with 'constexpr' specifier
  (compiling source file 'Options.cpp')
  
C:\SFML-3.0.0\include\SFML\Graphics\Transform.inl(101,31): error C2514: 'std::array': class template cannot be constructed
  (compiling source file 'Options.cpp')
      C:\Program Files\Microsoft Visual Studio\2022\Community\VC\Tools\MSVC\14.44.35207\include\array(402,7):
      see declaration of 'std::array'
  
C:\SFML-3.0.0\include\SFML\Graphics\Transform.inl(107,21): error C2678: binary '[': no operator found which takes a left-hand operand of type 'const std::array' (or there is no acceptable conversion)
  (compiling source file 'Options.cpp')
      C:\Program Files\Microsoft Visual Studio\2022\Community\VC\Tools\MSVC\14.44.35207\include\array(537,42):
      could be 'const _Ty &std::array<_Ty,_Size>::operator [](std::array<_Ty,_Size>::size_type) noexcept const'
          C:\SFML-3.0.0\include\SFML\Graphics\Transform.inl(107,21):
          'const _Ty &std::array<_Ty,_Size>::operator [](std::array<_Ty,_Size>::size_type) noexcept const': cannot convert 'this' pointer from 'const std::array' to 'const std::array<_Ty,_Size> &'
              C:\SFML-3.0.0\include\SFML\Graphics\Transform.inl(107,21):
              Reason: cannot convert from 'const std::array' to 'const std::array<_Ty,_Size>'
              C:\SFML-3.0.0\include\SFML\Graphics\Transform.inl(107,21):
              Conversion requires a second user-defined-conversion operator or constructor
      C:\Program Files\Microsoft Visual Studio\2022\Community\VC\Tools\MSVC\14.44.35207\include\array(529,39):
      or       '_Ty &std::array<_Ty,_Size>::operator [](std::array<_Ty,_Size>::size_type) noexcept'
          C:\SFML-3.0.0\include\SFML\Graphics\Transform.inl(107,21):
          '_Ty &std::array<_Ty,_Size>::operator [](std::array<_Ty,_Size>::size_type) noexcept': cannot convert 'this' pointer from 'const std::array' to 'std::array<_Ty,_Size> &'
              C:\SFML-3.0.0\include\SFML\Graphics\Transform.inl(107,21):
              Reason: cannot convert from 'const std::array' to 'std::array<_Ty,_Size>'
              C:\SFML-3.0.0\include\SFML\Graphics\Transform.inl(107,21):
              Conversion requires a second user-defined-conversion operator or constructor
      C:\SFML-3.0.0\include\SFML\Graphics\Transform.inl(107,21):
      while trying to match the argument list '(const std::array, int)'
  
C:\SFML-3.0.0\include\SFML\Graphics\Transform.inl(108,21): error C2678: binary '[': no operator found which takes a left-hand operand of type 'const std::array' (or there is no acceptable conversion)
  (compiling source file 'Options.cpp')
      C:\Program Files\Microsoft Visual Studio\2022\Community\VC\Tools\MSVC\14.44.35207\include\array(537,42):
      could be 'const _Ty &std::array<_Ty,_Size>::operator [](std::array<_Ty,_Size>::size_type) noexcept const'
          C:\SFML-3.0.0\include\SFML\Graphics\Transform.inl(108,21):
          'const _Ty &std::array<_Ty,_Size>::operator [](std::array<_Ty,_Size>::size_type) noexcept const': cannot convert 'this' pointer from 'const std::array' to 'const std::array<_Ty,_Size> &'
              C:\SFML-3.0.0\include\SFML\Graphics\Transform.inl(108,21):
              Reason: cannot convert from 'const std::array' to 'const std::array<_Ty,_Size>'
              C:\SFML-3.0.0\include\SFML\Graphics\Transform.inl(108,21):
              Conversion requires a second user-defined-conversion operator or constructor
      C:\Program Files\Microsoft Visual Studio\2022\Community\VC\Tools\MSVC\14.44.35207\include\array(529,39):
      or       '_Ty &std::array<_Ty,_Size>::operator [](std::array<_Ty,_Size>::size_type) noexcept'
          C:\SFML-3.0.0\include\SFML\Graphics\Transform.inl(108,21):
          '_Ty &std::array<_Ty,_Size>::operator [](std::array<_Ty,_Size>::size_type) noexcept': cannot convert 'this' pointer from 'const std::array' to 'std::array<_Ty,_Size> &'
              C:\SFML-3.0.0\include\SFML\Graphics\Transform.inl(108,21):
              Reason: cannot convert from 'const std::array' to 'std::array<_Ty,_Size>'
              C:\SFML-3.0.0\include\SFML\Graphics\Transform.inl(108,21):
              Conversion requires a second user-defined-conversion operator or constructor
      C:\SFML-3.0.0\include\SFML\Graphics\Transform.inl(108,21):
      while trying to match the argument list '(const std::array, int)'
  
C:\SFML-3.0.0\include\SFML\Graphics\Transform.inl(110,40): error C2662: 'std::array<_Ty,_Size>::size_type std::array<_Ty,_Size>::size(void) noexcept const': cannot convert 'this' pointer from 'const std::array' to 'const std::array<_Ty,_Size> &'
  (compiling source file 'Options.cpp')
      C:\SFML-3.0.0\include\SFML\Graphics\Transform.inl(110,33):
      Reason: cannot convert from 'const std::array' to 'const std::array<_Ty,_Size>'
      C:\SFML-3.0.0\include\SFML\Graphics\Transform.inl(110,33):
      Conversion requires a second user-defined-conversion operator or constructor
      C:\Program Files\Microsoft Visual Studio\2022\Community\VC\Tools\MSVC\14.44.35207\include\array(501,59):
      see declaration of 'std::array<_Ty,_Size>::size'
      C:\SFML-3.0.0\include\SFML\Graphics\Transform.inl(110,40):
      while trying to match the argument list '()'
  
C:\SFML-3.0.0\include\SFML\Graphics\Transform.inl(113,18): error C2678: binary '[': no operator found which takes a left-hand operand of type 'const std::array' (or there is no acceptable conversion)
  (compiling source file 'Options.cpp')
      C:\Program Files\Microsoft Visual Studio\2022\Community\VC\Tools\MSVC\14.44.35207\include\array(537,42):
      could be 'const _Ty &std::array<_Ty,_Size>::operator [](std::array<_Ty,_Size>::size_type) noexcept const'
          C:\SFML-3.0.0\include\SFML\Graphics\Transform.inl(113,18):
          'const _Ty &std::array<_Ty,_Size>::operator [](std::array<_Ty,_Size>::size_type) noexcept const': cannot convert 'this' pointer from 'const std::array' to 'const std::array<_Ty,_Size> &'
              C:\SFML-3.0.0\include\SFML\Graphics\Transform.inl(113,18):
              Reason: cannot convert from 'const std::array' to 'const std::array<_Ty,_Size>'
              C:\SFML-3.0.0\include\SFML\Graphics\Transform.inl(113,18):
              Conversion requires a second user-defined-conversion operator or constructor
      C:\Program Files\Microsoft Visual Studio\2022\Community\VC\Tools\MSVC\14.44.35207\include\array(529,39):
      or       '_Ty &std::array<_Ty,_Size>::operator [](std::array<_Ty,_Size>::size_type) noexcept'
          C:\SFML-3.0.0\include\SFML\Graphics\Transform.inl(113,18):
          '_Ty &std::array<_Ty,_Size>::operator [](std::array<_Ty,_Size>::size_type) noexcept': cannot convert 'this' pointer from 'const std::array' to 'std::array<_Ty,_Size> &'
              C:\SFML-3.0.0\include\SFML\Graphics\Transform.inl(113,18):
              Reason: cannot convert from 'const std::array' to 'std::array<_Ty,_Size>'
              C:\SFML-3.0.0\include\SFML\Graphics\Transform.inl(113,18):
              Conversion requires a second user-defined-conversion operator or constructor
      C:\SFML-3.0.0\include\SFML\Graphics\Transform.inl(113,18):
      while trying to match the argument list '(const std::array, size_t)'
  
C:\SFML-3.0.0\include\SFML\Graphics\Transform.inl(113,49): error C2678: binary '[': no operator found which takes a left-hand operand of type 'const std::array' (or there is no acceptable conversion)
  (compiling source file 'Options.cpp')
      C:\Program Files\Microsoft Visual Studio\2022\Community\VC\Tools\MSVC\14.44.35207\include\array(537,42):
      could be 'const _Ty &std::array<_Ty,_Size>::operator [](std::array<_Ty,_Size>::size_type) noexcept const'
          C:\SFML-3.0.0\include\SFML\Graphics\Transform.inl(113,49):
          'const _Ty &std::array<_Ty,_Size>::operator [](std::array<_Ty,_Size>::size_type) noexcept const': cannot convert 'this' pointer from 'const std::array' to 'const std::array<_Ty,_Size> &'
              C:\SFML-3.0.0\include\SFML\Graphics\Transform.inl(113,49):
              Reason: cannot convert from 'const std::array' to 'const std::array<_Ty,_Size>'
              C:\SFML-3.0.0\include\SFML\Graphics\Transform.inl(113,49):
              Conversion requires a second user-defined-conversion operator or constructor
      C:\Program Files\Microsoft Visual Studio\2022\Community\VC\Tools\MSVC\14.44.35207\include\array(529,39):
      or       '_Ty &std::array<_Ty,_Size>::operator [](std::array<_Ty,_Size>::size_type) noexcept'
          C:\SFML-3.0.0\include\SFML\Graphics\Transform.inl(113,49):
          '_Ty &std::array<_Ty,_Size>::operator [](std::array<_Ty,_Size>::size_type) noexcept': cannot convert 'this' pointer from 'const std::array' to 'std::array<_Ty,_Size> &'
              C:\SFML-3.0.0\include\SFML\Graphics\Transform.inl(113,49):
              Reason: cannot convert from 'const std::array' to 'std::array<_Ty,_Size>'
              C:\SFML-3.0.0\include\SFML\Graphics\Transform.inl(113,49):
              Conversion requires a second user-defined-conversion operator or constructor
      C:\SFML-3.0.0\include\SFML\Graphics\Transform.inl(113,49):
      while trying to match the argument list '(const std::array, size_t)'
  
C:\SFML-3.0.0\include\SFML\Graphics\Transform.inl(114,18): error C2678: binary '[': no operator found which takes a left-hand operand of type 'const std::array' (or there is no acceptable conversion)
  (compiling source file 'Options.cpp')
      C:\Program Files\Microsoft Visual Studio\2022\Community\VC\Tools\MSVC\14.44.35207\include\array(537,42):
      could be 'const _Ty &std::array<_Ty,_Size>::operator [](std::array<_Ty,_Size>::size_type) noexcept const'
          C:\SFML-3.0.0\include\SFML\Graphics\Transform.inl(114,18):
          'const _Ty &std::array<_Ty,_Size>::operator [](std::array<_Ty,_Size>::size_type) noexcept const': cannot convert 'this' pointer from 'const std::array' to 'const std::array<_Ty,_Size> &'
              C:\SFML-3.0.0\include\SFML\Graphics\Transform.inl(114,18):
              Reason: cannot convert from 'const std::array' to 'const std::array<_Ty,_Size>'
              C:\SFML-3.0.0\include\SFML\Graphics\Transform.inl(114,18):
              Conversion requires a second user-defined-conversion operator or constructor
      C:\Program Files\Microsoft Visual Studio\2022\Community\VC\Tools\MSVC\14.44.35207\include\array(529,39):
      or       '_Ty &std::array<_Ty,_Size>::operator [](std::array<_Ty,_Size>::size_type) noexcept'
          C:\SFML-3.0.0\include\SFML\Graphics\Transform.inl(114,18):
          '_Ty &std::array<_Ty,_Size>::operator [](std::array<_Ty,_Size>::size_type) noexcept': cannot convert 'this' pointer from 'const std::array' to 'std::array<_Ty,_Size> &'
              C:\SFML-3.0.0\include\SFML\Graphics\Transform.inl(114,18):
              Reason: cannot convert from 'const std::array' to 'std::array<_Ty,_Size>'
              C:\SFML-3.0.0\include\SFML\Graphics\Transform.inl(114,18):
              Conversion requires a second user-defined-conversion operator or constructor
      C:\SFML-3.0.0\include\SFML\Graphics\Transform.inl(114,18):
      while trying to match the argument list '(const std::array, size_t)'
  
C:\SFML-3.0.0\include\SFML\Graphics\Transform.inl(114,49): error C2678: binary '[': no operator found which takes a left-hand operand of type 'const std::array' (or there is no acceptable conversion)
  (compiling source file 'Options.cpp')
      C:\Program Files\Microsoft Visual Studio\2022\Community\VC\Tools\MSVC\14.44.35207\include\array(537,42):
      could be 'const _Ty &std::array<_Ty,_Size>::operator [](std::array<_Ty,_Size>::size_type) noexcept const'
          C:\SFML-3.0.0\include\SFML\Graphics\Transform.inl(114,49):
          'const _Ty &std::array<_Ty,_Size>::operator [](std::array<_Ty,_Size>::size_type) noexcept const': cannot convert 'this' pointer from 'const std::array' to 'const std::array<_Ty,_Size> &'
              C:\SFML-3.0.0\include\SFML\Graphics\Transform.inl(114,49):
              Reason: cannot convert from 'const std::array' to 'const std::array<_Ty,_Size>'
              C:\SFML-3.0.0\include\SFML\Graphics\Transform.inl(114,49):
              Conversion requires a second user-defined-conversion operator or constructor
      C:\Program Files\Microsoft Visual Studio\2022\Community\VC\Tools\MSVC\14.44.35207\include\array(529,39):
      or       '_Ty &std::array<_Ty,_Size>::operator [](std::array<_Ty,_Size>::size_type) noexcept'
          C:\SFML-3.0.0\include\SFML\Graphics\Transform.inl(114,49):
          '_Ty &std::array<_Ty,_Size>::operator [](std::array<_Ty,_Size>::size_type) noexcept': cannot convert 'this' pointer from 'const std::array' to 'std::array<_Ty,_Size> &'
              C:\SFML-3.0.0\include\SFML\Graphics\Transform.inl(114,49):
              Reason: cannot convert from 'const std::array' to 'std::array<_Ty,_Size>'
              C:\SFML-3.0.0\include\SFML\Graphics\Transform.inl(114,49):
              Conversion requires a second user-defined-conversion operator or constructor
      C:\SFML-3.0.0\include\SFML\Graphics\Transform.inl(114,49):
      while trying to match the argument list '(const std::array, size_t)'
  
C:\SFML-3.0.0\include\SFML\Graphics\Transform.inl(116,18): error C2678: binary '[': no operator found which takes a left-hand operand of type 'const std::array' (or there is no acceptable conversion)
  (compiling source file 'Options.cpp')
      C:\Program Files\Microsoft Visual Studio\2022\Community\VC\Tools\MSVC\14.44.35207\include\array(537,42):
      could be 'const _Ty &std::array<_Ty,_Size>::operator [](std::array<_Ty,_Size>::size_type) noexcept const'
          C:\SFML-3.0.0\include\SFML\Graphics\Transform.inl(116,18):
          'const _Ty &std::array<_Ty,_Size>::operator [](std::array<_Ty,_Size>::size_type) noexcept const': cannot convert 'this' pointer from 'const std::array' to 'const std::array<_Ty,_Size> &'
              C:\SFML-3.0.0\include\SFML\Graphics\Transform.inl(116,18):
              Reason: cannot convert from 'const std::array' to 'const std::array<_Ty,_Size>'
              C:\SFML-3.0.0\include\SFML\Graphics\Transform.inl(116,18):
              Conversion requires a second user-defined-conversion operator or constructor
      C:\Program Files\Microsoft Visual Studio\2022\Community\VC\Tools\MSVC\14.44.35207\include\array(529,39):
      or       '_Ty &std::array<_Ty,_Size>::operator [](std::array<_Ty,_Size>::size_type) noexcept'
          C:\SFML-3.0.0\include\SFML\Graphics\Transform.inl(116,18):
          '_Ty &std::array<_Ty,_Size>::operator [](std::array<_Ty,_Size>::size_type) noexcept': cannot convert 'this' pointer from 'const std::array' to 'std::array<_Ty,_Size> &'
              C:\SFML-3.0.0\include\SFML\Graphics\Transform.inl(116,18):
              Reason: cannot convert from 'const std::array' to 'std::array<_Ty,_Size>'
              C:\SFML-3.0.0\include\SFML\Graphics\Transform.inl(116,18):
              Conversion requires a second user-defined-conversion operator or constructor
      C:\SFML-3.0.0\include\SFML\Graphics\Transform.inl(116,18):
      while trying to match the argument list '(const std::array, size_t)'
  
C:\SFML-3.0.0\include\SFML\Graphics\Transform.inl(116,49): error C2678: binary '[': no operator found which takes a left-hand operand of type 'const std::array' (or there is no acceptable conversion)
  (compiling source file 'Options.cpp')
      C:\Program Files\Microsoft Visual Studio\2022\Community\VC\Tools\MSVC\14.44.35207\include\array(537,42):
      could be 'const _Ty &std::array<_Ty,_Size>::operator [](std::array<_Ty,_Size>::size_type) noexcept const'
          C:\SFML-3.0.0\include\SFML\Graphics\Transform.inl(116,49):
          'const _Ty &std::array<_Ty,_Size>::operator [](std::array<_Ty,_Size>::size_type) noexcept const': cannot convert 'this' pointer from 'const std::array' to 'const std::array<_Ty,_Size> &'
              C:\SFML-3.0.0\include\SFML\Graphics\Transform.inl(116,49):
              Reason: cannot convert from 'const std::array' to 'const std::array<_Ty,_Size>'
              C:\SFML-3.0.0\include\SFML\Graphics\Transform.inl(116,49):
              Conversion requires a second user-defined-conversion operator or constructor
      C:\Program Files\Microsoft Visual Studio\2022\Community\VC\Tools\MSVC\14.44.35207\include\array(529,39):
      or       '_Ty &std::array<_Ty,_Size>::operator [](std::array<_Ty,_Size>::size_type) noexcept'
          C:\SFML-3.0.0\include\SFML\Graphics\Transform.inl(116,49):
          '_Ty &std::array<_Ty,_Size>::operator [](std::array<_Ty,_Size>::size_type) noexcept': cannot convert 'this' pointer from 'const std::array' to 'std::array<_Ty,_Size> &'
              C:\SFML-3.0.0\include\SFML\Graphics\Transform.inl(116,49):
              Reason: cannot convert from 'const std::array' to 'std::array<_Ty,_Size>'
              C:\SFML-3.0.0\include\SFML\Graphics\Transform.inl(116,49):
              Conversion requires a second user-defined-conversion operator or constructor
      C:\SFML-3.0.0\include\SFML\Graphics\Transform.inl(116,49):
      while trying to match the argument list '(const std::array, size_t)'
  
C:\SFML-3.0.0\include\SFML\Graphics\Transform.inl(117,18): error C2678: binary '[': no operator found which takes a left-hand operand of type 'const std::array' (or there is no acceptable conversion)
  (compiling source file 'Options.cpp')
      C:\Program Files\Microsoft Visual Studio\2022\Community\VC\Tools\MSVC\14.44.35207\include\array(537,42):
      could be 'const _Ty &std::array<_Ty,_Size>::operator [](std::array<_Ty,_Size>::size_type) noexcept const'
          C:\SFML-3.0.0\include\SFML\Graphics\Transform.inl(117,18):
          'const _Ty &std::array<_Ty,_Size>::operator [](std::array<_Ty,_Size>::size_type) noexcept const': cannot convert 'this' pointer from 'const std::array' to 'const std::array<_Ty,_Size> &'
              C:\SFML-3.0.0\include\SFML\Graphics\Transform.inl(117,18):
              Reason: cannot convert from 'const std::array' to 'const std::array<_Ty,_Size>'
              C:\SFML-3.0.0\include\SFML\Graphics\Transform.inl(117,18):
              Conversion requires a second user-defined-conversion operator or constructor
      C:\Program Files\Microsoft Visual Studio\2022\Community\VC\Tools\MSVC\14.44.35207\include\array(529,39):
      or       '_Ty &std::array<_Ty,_Size>::operator [](std::array<_Ty,_Size>::size_type) noexcept'
          C:\SFML-3.0.0\include\SFML\Graphics\Transform.inl(117,18):
          '_Ty &std::array<_Ty,_Size>::operator [](std::array<_Ty,_Size>::size_type) noexcept': cannot convert 'this' pointer from 'const std::array' to 'std::array<_Ty,_Size> &'
              C:\SFML-3.0.0\include\SFML\Graphics\Transform.inl(117,18):
              Reason: cannot convert from 'const std::array' to 'std::array<_Ty,_Size>'
              C:\SFML-3.0.0\include\SFML\Graphics\Transform.inl(117,18):
              Conversion requires a second user-defined-conversion operator or constructor
      C:\SFML-3.0.0\include\SFML\Graphics\Transform.inl(117,18):
      while trying to match the argument list '(const std::array, size_t)'
  
C:\SFML-3.0.0\include\SFML\Graphics\Transform.inl(117,49): error C2678: binary '[': no operator found which takes a left-hand operand of type 'const std::array' (or there is no acceptable conversion)
  (compiling source file 'Options.cpp')
      C:\Program Files\Microsoft Visual Studio\2022\Community\VC\Tools\MSVC\14.44.35207\include\array(537,42):
      could be 'const _Ty &std::array<_Ty,_Size>::operator [](std::array<_Ty,_Size>::size_type) noexcept const'
          C:\SFML-3.0.0\include\SFML\Graphics\Transform.inl(117,49):
          'const _Ty &std::array<_Ty,_Size>::operator [](std::array<_Ty,_Size>::size_type) noexcept const': cannot convert 'this' pointer from 'const std::array' to 'const std::array<_Ty,_Size> &'
              C:\SFML-3.0.0\include\SFML\Graphics\Transform.inl(117,49):
              Reason: cannot convert from 'const std::array' to 'const std::array<_Ty,_Size>'
              C:\SFML-3.0.0\include\SFML\Graphics\Transform.inl(117,49):
              Conversion requires a second user-defined-conversion operator or constructor
      C:\Program Files\Microsoft Visual Studio\2022\Community\VC\Tools\MSVC\14.44.35207\include\array(529,39):
      or       '_Ty &std::array<_Ty,_Size>::operator [](std::array<_Ty,_Size>::size_type) noexcept'
          C:\SFML-3.0.0\include\SFML\Graphics\Transform.inl(117,49):
          '_Ty &std::array<_Ty,_Size>::operator [](std::array<_Ty,_Size>::size_type) noexcept': cannot convert 'this' pointer from 'const std::array' to 'std::array<_Ty,_Size> &'
              C:\SFML-3.0.0\include\SFML\Graphics\Transform.inl(117,49):
              Reason: cannot convert from 'const std::array' to 'std::array<_Ty,_Size>'
              C:\SFML-3.0.0\include\SFML\Graphics\Transform.inl(117,49):
              Conversion requires a second user-defined-conversion operator or constructor
      C:\SFML-3.0.0\include\SFML\Graphics\Transform.inl(117,49):
      while trying to match the argument list '(const std::array, size_t)'
  
C:\SFML-3.0.0\include\SFML\Graphics\Transform.inl(98,32): error C3615: constexpr function 'sf::Transform::transformRect' cannot result in a constant expression
  (compiling source file 'Options.cpp')
      C:\SFML-3.0.0\include\SFML\Graphics\Transform.inl(101,22):
      failure was because type 'const std::array' is not a literal type
      C:\Program Files\Microsoft Visual Studio\2022\Community\VC\Tools\MSVC\14.44.35207\include\array(402,7):
      type 'std::array' is not a literal type because it is not an aggregate type, a closure type, or does not have a constexpr constructor that is not a copy or move constructor
      C:\SFML-3.0.0\include\SFML\Graphics\Transform.inl(110,39):
      failure was caused by call of undefined function or one not declared 'constexpr'
      C:\SFML-3.0.0\include\SFML\Graphics\Transform.inl(110,39):
      see usage of '<declval>'
      C:\SFML-3.0.0\include\SFML\Graphics\Transform.inl(98,32):
      failure was caused by control reaching the end of a constexpr function
  
C:\SFML-3.0.0\include\SFML\Graphics\Transform.inl(234,39): error C7525: inline variables require at least '/std:c++17'
  (compiling source file 'Options.cpp')
  
C:\SFML-3.0.0\include\SFML\Graphics\Rect.hpp(98,34): error C2178: 'sf::Rect<int>::optional' cannot be declared with 'constexpr' specifier
  (compiling source file 'Options.cpp')
  
C:\Program Files\Microsoft Visual Studio\2022\Community\VC\Tools\MSVC\14.44.35207\include\filesystem(12): warning STL4038: The contents of <filesystem> are available only with C++17 or later.
C:\SFML-3.0.0\include\SFML\Graphics\Texture.hpp(114,33): error C2039: 'filesystem': is not a member of 'std'
  (compiling source file 'Options.cpp')
      C:\Program Files\Microsoft Visual Studio\2022\Community\VC\Tools\MSVC\14.44.35207\include\memory(31,1):
      see declaration of 'std'
  
C:\SFML-3.0.0\include\SFML\Graphics\Texture.hpp(114,33): error C3083: 'filesystem': the symbol to the left of a '::' must be a type
  (compiling source file 'Options.cpp')
  
C:\SFML-3.0.0\include\SFML\Graphics\Texture.hpp(114,45): error C2039: 'path': is not a member of 'std'
  (compiling source file 'Options.cpp')
      C:\Program Files\Microsoft Visual Studio\2022\Community\VC\Tools\MSVC\14.44.35207\include\memory(31,1):
      see declaration of 'std'
  
C:\SFML-3.0.0\include\SFML\Graphics\Texture.hpp(114,22): error C4430: missing type specifier - int assumed. Note: C++ does not support default-int
  (compiling source file 'Options.cpp')
  
C:\SFML-3.0.0\include\SFML\Graphics\Texture.hpp(114,49): error C2143: syntax error: missing ',' before '&'
  (compiling source file 'Options.cpp')
  
C:\SFML-3.0.0\include\SFML\Graphics\Texture.hpp(137,24): error C2039: 'filesystem': is not a member of 'std'
  (compiling source file 'Options.cpp')
      C:\Program Files\Microsoft Visual Studio\2022\Community\VC\Tools\MSVC\14.44.35207\include\memory(31,1):
      see declaration of 'std'
  
C:\SFML-3.0.0\include\SFML\Graphics\Texture.hpp(137,24): error C3083: 'filesystem': the symbol to the left of a '::' must be a type
  (compiling source file 'Options.cpp')
  
C:\SFML-3.0.0\include\SFML\Graphics\Texture.hpp(137,36): error C2039: 'path': is not a member of 'std'
  (compiling source file 'Options.cpp')
      C:\Program Files\Microsoft Visual Studio\2022\Community\VC\Tools\MSVC\14.44.35207\include\memory(31,1):
      see declaration of 'std'
  
C:\SFML-3.0.0\include\SFML\Graphics\Texture.hpp(137,13): error C4430: missing type specifier - int assumed. Note: C++ does not support default-int
  (compiling source file 'Options.cpp')
  
C:\SFML-3.0.0\include\SFML\Graphics\Texture.hpp(137,40): error C2143: syntax error: missing ',' before '&'
  (compiling source file 'Options.cpp')
  
C:\SFML-3.0.0\include\SFML\Graphics\Texture.hpp(137,5): error C2535: 'sf::Texture::Texture(const int)': member function already defined or declared
  (compiling source file 'Options.cpp')
      C:\SFML-3.0.0\include\SFML\Graphics\Texture.hpp(114,5):
      see declaration of 'sf::Texture::Texture'
  
C:\SFML-3.0.0\include\SFML\Graphics\Texture.hpp(304,48): error C2039: 'filesystem': is not a member of 'std'
  (compiling source file 'Options.cpp')
      C:\Program Files\Microsoft Visual Studio\2022\Community\VC\Tools\MSVC\14.44.35207\include\memory(31,1):
      see declaration of 'std'
  
C:\SFML-3.0.0\include\SFML\Graphics\Texture.hpp(304,48): error C3083: 'filesystem': the symbol to the left of a '::' must be a type
  (compiling source file 'Options.cpp')
  
C:\SFML-3.0.0\include\SFML\Graphics\Texture.hpp(304,60): error C2039: 'path': is not a member of 'std'
  (compiling source file 'Options.cpp')
      C:\Program Files\Microsoft Visual Studio\2022\Community\VC\Tools\MSVC\14.44.35207\include\memory(31,1):
      see declaration of 'std'
  
C:\SFML-3.0.0\include\SFML\Graphics\Texture.hpp(304,37): error C4430: missing type specifier - int assumed. Note: C++ does not support default-int
  (compiling source file 'Options.cpp')
  
C:\SFML-3.0.0\include\SFML\Graphics\Texture.hpp(304,64): error C2143: syntax error: missing ',' before '&'
  (compiling source file 'Options.cpp')
  
C:\SFML-3.0.0\include\SFML\Graphics\Texture.hpp(304,117): error C2143: syntax error: missing ')' before '{'
  (compiling source file 'Options.cpp')
  
C:\SFML-3.0.0\include\SFML\Graphics\Texture.hpp(304,119): error C2059: syntax error: ')'
  (compiling source file 'Options.cpp')
  
C:\SFML-3.0.0\include\SFML\Graphics\Font.hpp(103,30): error C2039: 'filesystem': is not a member of 'std'
  (compiling source file 'Options.cpp')
      C:\Program Files\Microsoft Visual Studio\2022\Community\VC\Tools\MSVC\14.44.35207\include\unordered_map(23,1):
      see declaration of 'std'
  
C:\SFML-3.0.0\include\SFML\Graphics\Font.hpp(103,30): error C3083: 'filesystem': the symbol to the left of a '::' must be a type
  (compiling source file 'Options.cpp')
  
C:\SFML-3.0.0\include\SFML\Graphics\Font.hpp(103,42): error C2039: 'path': is not a member of 'std'
  (compiling source file 'Options.cpp')
      C:\Program Files\Microsoft Visual Studio\2022\Community\VC\Tools\MSVC\14.44.35207\include\unordered_map(23,1):
      see declaration of 'std'
  
C:\SFML-3.0.0\include\SFML\Graphics\Font.hpp(103,19): error C4430: missing type specifier - int assumed. Note: C++ does not support default-int
  (compiling source file 'Options.cpp')
  
C:\SFML-3.0.0\include\SFML\Graphics\Font.hpp(103,46): error C2143: syntax error: missing ',' before '&'
  (compiling source file 'Options.cpp')
  
C:\SFML-3.0.0\include\SFML\Graphics\Font.hpp(168,48): error C2039: 'filesystem': is not a member of 'std'
  (compiling source file 'Options.cpp')
      C:\Program Files\Microsoft Visual Studio\2022\Community\VC\Tools\MSVC\14.44.35207\include\unordered_map(23,1):
      see declaration of 'std'
  
C:\SFML-3.0.0\include\SFML\Graphics\Font.hpp(168,48): error C3083: 'filesystem': the symbol to the left of a '::' must be a type
  (compiling source file 'Options.cpp')
  
C:\SFML-3.0.0\include\SFML\Graphics\Font.hpp(168,60): error C2039: 'path': is not a member of 'std'
  (compiling source file 'Options.cpp')
      C:\Program Files\Microsoft Visual Studio\2022\Community\VC\Tools\MSVC\14.44.35207\include\unordered_map(23,1):
      see declaration of 'std'
  
C:\SFML-3.0.0\include\SFML\Graphics\Font.hpp(168,37): error C4430: missing type specifier - int assumed. Note: C++ does not support default-int
  (compiling source file 'Options.cpp')
  
C:\SFML-3.0.0\include\SFML\Graphics\Font.hpp(168,64): error C2143: syntax error: missing ',' before '&'
  (compiling source file 'Options.cpp')
  
C:\Program Files\Microsoft Visual Studio\2022\Community\VC\Tools\MSVC\14.44.35207\include\string_view(12): warning STL4038: The contents of <string_view> are available only with C++17 or later.
C:\SFML-3.0.0\include\SFML\Graphics\Image.hpp(103,31): error C2039: 'filesystem': is not a member of 'std'
  (compiling source file 'Options.cpp')
      C:\Program Files\Microsoft Visual Studio\2022\Community\VC\Tools\MSVC\14.44.35207\include\unordered_map(23,1):
      see declaration of 'std'
  
C:\SFML-3.0.0\include\SFML\Graphics\Image.hpp(103,31): error C3083: 'filesystem': the symbol to the left of a '::' must be a type
  (compiling source file 'Options.cpp')
  
C:\SFML-3.0.0\include\SFML\Graphics\Image.hpp(103,43): error C2039: 'path': is not a member of 'std'
  (compiling source file 'Options.cpp')
      C:\Program Files\Microsoft Visual Studio\2022\Community\VC\Tools\MSVC\14.44.35207\include\unordered_map(23,1):
      see declaration of 'std'
  
C:\SFML-3.0.0\include\SFML\Graphics\Image.hpp(103,20): error C4430: missing type specifier - int assumed. Note: C++ does not support default-int
  (compiling source file 'Options.cpp')
  
C:\SFML-3.0.0\include\SFML\Graphics\Image.hpp(103,47): error C2143: syntax error: missing ',' before '&'
  (compiling source file 'Options.cpp')
  
C:\SFML-3.0.0\include\SFML\Graphics\Image.hpp(175,48): error C2039: 'filesystem': is not a member of 'std'
  (compiling source file 'Options.cpp')
      C:\Program Files\Microsoft Visual Studio\2022\Community\VC\Tools\MSVC\14.44.35207\include\unordered_map(23,1):
      see declaration of 'std'
  
C:\SFML-3.0.0\include\SFML\Graphics\Image.hpp(175,48): error C3083: 'filesystem': the symbol to the left of a '::' must be a type
  (compiling source file 'Options.cpp')
  
C:\SFML-3.0.0\include\SFML\Graphics\Image.hpp(175,60): error C2039: 'path': is not a member of 'std'
  (compiling source file 'Options.cpp')
      C:\Program Files\Microsoft Visual Studio\2022\Community\VC\Tools\MSVC\14.44.35207\include\unordered_map(23,1):
      see declaration of 'std'
  
C:\SFML-3.0.0\include\SFML\Graphics\Image.hpp(175,37): error C4430: missing type specifier - int assumed. Note: C++ does not support default-int
  (compiling source file 'Options.cpp')
  
C:\SFML-3.0.0\include\SFML\Graphics\Image.hpp(175,64): error C2143: syntax error: missing ',' before '&'
  (compiling source file 'Options.cpp')
  
C:\SFML-3.0.0\include\SFML\Graphics\Image.hpp(227,46): error C2039: 'filesystem': is not a member of 'std'
  (compiling source file 'Options.cpp')
      C:\Program Files\Microsoft Visual Studio\2022\Community\VC\Tools\MSVC\14.44.35207\include\unordered_map(23,1):
      see declaration of 'std'
  
C:\SFML-3.0.0\include\SFML\Graphics\Image.hpp(227,46): error C3083: 'filesystem': the symbol to the left of a '::' must be a type
  (compiling source file 'Options.cpp')
  
C:\SFML-3.0.0\include\SFML\Graphics\Image.hpp(227,58): error C2039: 'path': is not a member of 'std'
  (compiling source file 'Options.cpp')
      C:\Program Files\Microsoft Visual Studio\2022\Community\VC\Tools\MSVC\14.44.35207\include\unordered_map(23,1):
      see declaration of 'std'
  
C:\SFML-3.0.0\include\SFML\Graphics\Image.hpp(227,58): error C1003: error count exceeds 100; stopping compilation
  (compiling source file 'Options.cpp')
  
  PianoVisualiser.cpp
C:\SFML-3.0.0\include\SFML\Graphics\Color.inl(75,17): error C3615: constexpr function 'sf::operator +' cannot result in a constant expression
  (compiling source file 'PianoVisualiser.cpp')
      C:\SFML-3.0.0\include\SFML\Graphics\Color.inl(77,16):
      failure was because type 'const sf::+::<lambda_16287c72c63b32e0a9fa1270f38e4b81>' is not a literal type
      C:\SFML-3.0.0\include\SFML\Graphics\Color.inl(81,5):
      type 'sf::+::<lambda_16287c72c63b32e0a9fa1270f38e4b81>' is not a literal type because it is not an aggregate type, a closure type, or does not have a constexpr constructor that is not a copy or move constructor
  
C:\SFML-3.0.0\include\SFML\Graphics\Color.inl(91,17): error C3615: constexpr function 'sf::operator -' cannot result in a constant expression
  (compiling source file 'PianoVisualiser.cpp')
      C:\SFML-3.0.0\include\SFML\Graphics\Color.inl(93,16):
      failure was because type 'const sf::-::<lambda_306030dfce25397b9816ce24c68c04f0>' is not a literal type
      C:\SFML-3.0.0\include\SFML\Graphics\Color.inl(97,5):
      type 'sf::-::<lambda_306030dfce25397b9816ce24c68c04f0>' is not a literal type because it is not an aggregate type, a closure type, or does not have a constexpr constructor that is not a copy or move constructor
  
C:\SFML-3.0.0\include\SFML\Graphics\Color.inl(107,17): error C3615: constexpr function 'sf::operator *' cannot result in a constant expression
  (compiling source file 'PianoVisualiser.cpp')
      C:\SFML-3.0.0\include\SFML\Graphics\Color.inl(109,16):
      failure was because type 'const sf::*::<lambda_1570e60a8275d4bb357b66a7fbaafc0b>' is not a literal type
      C:\SFML-3.0.0\include\SFML\Graphics\Color.inl(113,5):
      type 'sf::*::<lambda_1570e60a8275d4bb357b66a7fbaafc0b>' is not a literal type because it is not an aggregate type, a closure type, or does not have a constexpr constructor that is not a copy or move constructor
  
C:\SFML-3.0.0\include\SFML\Graphics\Color.inl(146,31): error C7525: inline variables require at least '/std:c++17'
  (compiling source file 'PianoVisualiser.cpp')
  
C:\SFML-3.0.0\include\SFML\Graphics\Color.inl(147,31): error C7525: inline variables require at least '/std:c++17'
  (compiling source file 'PianoVisualiser.cpp')
  
C:\SFML-3.0.0\include\SFML\Graphics\Color.inl(148,31): error C7525: inline variables require at least '/std:c++17'
  (compiling source file 'PianoVisualiser.cpp')
  
C:\SFML-3.0.0\include\SFML\Graphics\Color.inl(149,31): error C7525: inline variables require at least '/std:c++17'
  (compiling source file 'PianoVisualiser.cpp')
  
C:\SFML-3.0.0\include\SFML\Graphics\Color.inl(150,31): error C7525: inline variables require at least '/std:c++17'
  (compiling source file 'PianoVisualiser.cpp')
  
C:\SFML-3.0.0\include\SFML\Graphics\Color.inl(151,31): error C7525: inline variables require at least '/std:c++17'
  (compiling source file 'PianoVisualiser.cpp')
  
C:\SFML-3.0.0\include\SFML\Graphics\Color.inl(152,31): error C7525: inline variables require at least '/std:c++17'
  (compiling source file 'PianoVisualiser.cpp')
  
C:\SFML-3.0.0\include\SFML\Graphics\Color.inl(153,31): error C7525: inline variables require at least '/std:c++17'
  (compiling source file 'PianoVisualiser.cpp')
  
C:\SFML-3.0.0\include\SFML\Graphics\Color.inl(154,31): error C7525: inline variables require at least '/std:c++17'
  (compiling source file 'PianoVisualiser.cpp')
  
C:\SFML-3.0.0\include\SFML\System\Angle.inl(272,31): error C7525: inline variables require at least '/std:c++17'
  (compiling source file 'PianoVisualiser.cpp')
  
C:\Program Files\Microsoft Visual Studio\2022\Community\VC\Tools\MSVC\14.44.35207\include\optional(11): warning STL4038: The contents of <optional> are available only with C++17 or later.
C:\SFML-3.0.0\include\SFML\Graphics\Rect.hpp(98,42): error C2143: syntax error: missing ';' before '<'
  (compiling source file 'PianoVisualiser.cpp')
      C:\SFML-3.0.0\include\SFML\Graphics\Rect.hpp(98,42):
      the template instantiation context (the oldest one first) is
          C:\SFML-3.0.0\include\SFML\Graphics\Rect.hpp(42,7):
          while compiling class template 'sf::Rect'
  
C:\SFML-3.0.0\include\SFML\Graphics\Rect.hpp(98,34): error C4430: missing type specifier - int assumed. Note: C++ does not support default-int
  (compiling source file 'PianoVisualiser.cpp')
  
C:\SFML-3.0.0\include\SFML\Graphics\Rect.hpp(98,34): error C2178: 'sf::Rect<T>::optional' cannot be declared with 'constexpr' specifier
  (compiling source file 'PianoVisualiser.cpp')
  
C:\SFML-3.0.0\include\SFML\Graphics\Rect.hpp(98,5): warning C4869: 'nodiscard' may only be applied to classes, enumerations, and functions
  (compiling source file 'PianoVisualiser.cpp')
  
C:\SFML-3.0.0\include\SFML\Graphics\Rect.hpp(98,100): error C2238: unexpected token(s) preceding ';'
  (compiling source file 'PianoVisualiser.cpp')
  
C:\SFML-3.0.0\include\SFML\Graphics\Rect.inl(71,16): error C2039: 'optional': is not a member of 'std'
  (compiling source file 'PianoVisualiser.cpp')
      C:\Program Files\Microsoft Visual Studio\2022\Community\VC\Tools\MSVC\14.44.35207\include\iostream(19,1):
      see declaration of 'std'
  
C:\SFML-3.0.0\include\SFML\Graphics\Rect.inl(71,24): error C2988: unrecognizable template declaration/definition
  (compiling source file 'PianoVisualiser.cpp')
  
C:\SFML-3.0.0\include\SFML\Graphics\Rect.inl(71,24): error C2143: syntax error: missing ';' before '<'
  (compiling source file 'PianoVisualiser.cpp')
  
C:\SFML-3.0.0\include\SFML\Graphics\Rect.inl(71,16): error C4430: missing type specifier - int assumed. Note: C++ does not support default-int
  (compiling source file 'PianoVisualiser.cpp')
  
C:\SFML-3.0.0\include\SFML\Graphics\Rect.inl(71,24): error C2059: syntax error: '<'
  (compiling source file 'PianoVisualiser.cpp')
  
C:\SFML-3.0.0\include\SFML\Graphics\Rect.inl(71,30): error C2065: 'T': undeclared identifier
  (compiling source file 'PianoVisualiser.cpp')
  
C:\SFML-3.0.0\include\SFML\Graphics\Rect.inl(71,25): error C2923: 'sf::Rect': 'T' is not a valid template type argument for parameter 'T'
  (compiling source file 'PianoVisualiser.cpp')
      C:\SFML-3.0.0\include\SFML\Graphics\Rect.inl(71,30):
      see declaration of 'T'
  
C:\SFML-3.0.0\include\SFML\Graphics\Rect.inl(71,39): error C2065: 'T': undeclared identifier
  (compiling source file 'PianoVisualiser.cpp')
  
C:\SFML-3.0.0\include\SFML\Graphics\Rect.inl(71,34): error C2923: 'sf::Rect': 'T' is not a valid template type argument for parameter 'T'
  (compiling source file 'PianoVisualiser.cpp')
      C:\SFML-3.0.0\include\SFML\Graphics\Rect.inl(71,39):
      see declaration of 'T'
  
C:\SFML-3.0.0\include\SFML\Graphics\Rect.inl(71,71): error C2065: 'T': undeclared identifier
  (compiling source file 'PianoVisualiser.cpp')
  
C:\SFML-3.0.0\include\SFML\Graphics\Rect.inl(71,66): error C2923: 'sf::Rect': 'T' is not a valid template type argument for parameter 'T'
  (compiling source file 'PianoVisualiser.cpp')
      C:\SFML-3.0.0\include\SFML\Graphics\Rect.inl(71,71):
      see declaration of 'T'
  
C:\SFML-3.0.0\include\SFML\Graphics\Rect.inl(72,1): error C2143: syntax error: missing ';' before '{'
  (compiling source file 'PianoVisualiser.cpp')
  
C:\SFML-3.0.0\include\SFML\Graphics\Rect.inl(72,1): error C2447: '{': missing function header (old-style formal list?)
  (compiling source file 'PianoVisualiser.cpp')
  
C:\SFML-3.0.0\include\SFML\Graphics\Transform.inl(52,35): error C3615: constexpr function 'sf::Transform::getMatrix' cannot result in a constant expression
  (compiling source file 'PianoVisualiser.cpp')
      C:\SFML-3.0.0\include\SFML\Graphics\Transform.inl(54,25):
      failure was caused by call of undefined function or one not declared 'constexpr'
      C:\SFML-3.0.0\include\SFML\Graphics\Transform.inl(54,25):
      see usage of 'std::array<float,16>::data'
  
C:\SFML-3.0.0\include\SFML\Graphics\Rect.hpp(98,34): error C2039: 'optional': is not a member of 'std'
  (compiling source file 'PianoVisualiser.cpp')
      C:\Program Files\Microsoft Visual Studio\2022\Community\VC\Tools\MSVC\14.44.35207\include\array(19,1):
      see declaration of 'std'
      C:\SFML-3.0.0\include\SFML\Graphics\Rect.hpp(98,34):
      the template instantiation context (the oldest one first) is
          C:\SFML-3.0.0\include\SFML\Graphics\Transform.inl(98,32):
          see reference to class template instantiation 'sf::Rect<float>' being compiled
  
C:\SFML-3.0.0\include\SFML\Graphics\Rect.hpp(98,34): error C2178: 'sf::Rect<float>::optional' cannot be declared with 'constexpr' specifier
  (compiling source file 'PianoVisualiser.cpp')
  
C:\SFML-3.0.0\include\SFML\Graphics\Transform.inl(101,31): error C2514: 'std::array': class template cannot be constructed
  (compiling source file 'PianoVisualiser.cpp')
      C:\Program Files\Microsoft Visual Studio\2022\Community\VC\Tools\MSVC\14.44.35207\include\array(402,7):
      see declaration of 'std::array'
  
C:\SFML-3.0.0\include\SFML\Graphics\Transform.inl(107,21): error C2678: binary '[': no operator found which takes a left-hand operand of type 'const std::array' (or there is no acceptable conversion)
  (compiling source file 'PianoVisualiser.cpp')
      C:\Program Files\Microsoft Visual Studio\2022\Community\VC\Tools\MSVC\14.44.35207\include\array(537,42):
      could be 'const _Ty &std::array<_Ty,_Size>::operator [](std::array<_Ty,_Size>::size_type) noexcept const'
          C:\SFML-3.0.0\include\SFML\Graphics\Transform.inl(107,21):
          'const _Ty &std::array<_Ty,_Size>::operator [](std::array<_Ty,_Size>::size_type) noexcept const': cannot convert 'this' pointer from 'const std::array' to 'const std::array<_Ty,_Size> &'
              C:\SFML-3.0.0\include\SFML\Graphics\Transform.inl(107,21):
              Reason: cannot convert from 'const std::array' to 'const std::array<_Ty,_Size>'
              C:\SFML-3.0.0\include\SFML\Graphics\Transform.inl(107,21):
              Conversion requires a second user-defined-conversion operator or constructor
      C:\Program Files\Microsoft Visual Studio\2022\Community\VC\Tools\MSVC\14.44.35207\include\array(529,39):
      or       '_Ty &std::array<_Ty,_Size>::operator [](std::array<_Ty,_Size>::size_type) noexcept'
          C:\SFML-3.0.0\include\SFML\Graphics\Transform.inl(107,21):
          '_Ty &std::array<_Ty,_Size>::operator [](std::array<_Ty,_Size>::size_type) noexcept': cannot convert 'this' pointer from 'const std::array' to 'std::array<_Ty,_Size> &'
              C:\SFML-3.0.0\include\SFML\Graphics\Transform.inl(107,21):
              Reason: cannot convert from 'const std::array' to 'std::array<_Ty,_Size>'
              C:\SFML-3.0.0\include\SFML\Graphics\Transform.inl(107,21):
              Conversion requires a second user-defined-conversion operator or constructor
      C:\SFML-3.0.0\include\SFML\Graphics\Transform.inl(107,21):
      while trying to match the argument list '(const std::array, int)'
  
C:\SFML-3.0.0\include\SFML\Graphics\Transform.inl(108,21): error C2678: binary '[': no operator found which takes a left-hand operand of type 'const std::array' (or there is no acceptable conversion)
  (compiling source file 'PianoVisualiser.cpp')
      C:\Program Files\Microsoft Visual Studio\2022\Community\VC\Tools\MSVC\14.44.35207\include\array(537,42):
      could be 'const _Ty &std::array<_Ty,_Size>::operator [](std::array<_Ty,_Size>::size_type) noexcept const'
          C:\SFML-3.0.0\include\SFML\Graphics\Transform.inl(108,21):
          'const _Ty &std::array<_Ty,_Size>::operator [](std::array<_Ty,_Size>::size_type) noexcept const': cannot convert 'this' pointer from 'const std::array' to 'const std::array<_Ty,_Size> &'
              C:\SFML-3.0.0\include\SFML\Graphics\Transform.inl(108,21):
              Reason: cannot convert from 'const std::array' to 'const std::array<_Ty,_Size>'
              C:\SFML-3.0.0\include\SFML\Graphics\Transform.inl(108,21):
              Conversion requires a second user-defined-conversion operator or constructor
      C:\Program Files\Microsoft Visual Studio\2022\Community\VC\Tools\MSVC\14.44.35207\include\array(529,39):
      or       '_Ty &std::array<_Ty,_Size>::operator [](std::array<_Ty,_Size>::size_type) noexcept'
          C:\SFML-3.0.0\include\SFML\Graphics\Transform.inl(108,21):
          '_Ty &std::array<_Ty,_Size>::operator [](std::array<_Ty,_Size>::size_type) noexcept': cannot convert 'this' pointer from 'const std::array' to 'std::array<_Ty,_Size> &'
              C:\SFML-3.0.0\include\SFML\Graphics\Transform.inl(108,21):
              Reason: cannot convert from 'const std::array' to 'std::array<_Ty,_Size>'
              C:\SFML-3.0.0\include\SFML\Graphics\Transform.inl(108,21):
              Conversion requires a second user-defined-conversion operator or constructor
      C:\SFML-3.0.0\include\SFML\Graphics\Transform.inl(108,21):
      while trying to match the argument list '(const std::array, int)'
  
C:\SFML-3.0.0\include\SFML\Graphics\Transform.inl(110,40): error C2662: 'std::array<_Ty,_Size>::size_type std::array<_Ty,_Size>::size(void) noexcept const': cannot convert 'this' pointer from 'const std::array' to 'const std::array<_Ty,_Size> &'
  (compiling source file 'PianoVisualiser.cpp')
      C:\SFML-3.0.0\include\SFML\Graphics\Transform.inl(110,33):
      Reason: cannot convert from 'const std::array' to 'const std::array<_Ty,_Size>'
      C:\SFML-3.0.0\include\SFML\Graphics\Transform.inl(110,33):
      Conversion requires a second user-defined-conversion operator or constructor
      C:\Program Files\Microsoft Visual Studio\2022\Community\VC\Tools\MSVC\14.44.35207\include\array(501,59):
      see declaration of 'std::array<_Ty,_Size>::size'
      C:\SFML-3.0.0\include\SFML\Graphics\Transform.inl(110,40):
      while trying to match the argument list '()'
  
C:\SFML-3.0.0\include\SFML\Graphics\Transform.inl(113,18): error C2678: binary '[': no operator found which takes a left-hand operand of type 'const std::array' (or there is no acceptable conversion)
  (compiling source file 'PianoVisualiser.cpp')
      C:\Program Files\Microsoft Visual Studio\2022\Community\VC\Tools\MSVC\14.44.35207\include\array(537,42):
      could be 'const _Ty &std::array<_Ty,_Size>::operator [](std::array<_Ty,_Size>::size_type) noexcept const'
          C:\SFML-3.0.0\include\SFML\Graphics\Transform.inl(113,18):
          'const _Ty &std::array<_Ty,_Size>::operator [](std::array<_Ty,_Size>::size_type) noexcept const': cannot convert 'this' pointer from 'const std::array' to 'const std::array<_Ty,_Size> &'
              C:\SFML-3.0.0\include\SFML\Graphics\Transform.inl(113,18):
              Reason: cannot convert from 'const std::array' to 'const std::array<_Ty,_Size>'
              C:\SFML-3.0.0\include\SFML\Graphics\Transform.inl(113,18):
              Conversion requires a second user-defined-conversion operator or constructor
      C:\Program Files\Microsoft Visual Studio\2022\Community\VC\Tools\MSVC\14.44.35207\include\array(529,39):
      or       '_Ty &std::array<_Ty,_Size>::operator [](std::array<_Ty,_Size>::size_type) noexcept'
          C:\SFML-3.0.0\include\SFML\Graphics\Transform.inl(113,18):
          '_Ty &std::array<_Ty,_Size>::operator [](std::array<_Ty,_Size>::size_type) noexcept': cannot convert 'this' pointer from 'const std::array' to 'std::array<_Ty,_Size> &'
              C:\SFML-3.0.0\include\SFML\Graphics\Transform.inl(113,18):
              Reason: cannot convert from 'const std::array' to 'std::array<_Ty,_Size>'
              C:\SFML-3.0.0\include\SFML\Graphics\Transform.inl(113,18):
              Conversion requires a second user-defined-conversion operator or constructor
      C:\SFML-3.0.0\include\SFML\Graphics\Transform.inl(113,18):
      while trying to match the argument list '(const std::array, size_t)'
  
C:\SFML-3.0.0\include\SFML\Graphics\Transform.inl(113,49): error C2678: binary '[': no operator found which takes a left-hand operand of type 'const std::array' (or there is no acceptable conversion)
  (compiling source file 'PianoVisualiser.cpp')
      C:\Program Files\Microsoft Visual Studio\2022\Community\VC\Tools\MSVC\14.44.35207\include\array(537,42):
      could be 'const _Ty &std::array<_Ty,_Size>::operator [](std::array<_Ty,_Size>::size_type) noexcept const'
          C:\SFML-3.0.0\include\SFML\Graphics\Transform.inl(113,49):
          'const _Ty &std::array<_Ty,_Size>::operator [](std::array<_Ty,_Size>::size_type) noexcept const': cannot convert 'this' pointer from 'const std::array' to 'const std::array<_Ty,_Size> &'
              C:\SFML-3.0.0\include\SFML\Graphics\Transform.inl(113,49):
              Reason: cannot convert from 'const std::array' to 'const std::array<_Ty,_Size>'
              C:\SFML-3.0.0\include\SFML\Graphics\Transform.inl(113,49):
              Conversion requires a second user-defined-conversion operator or constructor
      C:\Program Files\Microsoft Visual Studio\2022\Community\VC\Tools\MSVC\14.44.35207\include\array(529,39):
      or       '_Ty &std::array<_Ty,_Size>::operator [](std::array<_Ty,_Size>::size_type) noexcept'
          C:\SFML-3.0.0\include\SFML\Graphics\Transform.inl(113,49):
          '_Ty &std::array<_Ty,_Size>::operator [](std::array<_Ty,_Size>::size_type) noexcept': cannot convert 'this' pointer from 'const std::array' to 'std::array<_Ty,_Size> &'
              C:\SFML-3.0.0\include\SFML\Graphics\Transform.inl(113,49):
              Reason: cannot convert from 'const std::array' to 'std::array<_Ty,_Size>'
              C:\SFML-3.0.0\include\SFML\Graphics\Transform.inl(113,49):
              Conversion requires a second user-defined-conversion operator or constructor
      C:\SFML-3.0.0\include\SFML\Graphics\Transform.inl(113,49):
      while trying to match the argument list '(const std::array, size_t)'
  
C:\SFML-3.0.0\include\SFML\Graphics\Transform.inl(114,18): error C2678: binary '[': no operator found which takes a left-hand operand of type 'const std::array' (or there is no acceptable conversion)
  (compiling source file 'PianoVisualiser.cpp')
      C:\Program Files\Microsoft Visual Studio\2022\Community\VC\Tools\MSVC\14.44.35207\include\array(537,42):
      could be 'const _Ty &std::array<_Ty,_Size>::operator [](std::array<_Ty,_Size>::size_type) noexcept const'
          C:\SFML-3.0.0\include\SFML\Graphics\Transform.inl(114,18):
          'const _Ty &std::array<_Ty,_Size>::operator [](std::array<_Ty,_Size>::size_type) noexcept const': cannot convert 'this' pointer from 'const std::array' to 'const std::array<_Ty,_Size> &'
              C:\SFML-3.0.0\include\SFML\Graphics\Transform.inl(114,18):
              Reason: cannot convert from 'const std::array' to 'const std::array<_Ty,_Size>'
              C:\SFML-3.0.0\include\SFML\Graphics\Transform.inl(114,18):
              Conversion requires a second user-defined-conversion operator or constructor
      C:\Program Files\Microsoft Visual Studio\2022\Community\VC\Tools\MSVC\14.44.35207\include\array(529,39):
      or       '_Ty &std::array<_Ty,_Size>::operator [](std::array<_Ty,_Size>::size_type) noexcept'
          C:\SFML-3.0.0\include\SFML\Graphics\Transform.inl(114,18):
          '_Ty &std::array<_Ty,_Size>::operator [](std::array<_Ty,_Size>::size_type) noexcept': cannot convert 'this' pointer from 'const std::array' to 'std::array<_Ty,_Size> &'
              C:\SFML-3.0.0\include\SFML\Graphics\Transform.inl(114,18):
              Reason: cannot convert from 'const std::array' to 'std::array<_Ty,_Size>'
              C:\SFML-3.0.0\include\SFML\Graphics\Transform.inl(114,18):
              Conversion requires a second user-defined-conversion operator or constructor
      C:\SFML-3.0.0\include\SFML\Graphics\Transform.inl(114,18):
      while trying to match the argument list '(const std::array, size_t)'
  
C:\SFML-3.0.0\include\SFML\Graphics\Transform.inl(114,49): error C2678: binary '[': no operator found which takes a left-hand operand of type 'const std::array' (or there is no acceptable conversion)
  (compiling source file 'PianoVisualiser.cpp')
      C:\Program Files\Microsoft Visual Studio\2022\Community\VC\Tools\MSVC\14.44.35207\include\array(537,42):
      could be 'const _Ty &std::array<_Ty,_Size>::operator [](std::array<_Ty,_Size>::size_type) noexcept const'
          C:\SFML-3.0.0\include\SFML\Graphics\Transform.inl(114,49):
          'const _Ty &std::array<_Ty,_Size>::operator [](std::array<_Ty,_Size>::size_type) noexcept const': cannot convert 'this' pointer from 'const std::array' to 'const std::array<_Ty,_Size> &'
              C:\SFML-3.0.0\include\SFML\Graphics\Transform.inl(114,49):
              Reason: cannot convert from 'const std::array' to 'const std::array<_Ty,_Size>'
              C:\SFML-3.0.0\include\SFML\Graphics\Transform.inl(114,49):
              Conversion requires a second user-defined-conversion operator or constructor
      C:\Program Files\Microsoft Visual Studio\2022\Community\VC\Tools\MSVC\14.44.35207\include\array(529,39):
      or       '_Ty &std::array<_Ty,_Size>::operator [](std::array<_Ty,_Size>::size_type) noexcept'
          C:\SFML-3.0.0\include\SFML\Graphics\Transform.inl(114,49):
          '_Ty &std::array<_Ty,_Size>::operator [](std::array<_Ty,_Size>::size_type) noexcept': cannot convert 'this' pointer from 'const std::array' to 'std::array<_Ty,_Size> &'
              C:\SFML-3.0.0\include\SFML\Graphics\Transform.inl(114,49):
              Reason: cannot convert from 'const std::array' to 'std::array<_Ty,_Size>'
              C:\SFML-3.0.0\include\SFML\Graphics\Transform.inl(114,49):
              Conversion requires a second user-defined-conversion operator or constructor
      C:\SFML-3.0.0\include\SFML\Graphics\Transform.inl(114,49):
      while trying to match the argument list '(const std::array, size_t)'
  
C:\SFML-3.0.0\include\SFML\Graphics\Transform.inl(116,18): error C2678: binary '[': no operator found which takes a left-hand operand of type 'const std::array' (or there is no acceptable conversion)
  (compiling source file 'PianoVisualiser.cpp')
      C:\Program Files\Microsoft Visual Studio\2022\Community\VC\Tools\MSVC\14.44.35207\include\array(537,42):
      could be 'const _Ty &std::array<_Ty,_Size>::operator [](std::array<_Ty,_Size>::size_type) noexcept const'
          C:\SFML-3.0.0\include\SFML\Graphics\Transform.inl(116,18):
          'const _Ty &std::array<_Ty,_Size>::operator [](std::array<_Ty,_Size>::size_type) noexcept const': cannot convert 'this' pointer from 'const std::array' to 'const std::array<_Ty,_Size> &'
              C:\SFML-3.0.0\include\SFML\Graphics\Transform.inl(116,18):
              Reason: cannot convert from 'const std::array' to 'const std::array<_Ty,_Size>'
              C:\SFML-3.0.0\include\SFML\Graphics\Transform.inl(116,18):
              Conversion requires a second user-defined-conversion operator or constructor
      C:\Program Files\Microsoft Visual Studio\2022\Community\VC\Tools\MSVC\14.44.35207\include\array(529,39):
      or       '_Ty &std::array<_Ty,_Size>::operator [](std::array<_Ty,_Size>::size_type) noexcept'
          C:\SFML-3.0.0\include\SFML\Graphics\Transform.inl(116,18):
          '_Ty &std::array<_Ty,_Size>::operator [](std::array<_Ty,_Size>::size_type) noexcept': cannot convert 'this' pointer from 'const std::array' to 'std::array<_Ty,_Size> &'
              C:\SFML-3.0.0\include\SFML\Graphics\Transform.inl(116,18):
              Reason: cannot convert from 'const std::array' to 'std::array<_Ty,_Size>'
              C:\SFML-3.0.0\include\SFML\Graphics\Transform.inl(116,18):
              Conversion requires a second user-defined-conversion operator or constructor
      C:\SFML-3.0.0\include\SFML\Graphics\Transform.inl(116,18):
      while trying to match the argument list '(const std::array, size_t)'
  
C:\SFML-3.0.0\include\SFML\Graphics\Transform.inl(116,49): error C2678: binary '[': no operator found which takes a left-hand operand of type 'const std::array' (or there is no acceptable conversion)
  (compiling source file 'PianoVisualiser.cpp')
      C:\Program Files\Microsoft Visual Studio\2022\Community\VC\Tools\MSVC\14.44.35207\include\array(537,42):
      could be 'const _Ty &std::array<_Ty,_Size>::operator [](std::array<_Ty,_Size>::size_type) noexcept const'
          C:\SFML-3.0.0\include\SFML\Graphics\Transform.inl(116,49):
          'const _Ty &std::array<_Ty,_Size>::operator [](std::array<_Ty,_Size>::size_type) noexcept const': cannot convert 'this' pointer from 'const std::array' to 'const std::array<_Ty,_Size> &'
              C:\SFML-3.0.0\include\SFML\Graphics\Transform.inl(116,49):
              Reason: cannot convert from 'const std::array' to 'const std::array<_Ty,_Size>'
              C:\SFML-3.0.0\include\SFML\Graphics\Transform.inl(116,49):
              Conversion requires a second user-defined-conversion operator or constructor
      C:\Program Files\Microsoft Visual Studio\2022\Community\VC\Tools\MSVC\14.44.35207\include\array(529,39):
      or       '_Ty &std::array<_Ty,_Size>::operator [](std::array<_Ty,_Size>::size_type) noexcept'
          C:\SFML-3.0.0\include\SFML\Graphics\Transform.inl(116,49):
          '_Ty &std::array<_Ty,_Size>::operator [](std::array<_Ty,_Size>::size_type) noexcept': cannot convert 'this' pointer from 'const std::array' to 'std::array<_Ty,_Size> &'
              C:\SFML-3.0.0\include\SFML\Graphics\Transform.inl(116,49):
              Reason: cannot convert from 'const std::array' to 'std::array<_Ty,_Size>'
              C:\SFML-3.0.0\include\SFML\Graphics\Transform.inl(116,49):
              Conversion requires a second user-defined-conversion operator or constructor
      C:\SFML-3.0.0\include\SFML\Graphics\Transform.inl(116,49):
      while trying to match the argument list '(const std::array, size_t)'
  
C:\SFML-3.0.0\include\SFML\Graphics\Transform.inl(117,18): error C2678: binary '[': no operator found which takes a left-hand operand of type 'const std::array' (or there is no acceptable conversion)
  (compiling source file 'PianoVisualiser.cpp')
      C:\Program Files\Microsoft Visual Studio\2022\Community\VC\Tools\MSVC\14.44.35207\include\array(537,42):
      could be 'const _Ty &std::array<_Ty,_Size>::operator [](std::array<_Ty,_Size>::size_type) noexcept const'
          C:\SFML-3.0.0\include\SFML\Graphics\Transform.inl(117,18):
          'const _Ty &std::array<_Ty,_Size>::operator [](std::array<_Ty,_Size>::size_type) noexcept const': cannot convert 'this' pointer from 'const std::array' to 'const std::array<_Ty,_Size> &'
              C:\SFML-3.0.0\include\SFML\Graphics\Transform.inl(117,18):
              Reason: cannot convert from 'const std::array' to 'const std::array<_Ty,_Size>'
              C:\SFML-3.0.0\include\SFML\Graphics\Transform.inl(117,18):
              Conversion requires a second user-defined-conversion operator or constructor
      C:\Program Files\Microsoft Visual Studio\2022\Community\VC\Tools\MSVC\14.44.35207\include\array(529,39):
      or       '_Ty &std::array<_Ty,_Size>::operator [](std::array<_Ty,_Size>::size_type) noexcept'
          C:\SFML-3.0.0\include\SFML\Graphics\Transform.inl(117,18):
          '_Ty &std::array<_Ty,_Size>::operator [](std::array<_Ty,_Size>::size_type) noexcept': cannot convert 'this' pointer from 'const std::array' to 'std::array<_Ty,_Size> &'
              C:\SFML-3.0.0\include\SFML\Graphics\Transform.inl(117,18):
              Reason: cannot convert from 'const std::array' to 'std::array<_Ty,_Size>'
              C:\SFML-3.0.0\include\SFML\Graphics\Transform.inl(117,18):
              Conversion requires a second user-defined-conversion operator or constructor
      C:\SFML-3.0.0\include\SFML\Graphics\Transform.inl(117,18):
      while trying to match the argument list '(const std::array, size_t)'
  
C:\SFML-3.0.0\include\SFML\Graphics\Transform.inl(117,49): error C2678: binary '[': no operator found which takes a left-hand operand of type 'const std::array' (or there is no acceptable conversion)
  (compiling source file 'PianoVisualiser.cpp')
      C:\Program Files\Microsoft Visual Studio\2022\Community\VC\Tools\MSVC\14.44.35207\include\array(537,42):
      could be 'const _Ty &std::array<_Ty,_Size>::operator [](std::array<_Ty,_Size>::size_type) noexcept const'
          C:\SFML-3.0.0\include\SFML\Graphics\Transform.inl(117,49):
          'const _Ty &std::array<_Ty,_Size>::operator [](std::array<_Ty,_Size>::size_type) noexcept const': cannot convert 'this' pointer from 'const std::array' to 'const std::array<_Ty,_Size> &'
              C:\SFML-3.0.0\include\SFML\Graphics\Transform.inl(117,49):
              Reason: cannot convert from 'const std::array' to 'const std::array<_Ty,_Size>'
              C:\SFML-3.0.0\include\SFML\Graphics\Transform.inl(117,49):
              Conversion requires a second user-defined-conversion operator or constructor
      C:\Program Files\Microsoft Visual Studio\2022\Community\VC\Tools\MSVC\14.44.35207\include\array(529,39):
      or       '_Ty &std::array<_Ty,_Size>::operator [](std::array<_Ty,_Size>::size_type) noexcept'
          C:\SFML-3.0.0\include\SFML\Graphics\Transform.inl(117,49):
          '_Ty &std::array<_Ty,_Size>::operator [](std::array<_Ty,_Size>::size_type) noexcept': cannot convert 'this' pointer from 'const std::array' to 'std::array<_Ty,_Size> &'
              C:\SFML-3.0.0\include\SFML\Graphics\Transform.inl(117,49):
              Reason: cannot convert from 'const std::array' to 'std::array<_Ty,_Size>'
              C:\SFML-3.0.0\include\SFML\Graphics\Transform.inl(117,49):
              Conversion requires a second user-defined-conversion operator or constructor
      C:\SFML-3.0.0\include\SFML\Graphics\Transform.inl(117,49):
      while trying to match the argument list '(const std::array, size_t)'
  
C:\SFML-3.0.0\include\SFML\Graphics\Transform.inl(98,32): error C3615: constexpr function 'sf::Transform::transformRect' cannot result in a constant expression
  (compiling source file 'PianoVisualiser.cpp')
      C:\SFML-3.0.0\include\SFML\Graphics\Transform.inl(101,22):
      failure was because type 'const std::array' is not a literal type
      C:\Program Files\Microsoft Visual Studio\2022\Community\VC\Tools\MSVC\14.44.35207\include\array(402,7):
      type 'std::array' is not a literal type because it is not an aggregate type, a closure type, or does not have a constexpr constructor that is not a copy or move constructor
      C:\SFML-3.0.0\include\SFML\Graphics\Transform.inl(110,39):
      failure was caused by call of undefined function or one not declared 'constexpr'
      C:\SFML-3.0.0\include\SFML\Graphics\Transform.inl(110,39):
      see usage of '<declval>'
      C:\SFML-3.0.0\include\SFML\Graphics\Transform.inl(98,32):
      failure was caused by control reaching the end of a constexpr function
  
C:\SFML-3.0.0\include\SFML\Graphics\Transform.inl(234,39): error C7525: inline variables require at least '/std:c++17'
  (compiling source file 'PianoVisualiser.cpp')
  
C:\SFML-3.0.0\include\SFML\Graphics\Rect.hpp(98,34): error C2178: 'sf::Rect<int>::optional' cannot be declared with 'constexpr' specifier
  (compiling source file 'PianoVisualiser.cpp')
  
C:\Program Files\Microsoft Visual Studio\2022\Community\VC\Tools\MSVC\14.44.35207\include\filesystem(12): warning STL4038: The contents of <filesystem> are available only with C++17 or later.
C:\SFML-3.0.0\include\SFML\Graphics\Texture.hpp(114,33): error C2039: 'filesystem': is not a member of 'std'
  (compiling source file 'PianoVisualiser.cpp')
      C:\Program Files\Microsoft Visual Studio\2022\Community\VC\Tools\MSVC\14.44.35207\include\array(19,1):
      see declaration of 'std'
  
C:\SFML-3.0.0\include\SFML\Graphics\Texture.hpp(114,33): error C3083: 'filesystem': the symbol to the left of a '::' must be a type
  (compiling source file 'PianoVisualiser.cpp')
  
C:\SFML-3.0.0\include\SFML\Graphics\Texture.hpp(114,45): error C2039: 'path': is not a member of 'std'
  (compiling source file 'PianoVisualiser.cpp')
      C:\Program Files\Microsoft Visual Studio\2022\Community\VC\Tools\MSVC\14.44.35207\include\array(19,1):
      see declaration of 'std'
  
C:\SFML-3.0.0\include\SFML\Graphics\Texture.hpp(114,22): error C4430: missing type specifier - int assumed. Note: C++ does not support default-int
  (compiling source file 'PianoVisualiser.cpp')
  
C:\SFML-3.0.0\include\SFML\Graphics\Texture.hpp(114,49): error C2143: syntax error: missing ',' before '&'
  (compiling source file 'PianoVisualiser.cpp')
  
C:\SFML-3.0.0\include\SFML\Graphics\Texture.hpp(137,24): error C2039: 'filesystem': is not a member of 'std'
  (compiling source file 'PianoVisualiser.cpp')
      C:\Program Files\Microsoft Visual Studio\2022\Community\VC\Tools\MSVC\14.44.35207\include\array(19,1):
      see declaration of 'std'
  
C:\SFML-3.0.0\include\SFML\Graphics\Texture.hpp(137,24): error C3083: 'filesystem': the symbol to the left of a '::' must be a type
  (compiling source file 'PianoVisualiser.cpp')
  
C:\SFML-3.0.0\include\SFML\Graphics\Texture.hpp(137,36): error C2039: 'path': is not a member of 'std'
  (compiling source file 'PianoVisualiser.cpp')
      C:\Program Files\Microsoft Visual Studio\2022\Community\VC\Tools\MSVC\14.44.35207\include\array(19,1):
      see declaration of 'std'
  
C:\SFML-3.0.0\include\SFML\Graphics\Texture.hpp(137,13): error C4430: missing type specifier - int assumed. Note: C++ does not support default-int
  (compiling source file 'PianoVisualiser.cpp')
  
C:\SFML-3.0.0\include\SFML\Graphics\Texture.hpp(137,40): error C2143: syntax error: missing ',' before '&'
  (compiling source file 'PianoVisualiser.cpp')
  
C:\SFML-3.0.0\include\SFML\Graphics\Texture.hpp(137,5): error C2535: 'sf::Texture::Texture(const int)': member function already defined or declared
  (compiling source file 'PianoVisualiser.cpp')
      C:\SFML-3.0.0\include\SFML\Graphics\Texture.hpp(114,5):
      see declaration of 'sf::Texture::Texture'
  
C:\SFML-3.0.0\include\SFML\Graphics\Texture.hpp(304,48): error C2039: 'filesystem': is not a member of 'std'
  (compiling source file 'PianoVisualiser.cpp')
      C:\Program Files\Microsoft Visual Studio\2022\Community\VC\Tools\MSVC\14.44.35207\include\array(19,1):
      see declaration of 'std'
  
C:\SFML-3.0.0\include\SFML\Graphics\Texture.hpp(304,48): error C3083: 'filesystem': the symbol to the left of a '::' must be a type
  (compiling source file 'PianoVisualiser.cpp')
  
C:\SFML-3.0.0\include\SFML\Graphics\Texture.hpp(304,60): error C2039: 'path': is not a member of 'std'
  (compiling source file 'PianoVisualiser.cpp')
      C:\Program Files\Microsoft Visual Studio\2022\Community\VC\Tools\MSVC\14.44.35207\include\array(19,1):
      see declaration of 'std'
  
C:\SFML-3.0.0\include\SFML\Graphics\Texture.hpp(304,37): error C4430: missing type specifier - int assumed. Note: C++ does not support default-int
  (compiling source file 'PianoVisualiser.cpp')
  
C:\SFML-3.0.0\include\SFML\Graphics\Texture.hpp(304,64): error C2143: syntax error: missing ',' before '&'
  (compiling source file 'PianoVisualiser.cpp')
  
C:\SFML-3.0.0\include\SFML\Graphics\Texture.hpp(304,117): error C2143: syntax error: missing ')' before '{'
  (compiling source file 'PianoVisualiser.cpp')
  
C:\SFML-3.0.0\include\SFML\Graphics\Texture.hpp(304,119): error C2059: syntax error: ')'
  (compiling source file 'PianoVisualiser.cpp')
  
C:\SFML-3.0.0\include\SFML\Graphics\Font.hpp(103,30): error C2039: 'filesystem': is not a member of 'std'
  (compiling source file 'PianoVisualiser.cpp')
      C:\Program Files\Microsoft Visual Studio\2022\Community\VC\Tools\MSVC\14.44.35207\include\unordered_map(23,1):
      see declaration of 'std'
  
C:\SFML-3.0.0\include\SFML\Graphics\Font.hpp(103,30): error C3083: 'filesystem': the symbol to the left of a '::' must be a type
  (compiling source file 'PianoVisualiser.cpp')
  
C:\SFML-3.0.0\include\SFML\Graphics\Font.hpp(103,42): error C2039: 'path': is not a member of 'std'
  (compiling source file 'PianoVisualiser.cpp')
      C:\Program Files\Microsoft Visual Studio\2022\Community\VC\Tools\MSVC\14.44.35207\include\unordered_map(23,1):
      see declaration of 'std'
  
C:\SFML-3.0.0\include\SFML\Graphics\Font.hpp(103,19): error C4430: missing type specifier - int assumed. Note: C++ does not support default-int
  (compiling source file 'PianoVisualiser.cpp')
  
C:\SFML-3.0.0\include\SFML\Graphics\Font.hpp(103,46): error C2143: syntax error: missing ',' before '&'
  (compiling source file 'PianoVisualiser.cpp')
  
C:\SFML-3.0.0\include\SFML\Graphics\Font.hpp(168,48): error C2039: 'filesystem': is not a member of 'std'
  (compiling source file 'PianoVisualiser.cpp')
      C:\Program Files\Microsoft Visual Studio\2022\Community\VC\Tools\MSVC\14.44.35207\include\unordered_map(23,1):
      see declaration of 'std'
  
C:\SFML-3.0.0\include\SFML\Graphics\Font.hpp(168,48): error C3083: 'filesystem': the symbol to the left of a '::' must be a type
  (compiling source file 'PianoVisualiser.cpp')
  
C:\SFML-3.0.0\include\SFML\Graphics\Font.hpp(168,60): error C2039: 'path': is not a member of 'std'
  (compiling source file 'PianoVisualiser.cpp')
      C:\Program Files\Microsoft Visual Studio\2022\Community\VC\Tools\MSVC\14.44.35207\include\unordered_map(23,1):
      see declaration of 'std'
  
C:\SFML-3.0.0\include\SFML\Graphics\Font.hpp(168,37): error C4430: missing type specifier - int assumed. Note: C++ does not support default-int
  (compiling source file 'PianoVisualiser.cpp')
  
C:\SFML-3.0.0\include\SFML\Graphics\Font.hpp(168,64): error C2143: syntax error: missing ',' before '&'
  (compiling source file 'PianoVisualiser.cpp')
  
C:\SFML-3.0.0\include\SFML\Graphics\Image.hpp(103,31): error C2039: 'filesystem': is not a member of 'std'
C:\Program Files\Microsoft Visual Studio\2022\Community\VC\Tools\MSVC\14.44.35207\include\string_view(12): warning STL4038: The contents of <string_view> are available only with C++17 or later.
  (compiling source file 'PianoVisualiser.cpp')
      C:\Program Files\Microsoft Visual Studio\2022\Community\VC\Tools\MSVC\14.44.35207\include\unordered_map(23,1):
      see declaration of 'std'
  
C:\SFML-3.0.0\include\SFML\Graphics\Image.hpp(103,31): error C3083: 'filesystem': the symbol to the left of a '::' must be a type
  (compiling source file 'PianoVisualiser.cpp')
  
C:\SFML-3.0.0\include\SFML\Graphics\Image.hpp(103,43): error C2039: 'path': is not a member of 'std'
  (compiling source file 'PianoVisualiser.cpp')
      C:\Program Files\Microsoft Visual Studio\2022\Community\VC\Tools\MSVC\14.44.35207\include\unordered_map(23,1):
      see declaration of 'std'
  
C:\SFML-3.0.0\include\SFML\Graphics\Image.hpp(103,20): error C4430: missing type specifier - int assumed. Note: C++ does not support default-int
  (compiling source file 'PianoVisualiser.cpp')
  
C:\SFML-3.0.0\include\SFML\Graphics\Image.hpp(103,47): error C2143: syntax error: missing ',' before '&'
  (compiling source file 'PianoVisualiser.cpp')
  
C:\SFML-3.0.0\include\SFML\Graphics\Image.hpp(175,48): error C2039: 'filesystem': is not a member of 'std'
  (compiling source file 'PianoVisualiser.cpp')
      C:\Program Files\Microsoft Visual Studio\2022\Community\VC\Tools\MSVC\14.44.35207\include\unordered_map(23,1):
      see declaration of 'std'
  
C:\SFML-3.0.0\include\SFML\Graphics\Image.hpp(175,48): error C3083: 'filesystem': the symbol to the left of a '::' must be a type
  (compiling source file 'PianoVisualiser.cpp')
  
C:\SFML-3.0.0\include\SFML\Graphics\Image.hpp(175,60): error C2039: 'path': is not a member of 'std'
  (compiling source file 'PianoVisualiser.cpp')
      C:\Program Files\Microsoft Visual Studio\2022\Community\VC\Tools\MSVC\14.44.35207\include\unordered_map(23,1):
      see declaration of 'std'
  
C:\SFML-3.0.0\include\SFML\Graphics\Image.hpp(175,37): error C4430: missing type specifier - int assumed. Note: C++ does not support default-int
  (compiling source file 'PianoVisualiser.cpp')
  
C:\SFML-3.0.0\include\SFML\Graphics\Image.hpp(175,64): error C2143: syntax error: missing ',' before '&'
  (compiling source file 'PianoVisualiser.cpp')
  
C:\SFML-3.0.0\include\SFML\Graphics\Image.hpp(227,46): error C2039: 'filesystem': is not a member of 'std'
  (compiling source file 'PianoVisualiser.cpp')
      C:\Program Files\Microsoft Visual Studio\2022\Community\VC\Tools\MSVC\14.44.35207\include\unordered_map(23,1):
      see declaration of 'std'
  
C:\SFML-3.0.0\include\SFML\Graphics\Image.hpp(227,46): error C3083: 'filesystem': the symbol to the left of a '::' must be a type
  (compiling source file 'PianoVisualiser.cpp')
  
C:\SFML-3.0.0\include\SFML\Graphics\Image.hpp(227,58): error C2039: 'path': is not a member of 'std'
  (compiling source file 'PianoVisualiser.cpp')
      C:\Program Files\Microsoft Visual Studio\2022\Community\VC\Tools\MSVC\14.44.35207\include\unordered_map(23,1):
      see declaration of 'std'
  
C:\SFML-3.0.0\include\SFML\Graphics\Image.hpp(227,58): error C1003: error count exceeds 100; stopping compilation
  (compiling source file 'PianoVisualiser.cpp')
  
  Results.cpp
C:\SFML-3.0.0\include\SFML\Graphics\Color.inl(75,17): error C3615: constexpr function 'sf::operator +' cannot result in a constant expression
  (compiling source file 'Results.cpp')
      C:\SFML-3.0.0\include\SFML\Graphics\Color.inl(77,16):
      failure was because type 'const sf::+::<lambda_16287c72c63b32e0a9fa1270f38e4b81>' is not a literal type
      C:\SFML-3.0.0\include\SFML\Graphics\Color.inl(81,5):
      type 'sf::+::<lambda_16287c72c63b32e0a9fa1270f38e4b81>' is not a literal type because it is not an aggregate type, a closure type, or does not have a constexpr constructor that is not a copy or move constructor
  
C:\SFML-3.0.0\include\SFML\Graphics\Color.inl(91,17): error C3615: constexpr function 'sf::operator -' cannot result in a constant expression
  (compiling source file 'Results.cpp')
      C:\SFML-3.0.0\include\SFML\Graphics\Color.inl(93,16):
      failure was because type 'const sf::-::<lambda_306030dfce25397b9816ce24c68c04f0>' is not a literal type
      C:\SFML-3.0.0\include\SFML\Graphics\Color.inl(97,5):
      type 'sf::-::<lambda_306030dfce25397b9816ce24c68c04f0>' is not a literal type because it is not an aggregate type, a closure type, or does not have a constexpr constructor that is not a copy or move constructor
  
C:\SFML-3.0.0\include\SFML\Graphics\Color.inl(107,17): error C3615: constexpr function 'sf::operator *' cannot result in a constant expression
  (compiling source file 'Results.cpp')
      C:\SFML-3.0.0\include\SFML\Graphics\Color.inl(109,16):
      failure was because type 'const sf::*::<lambda_1570e60a8275d4bb357b66a7fbaafc0b>' is not a literal type
      C:\SFML-3.0.0\include\SFML\Graphics\Color.inl(113,5):
      type 'sf::*::<lambda_1570e60a8275d4bb357b66a7fbaafc0b>' is not a literal type because it is not an aggregate type, a closure type, or does not have a constexpr constructor that is not a copy or move constructor
  
C:\SFML-3.0.0\include\SFML\Graphics\Color.inl(146,31): error C7525: inline variables require at least '/std:c++17'
  (compiling source file 'Results.cpp')
  
C:\SFML-3.0.0\include\SFML\Graphics\Color.inl(147,31): error C7525: inline variables require at least '/std:c++17'
  (compiling source file 'Results.cpp')
  
C:\SFML-3.0.0\include\SFML\Graphics\Color.inl(148,31): error C7525: inline variables require at least '/std:c++17'
  (compiling source file 'Results.cpp')
  
C:\SFML-3.0.0\include\SFML\Graphics\Color.inl(149,31): error C7525: inline variables require at least '/std:c++17'
  (compiling source file 'Results.cpp')
  
C:\SFML-3.0.0\include\SFML\Graphics\Color.inl(150,31): error C7525: inline variables require at least '/std:c++17'
  (compiling source file 'Results.cpp')
  
C:\SFML-3.0.0\include\SFML\Graphics\Color.inl(151,31): error C7525: inline variables require at least '/std:c++17'
  (compiling source file 'Results.cpp')
  
C:\SFML-3.0.0\include\SFML\Graphics\Color.inl(152,31): error C7525: inline variables require at least '/std:c++17'
  (compiling source file 'Results.cpp')
  
C:\SFML-3.0.0\include\SFML\Graphics\Color.inl(153,31): error C7525: inline variables require at least '/std:c++17'
  (compiling source file 'Results.cpp')
  
C:\SFML-3.0.0\include\SFML\Graphics\Color.inl(154,31): error C7525: inline variables require at least '/std:c++17'
  (compiling source file 'Results.cpp')
  
C:\SFML-3.0.0\include\SFML\System\Angle.inl(272,31): error C7525: inline variables require at least '/std:c++17'
  (compiling source file 'Results.cpp')
  
C:\Program Files\Microsoft Visual Studio\2022\Community\VC\Tools\MSVC\14.44.35207\include\optional(11): warning STL4038: The contents of <optional> are available only with C++17 or later.
C:\SFML-3.0.0\include\SFML\Graphics\Rect.hpp(98,42): error C2143: syntax error: missing ';' before '<'
  (compiling source file 'Results.cpp')
      C:\SFML-3.0.0\include\SFML\Graphics\Rect.hpp(98,42):
      the template instantiation context (the oldest one first) is
          C:\SFML-3.0.0\include\SFML\Graphics\Rect.hpp(42,7):
          while compiling class template 'sf::Rect'
  
C:\SFML-3.0.0\include\SFML\Graphics\Rect.hpp(98,34): error C4430: missing type specifier - int assumed. Note: C++ does not support default-int
  (compiling source file 'Results.cpp')
  
C:\SFML-3.0.0\include\SFML\Graphics\Rect.hpp(98,34): error C2178: 'sf::Rect<T>::optional' cannot be declared with 'constexpr' specifier
  (compiling source file 'Results.cpp')
  
C:\SFML-3.0.0\include\SFML\Graphics\Rect.hpp(98,5): warning C4869: 'nodiscard' may only be applied to classes, enumerations, and functions
  (compiling source file 'Results.cpp')
  
C:\SFML-3.0.0\include\SFML\Graphics\Rect.hpp(98,100): error C2238: unexpected token(s) preceding ';'
  (compiling source file 'Results.cpp')
  
C:\SFML-3.0.0\include\SFML\Graphics\Rect.inl(71,16): error C2039: 'optional': is not a member of 'std'
  (compiling source file 'Results.cpp')
      C:\Program Files\Microsoft Visual Studio\2022\Community\VC\Tools\MSVC\14.44.35207\include\yvals.h(361,1):
      see declaration of 'std'
  
C:\SFML-3.0.0\include\SFML\Graphics\Rect.inl(71,24): error C2988: unrecognizable template declaration/definition
  (compiling source file 'Results.cpp')
  
C:\SFML-3.0.0\include\SFML\Graphics\Rect.inl(71,24): error C2143: syntax error: missing ';' before '<'
  (compiling source file 'Results.cpp')
  
C:\SFML-3.0.0\include\SFML\Graphics\Rect.inl(71,16): error C4430: missing type specifier - int assumed. Note: C++ does not support default-int
  (compiling source file 'Results.cpp')
  
C:\SFML-3.0.0\include\SFML\Graphics\Rect.inl(71,24): error C2059: syntax error: '<'
  (compiling source file 'Results.cpp')
  
C:\SFML-3.0.0\include\SFML\Graphics\Rect.inl(71,30): error C2065: 'T': undeclared identifier
  (compiling source file 'Results.cpp')
  
C:\SFML-3.0.0\include\SFML\Graphics\Rect.inl(71,25): error C2923: 'sf::Rect': 'T' is not a valid template type argument for parameter 'T'
  (compiling source file 'Results.cpp')
      C:\SFML-3.0.0\include\SFML\Graphics\Rect.inl(71,30):
      see declaration of 'T'
  
C:\SFML-3.0.0\include\SFML\Graphics\Rect.inl(71,39): error C2065: 'T': undeclared identifier
  (compiling source file 'Results.cpp')
  
C:\SFML-3.0.0\include\SFML\Graphics\Rect.inl(71,34): error C2923: 'sf::Rect': 'T' is not a valid template type argument for parameter 'T'
  (compiling source file 'Results.cpp')
      C:\SFML-3.0.0\include\SFML\Graphics\Rect.inl(71,39):
      see declaration of 'T'
  
C:\SFML-3.0.0\include\SFML\Graphics\Rect.inl(71,71): error C2065: 'T': undeclared identifier
  (compiling source file 'Results.cpp')
  
C:\SFML-3.0.0\include\SFML\Graphics\Rect.inl(71,66): error C2923: 'sf::Rect': 'T' is not a valid template type argument for parameter 'T'
  (compiling source file 'Results.cpp')
      C:\SFML-3.0.0\include\SFML\Graphics\Rect.inl(71,71):
      see declaration of 'T'
  
C:\SFML-3.0.0\include\SFML\Graphics\Rect.inl(72,1): error C2143: syntax error: missing ';' before '{'
  (compiling source file 'Results.cpp')
  
C:\SFML-3.0.0\include\SFML\Graphics\Rect.inl(72,1): error C2447: '{': missing function header (old-style formal list?)
  (compiling source file 'Results.cpp')
  
C:\SFML-3.0.0\include\SFML\Graphics\Transform.inl(52,35): error C3615: constexpr function 'sf::Transform::getMatrix' cannot result in a constant expression
  (compiling source file 'Results.cpp')
      C:\SFML-3.0.0\include\SFML\Graphics\Transform.inl(54,25):
      failure was caused by call of undefined function or one not declared 'constexpr'
      C:\SFML-3.0.0\include\SFML\Graphics\Transform.inl(54,25):
      see usage of 'std::array<float,16>::data'
  
C:\SFML-3.0.0\include\SFML\Graphics\Rect.hpp(98,34): error C2039: 'optional': is not a member of 'std'
  (compiling source file 'Results.cpp')
      C:\Program Files\Microsoft Visual Studio\2022\Community\VC\Tools\MSVC\14.44.35207\include\array(19,1):
      see declaration of 'std'
      C:\SFML-3.0.0\include\SFML\Graphics\Rect.hpp(98,34):
      the template instantiation context (the oldest one first) is
          C:\SFML-3.0.0\include\SFML\Graphics\Transform.inl(98,32):
          see reference to class template instantiation 'sf::Rect<float>' being compiled
  
C:\SFML-3.0.0\include\SFML\Graphics\Rect.hpp(98,34): error C2178: 'sf::Rect<float>::optional' cannot be declared with 'constexpr' specifier
  (compiling source file 'Results.cpp')
  
C:\SFML-3.0.0\include\SFML\Graphics\Transform.inl(101,31): error C2514: 'std::array': class template cannot be constructed
  (compiling source file 'Results.cpp')
      C:\Program Files\Microsoft Visual Studio\2022\Community\VC\Tools\MSVC\14.44.35207\include\array(402,7):
      see declaration of 'std::array'
  
C:\SFML-3.0.0\include\SFML\Graphics\Transform.inl(107,21): error C2678: binary '[': no operator found which takes a left-hand operand of type 'const std::array' (or there is no acceptable conversion)
  (compiling source file 'Results.cpp')
      C:\Program Files\Microsoft Visual Studio\2022\Community\VC\Tools\MSVC\14.44.35207\include\array(537,42):
      could be 'const _Ty &std::array<_Ty,_Size>::operator [](std::array<_Ty,_Size>::size_type) noexcept const'
          C:\SFML-3.0.0\include\SFML\Graphics\Transform.inl(107,21):
          'const _Ty &std::array<_Ty,_Size>::operator [](std::array<_Ty,_Size>::size_type) noexcept const': cannot convert 'this' pointer from 'const std::array' to 'const std::array<_Ty,_Size> &'
              C:\SFML-3.0.0\include\SFML\Graphics\Transform.inl(107,21):
              Reason: cannot convert from 'const std::array' to 'const std::array<_Ty,_Size>'
              C:\SFML-3.0.0\include\SFML\Graphics\Transform.inl(107,21):
              Conversion requires a second user-defined-conversion operator or constructor
      C:\Program Files\Microsoft Visual Studio\2022\Community\VC\Tools\MSVC\14.44.35207\include\array(529,39):
      or       '_Ty &std::array<_Ty,_Size>::operator [](std::array<_Ty,_Size>::size_type) noexcept'
          C:\SFML-3.0.0\include\SFML\Graphics\Transform.inl(107,21):
          '_Ty &std::array<_Ty,_Size>::operator [](std::array<_Ty,_Size>::size_type) noexcept': cannot convert 'this' pointer from 'const std::array' to 'std::array<_Ty,_Size> &'
              C:\SFML-3.0.0\include\SFML\Graphics\Transform.inl(107,21):
              Reason: cannot convert from 'const std::array' to 'std::array<_Ty,_Size>'
              C:\SFML-3.0.0\include\SFML\Graphics\Transform.inl(107,21):
              Conversion requires a second user-defined-conversion operator or constructor
      C:\SFML-3.0.0\include\SFML\Graphics\Transform.inl(107,21):
      while trying to match the argument list '(const std::array, int)'
  
C:\SFML-3.0.0\include\SFML\Graphics\Transform.inl(108,21): error C2678: binary '[': no operator found which takes a left-hand operand of type 'const std::array' (or there is no acceptable conversion)
  (compiling source file 'Results.cpp')
      C:\Program Files\Microsoft Visual Studio\2022\Community\VC\Tools\MSVC\14.44.35207\include\array(537,42):
      could be 'const _Ty &std::array<_Ty,_Size>::operator [](std::array<_Ty,_Size>::size_type) noexcept const'
          C:\SFML-3.0.0\include\SFML\Graphics\Transform.inl(108,21):
          'const _Ty &std::array<_Ty,_Size>::operator [](std::array<_Ty,_Size>::size_type) noexcept const': cannot convert 'this' pointer from 'const std::array' to 'const std::array<_Ty,_Size> &'
              C:\SFML-3.0.0\include\SFML\Graphics\Transform.inl(108,21):
              Reason: cannot convert from 'const std::array' to 'const std::array<_Ty,_Size>'
              C:\SFML-3.0.0\include\SFML\Graphics\Transform.inl(108,21):
              Conversion requires a second user-defined-conversion operator or constructor
      C:\Program Files\Microsoft Visual Studio\2022\Community\VC\Tools\MSVC\14.44.35207\include\array(529,39):
      or       '_Ty &std::array<_Ty,_Size>::operator [](std::array<_Ty,_Size>::size_type) noexcept'
          C:\SFML-3.0.0\include\SFML\Graphics\Transform.inl(108,21):
          '_Ty &std::array<_Ty,_Size>::operator [](std::array<_Ty,_Size>::size_type) noexcept': cannot convert 'this' pointer from 'const std::array' to 'std::array<_Ty,_Size> &'
              C:\SFML-3.0.0\include\SFML\Graphics\Transform.inl(108,21):
              Reason: cannot convert from 'const std::array' to 'std::array<_Ty,_Size>'
              C:\SFML-3.0.0\include\SFML\Graphics\Transform.inl(108,21):
              Conversion requires a second user-defined-conversion operator or constructor
      C:\SFML-3.0.0\include\SFML\Graphics\Transform.inl(108,21):
      while trying to match the argument list '(const std::array, int)'
  
C:\SFML-3.0.0\include\SFML\Graphics\Transform.inl(110,40): error C2662: 'std::array<_Ty,_Size>::size_type std::array<_Ty,_Size>::size(void) noexcept const': cannot convert 'this' pointer from 'const std::array' to 'const std::array<_Ty,_Size> &'
  (compiling source file 'Results.cpp')
      C:\SFML-3.0.0\include\SFML\Graphics\Transform.inl(110,33):
      Reason: cannot convert from 'const std::array' to 'const std::array<_Ty,_Size>'
      C:\SFML-3.0.0\include\SFML\Graphics\Transform.inl(110,33):
      Conversion requires a second user-defined-conversion operator or constructor
      C:\Program Files\Microsoft Visual Studio\2022\Community\VC\Tools\MSVC\14.44.35207\include\array(501,59):
      see declaration of 'std::array<_Ty,_Size>::size'
      C:\SFML-3.0.0\include\SFML\Graphics\Transform.inl(110,40):
      while trying to match the argument list '()'
  
C:\SFML-3.0.0\include\SFML\Graphics\Transform.inl(113,18): error C2678: binary '[': no operator found which takes a left-hand operand of type 'const std::array' (or there is no acceptable conversion)
  (compiling source file 'Results.cpp')
      C:\Program Files\Microsoft Visual Studio\2022\Community\VC\Tools\MSVC\14.44.35207\include\array(537,42):
      could be 'const _Ty &std::array<_Ty,_Size>::operator [](std::array<_Ty,_Size>::size_type) noexcept const'
          C:\SFML-3.0.0\include\SFML\Graphics\Transform.inl(113,18):
          'const _Ty &std::array<_Ty,_Size>::operator [](std::array<_Ty,_Size>::size_type) noexcept const': cannot convert 'this' pointer from 'const std::array' to 'const std::array<_Ty,_Size> &'
              C:\SFML-3.0.0\include\SFML\Graphics\Transform.inl(113,18):
              Reason: cannot convert from 'const std::array' to 'const std::array<_Ty,_Size>'
              C:\SFML-3.0.0\include\SFML\Graphics\Transform.inl(113,18):
              Conversion requires a second user-defined-conversion operator or constructor
      C:\Program Files\Microsoft Visual Studio\2022\Community\VC\Tools\MSVC\14.44.35207\include\array(529,39):
      or       '_Ty &std::array<_Ty,_Size>::operator [](std::array<_Ty,_Size>::size_type) noexcept'
          C:\SFML-3.0.0\include\SFML\Graphics\Transform.inl(113,18):
          '_Ty &std::array<_Ty,_Size>::operator [](std::array<_Ty,_Size>::size_type) noexcept': cannot convert 'this' pointer from 'const std::array' to 'std::array<_Ty,_Size> &'
              C:\SFML-3.0.0\include\SFML\Graphics\Transform.inl(113,18):
              Reason: cannot convert from 'const std::array' to 'std::array<_Ty,_Size>'
              C:\SFML-3.0.0\include\SFML\Graphics\Transform.inl(113,18):
              Conversion requires a second user-defined-conversion operator or constructor
      C:\SFML-3.0.0\include\SFML\Graphics\Transform.inl(113,18):
      while trying to match the argument list '(const std::array, size_t)'
  
C:\SFML-3.0.0\include\SFML\Graphics\Transform.inl(113,49): error C2678: binary '[': no operator found which takes a left-hand operand of type 'const std::array' (or there is no acceptable conversion)
  (compiling source file 'Results.cpp')
      C:\Program Files\Microsoft Visual Studio\2022\Community\VC\Tools\MSVC\14.44.35207\include\array(537,42):
      could be 'const _Ty &std::array<_Ty,_Size>::operator [](std::array<_Ty,_Size>::size_type) noexcept const'
          C:\SFML-3.0.0\include\SFML\Graphics\Transform.inl(113,49):
          'const _Ty &std::array<_Ty,_Size>::operator [](std::array<_Ty,_Size>::size_type) noexcept const': cannot convert 'this' pointer from 'const std::array' to 'const std::array<_Ty,_Size> &'
              C:\SFML-3.0.0\include\SFML\Graphics\Transform.inl(113,49):
              Reason: cannot convert from 'const std::array' to 'const std::array<_Ty,_Size>'
              C:\SFML-3.0.0\include\SFML\Graphics\Transform.inl(113,49):
              Conversion requires a second user-defined-conversion operator or constructor
      C:\Program Files\Microsoft Visual Studio\2022\Community\VC\Tools\MSVC\14.44.35207\include\array(529,39):
      or       '_Ty &std::array<_Ty,_Size>::operator [](std::array<_Ty,_Size>::size_type) noexcept'
          C:\SFML-3.0.0\include\SFML\Graphics\Transform.inl(113,49):
          '_Ty &std::array<_Ty,_Size>::operator [](std::array<_Ty,_Size>::size_type) noexcept': cannot convert 'this' pointer from 'const std::array' to 'std::array<_Ty,_Size> &'
              C:\SFML-3.0.0\include\SFML\Graphics\Transform.inl(113,49):
              Reason: cannot convert from 'const std::array' to 'std::array<_Ty,_Size>'
              C:\SFML-3.0.0\include\SFML\Graphics\Transform.inl(113,49):
              Conversion requires a second user-defined-conversion operator or constructor
      C:\SFML-3.0.0\include\SFML\Graphics\Transform.inl(113,49):
      while trying to match the argument list '(const std::array, size_t)'
  
C:\SFML-3.0.0\include\SFML\Graphics\Transform.inl(114,18): error C2678: binary '[': no operator found which takes a left-hand operand of type 'const std::array' (or there is no acceptable conversion)
  (compiling source file 'Results.cpp')
      C:\Program Files\Microsoft Visual Studio\2022\Community\VC\Tools\MSVC\14.44.35207\include\array(537,42):
      could be 'const _Ty &std::array<_Ty,_Size>::operator [](std::array<_Ty,_Size>::size_type) noexcept const'
          C:\SFML-3.0.0\include\SFML\Graphics\Transform.inl(114,18):
          'const _Ty &std::array<_Ty,_Size>::operator [](std::array<_Ty,_Size>::size_type) noexcept const': cannot convert 'this' pointer from 'const std::array' to 'const std::array<_Ty,_Size> &'
              C:\SFML-3.0.0\include\SFML\Graphics\Transform.inl(114,18):
              Reason: cannot convert from 'const std::array' to 'const std::array<_Ty,_Size>'
              C:\SFML-3.0.0\include\SFML\Graphics\Transform.inl(114,18):
              Conversion requires a second user-defined-conversion operator or constructor
      C:\Program Files\Microsoft Visual Studio\2022\Community\VC\Tools\MSVC\14.44.35207\include\array(529,39):
      or       '_Ty &std::array<_Ty,_Size>::operator [](std::array<_Ty,_Size>::size_type) noexcept'
          C:\SFML-3.0.0\include\SFML\Graphics\Transform.inl(114,18):
          '_Ty &std::array<_Ty,_Size>::operator [](std::array<_Ty,_Size>::size_type) noexcept': cannot convert 'this' pointer from 'const std::array' to 'std::array<_Ty,_Size> &'
              C:\SFML-3.0.0\include\SFML\Graphics\Transform.inl(114,18):
              Reason: cannot convert from 'const std::array' to 'std::array<_Ty,_Size>'
              C:\SFML-3.0.0\include\SFML\Graphics\Transform.inl(114,18):
              Conversion requires a second user-defined-conversion operator or constructor
      C:\SFML-3.0.0\include\SFML\Graphics\Transform.inl(114,18):
      while trying to match the argument list '(const std::array, size_t)'
  
C:\SFML-3.0.0\include\SFML\Graphics\Transform.inl(114,49): error C2678: binary '[': no operator found which takes a left-hand operand of type 'const std::array' (or there is no acceptable conversion)
  (compiling source file 'Results.cpp')
      C:\Program Files\Microsoft Visual Studio\2022\Community\VC\Tools\MSVC\14.44.35207\include\array(537,42):
      could be 'const _Ty &std::array<_Ty,_Size>::operator [](std::array<_Ty,_Size>::size_type) noexcept const'
          C:\SFML-3.0.0\include\SFML\Graphics\Transform.inl(114,49):
          'const _Ty &std::array<_Ty,_Size>::operator [](std::array<_Ty,_Size>::size_type) noexcept const': cannot convert 'this' pointer from 'const std::array' to 'const std::array<_Ty,_Size> &'
              C:\SFML-3.0.0\include\SFML\Graphics\Transform.inl(114,49):
              Reason: cannot convert from 'const std::array' to 'const std::array<_Ty,_Size>'
              C:\SFML-3.0.0\include\SFML\Graphics\Transform.inl(114,49):
              Conversion requires a second user-defined-conversion operator or constructor
      C:\Program Files\Microsoft Visual Studio\2022\Community\VC\Tools\MSVC\14.44.35207\include\array(529,39):
      or       '_Ty &std::array<_Ty,_Size>::operator [](std::array<_Ty,_Size>::size_type) noexcept'
          C:\SFML-3.0.0\include\SFML\Graphics\Transform.inl(114,49):
          '_Ty &std::array<_Ty,_Size>::operator [](std::array<_Ty,_Size>::size_type) noexcept': cannot convert 'this' pointer from 'const std::array' to 'std::array<_Ty,_Size> &'
              C:\SFML-3.0.0\include\SFML\Graphics\Transform.inl(114,49):
              Reason: cannot convert from 'const std::array' to 'std::array<_Ty,_Size>'
              C:\SFML-3.0.0\include\SFML\Graphics\Transform.inl(114,49):
              Conversion requires a second user-defined-conversion operator or constructor
      C:\SFML-3.0.0\include\SFML\Graphics\Transform.inl(114,49):
      while trying to match the argument list '(const std::array, size_t)'
  
C:\SFML-3.0.0\include\SFML\Graphics\Transform.inl(116,18): error C2678: binary '[': no operator found which takes a left-hand operand of type 'const std::array' (or there is no acceptable conversion)
  (compiling source file 'Results.cpp')
      C:\Program Files\Microsoft Visual Studio\2022\Community\VC\Tools\MSVC\14.44.35207\include\array(537,42):
      could be 'const _Ty &std::array<_Ty,_Size>::operator [](std::array<_Ty,_Size>::size_type) noexcept const'
          C:\SFML-3.0.0\include\SFML\Graphics\Transform.inl(116,18):
          'const _Ty &std::array<_Ty,_Size>::operator [](std::array<_Ty,_Size>::size_type) noexcept const': cannot convert 'this' pointer from 'const std::array' to 'const std::array<_Ty,_Size> &'
              C:\SFML-3.0.0\include\SFML\Graphics\Transform.inl(116,18):
              Reason: cannot convert from 'const std::array' to 'const std::array<_Ty,_Size>'
              C:\SFML-3.0.0\include\SFML\Graphics\Transform.inl(116,18):
              Conversion requires a second user-defined-conversion operator or constructor
      C:\Program Files\Microsoft Visual Studio\2022\Community\VC\Tools\MSVC\14.44.35207\include\array(529,39):
      or       '_Ty &std::array<_Ty,_Size>::operator [](std::array<_Ty,_Size>::size_type) noexcept'
          C:\SFML-3.0.0\include\SFML\Graphics\Transform.inl(116,18):
          '_Ty &std::array<_Ty,_Size>::operator [](std::array<_Ty,_Size>::size_type) noexcept': cannot convert 'this' pointer from 'const std::array' to 'std::array<_Ty,_Size> &'
              C:\SFML-3.0.0\include\SFML\Graphics\Transform.inl(116,18):
              Reason: cannot convert from 'const std::array' to 'std::array<_Ty,_Size>'
              C:\SFML-3.0.0\include\SFML\Graphics\Transform.inl(116,18):
              Conversion requires a second user-defined-conversion operator or constructor
      C:\SFML-3.0.0\include\SFML\Graphics\Transform.inl(116,18):
      while trying to match the argument list '(const std::array, size_t)'
  
C:\SFML-3.0.0\include\SFML\Graphics\Transform.inl(116,49): error C2678: binary '[': no operator found which takes a left-hand operand of type 'const std::array' (or there is no acceptable conversion)
  (compiling source file 'Results.cpp')
      C:\Program Files\Microsoft Visual Studio\2022\Community\VC\Tools\MSVC\14.44.35207\include\array(537,42):
      could be 'const _Ty &std::array<_Ty,_Size>::operator [](std::array<_Ty,_Size>::size_type) noexcept const'
          C:\SFML-3.0.0\include\SFML\Graphics\Transform.inl(116,49):
          'const _Ty &std::array<_Ty,_Size>::operator [](std::array<_Ty,_Size>::size_type) noexcept const': cannot convert 'this' pointer from 'const std::array' to 'const std::array<_Ty,_Size> &'
              C:\SFML-3.0.0\include\SFML\Graphics\Transform.inl(116,49):
              Reason: cannot convert from 'const std::array' to 'const std::array<_Ty,_Size>'
              C:\SFML-3.0.0\include\SFML\Graphics\Transform.inl(116,49):
              Conversion requires a second user-defined-conversion operator or constructor
      C:\Program Files\Microsoft Visual Studio\2022\Community\VC\Tools\MSVC\14.44.35207\include\array(529,39):
      or       '_Ty &std::array<_Ty,_Size>::operator [](std::array<_Ty,_Size>::size_type) noexcept'
          C:\SFML-3.0.0\include\SFML\Graphics\Transform.inl(116,49):
          '_Ty &std::array<_Ty,_Size>::operator [](std::array<_Ty,_Size>::size_type) noexcept': cannot convert 'this' pointer from 'const std::array' to 'std::array<_Ty,_Size> &'
              C:\SFML-3.0.0\include\SFML\Graphics\Transform.inl(116,49):
              Reason: cannot convert from 'const std::array' to 'std::array<_Ty,_Size>'
              C:\SFML-3.0.0\include\SFML\Graphics\Transform.inl(116,49):
              Conversion requires a second user-defined-conversion operator or constructor
      C:\SFML-3.0.0\include\SFML\Graphics\Transform.inl(116,49):
      while trying to match the argument list '(const std::array, size_t)'
  
C:\SFML-3.0.0\include\SFML\Graphics\Transform.inl(117,18): error C2678: binary '[': no operator found which takes a left-hand operand of type 'const std::array' (or there is no acceptable conversion)
  (compiling source file 'Results.cpp')
      C:\Program Files\Microsoft Visual Studio\2022\Community\VC\Tools\MSVC\14.44.35207\include\array(537,42):
      could be 'const _Ty &std::array<_Ty,_Size>::operator [](std::array<_Ty,_Size>::size_type) noexcept const'
          C:\SFML-3.0.0\include\SFML\Graphics\Transform.inl(117,18):
          'const _Ty &std::array<_Ty,_Size>::operator [](std::array<_Ty,_Size>::size_type) noexcept const': cannot convert 'this' pointer from 'const std::array' to 'const std::array<_Ty,_Size> &'
              C:\SFML-3.0.0\include\SFML\Graphics\Transform.inl(117,18):
              Reason: cannot convert from 'const std::array' to 'const std::array<_Ty,_Size>'
              C:\SFML-3.0.0\include\SFML\Graphics\Transform.inl(117,18):
              Conversion requires a second user-defined-conversion operator or constructor
      C:\Program Files\Microsoft Visual Studio\2022\Community\VC\Tools\MSVC\14.44.35207\include\array(529,39):
      or       '_Ty &std::array<_Ty,_Size>::operator [](std::array<_Ty,_Size>::size_type) noexcept'
          C:\SFML-3.0.0\include\SFML\Graphics\Transform.inl(117,18):
          '_Ty &std::array<_Ty,_Size>::operator [](std::array<_Ty,_Size>::size_type) noexcept': cannot convert 'this' pointer from 'const std::array' to 'std::array<_Ty,_Size> &'
              C:\SFML-3.0.0\include\SFML\Graphics\Transform.inl(117,18):
              Reason: cannot convert from 'const std::array' to 'std::array<_Ty,_Size>'
              C:\SFML-3.0.0\include\SFML\Graphics\Transform.inl(117,18):
              Conversion requires a second user-defined-conversion operator or constructor
      C:\SFML-3.0.0\include\SFML\Graphics\Transform.inl(117,18):
      while trying to match the argument list '(const std::array, size_t)'
  
C:\SFML-3.0.0\include\SFML\Graphics\Transform.inl(117,49): error C2678: binary '[': no operator found which takes a left-hand operand of type 'const std::array' (or there is no acceptable conversion)
  (compiling source file 'Results.cpp')
      C:\Program Files\Microsoft Visual Studio\2022\Community\VC\Tools\MSVC\14.44.35207\include\array(537,42):
      could be 'const _Ty &std::array<_Ty,_Size>::operator [](std::array<_Ty,_Size>::size_type) noexcept const'
          C:\SFML-3.0.0\include\SFML\Graphics\Transform.inl(117,49):
          'const _Ty &std::array<_Ty,_Size>::operator [](std::array<_Ty,_Size>::size_type) noexcept const': cannot convert 'this' pointer from 'const std::array' to 'const std::array<_Ty,_Size> &'
              C:\SFML-3.0.0\include\SFML\Graphics\Transform.inl(117,49):
              Reason: cannot convert from 'const std::array' to 'const std::array<_Ty,_Size>'
              C:\SFML-3.0.0\include\SFML\Graphics\Transform.inl(117,49):
              Conversion requires a second user-defined-conversion operator or constructor
      C:\Program Files\Microsoft Visual Studio\2022\Community\VC\Tools\MSVC\14.44.35207\include\array(529,39):
      or       '_Ty &std::array<_Ty,_Size>::operator [](std::array<_Ty,_Size>::size_type) noexcept'
          C:\SFML-3.0.0\include\SFML\Graphics\Transform.inl(117,49):
          '_Ty &std::array<_Ty,_Size>::operator [](std::array<_Ty,_Size>::size_type) noexcept': cannot convert 'this' pointer from 'const std::array' to 'std::array<_Ty,_Size> &'
              C:\SFML-3.0.0\include\SFML\Graphics\Transform.inl(117,49):
              Reason: cannot convert from 'const std::array' to 'std::array<_Ty,_Size>'
              C:\SFML-3.0.0\include\SFML\Graphics\Transform.inl(117,49):
              Conversion requires a second user-defined-conversion operator or constructor
      C:\SFML-3.0.0\include\SFML\Graphics\Transform.inl(117,49):
      while trying to match the argument list '(const std::array, size_t)'
  
C:\SFML-3.0.0\include\SFML\Graphics\Transform.inl(98,32): error C3615: constexpr function 'sf::Transform::transformRect' cannot result in a constant expression
  (compiling source file 'Results.cpp')
      C:\SFML-3.0.0\include\SFML\Graphics\Transform.inl(101,22):
      failure was because type 'const std::array' is not a literal type
      C:\Program Files\Microsoft Visual Studio\2022\Community\VC\Tools\MSVC\14.44.35207\include\array(402,7):
      type 'std::array' is not a literal type because it is not an aggregate type, a closure type, or does not have a constexpr constructor that is not a copy or move constructor
      C:\SFML-3.0.0\include\SFML\Graphics\Transform.inl(110,39):
      failure was caused by call of undefined function or one not declared 'constexpr'
      C:\SFML-3.0.0\include\SFML\Graphics\Transform.inl(110,39):
      see usage of '<declval>'
      C:\SFML-3.0.0\include\SFML\Graphics\Transform.inl(98,32):
      failure was caused by control reaching the end of a constexpr function
  
C:\SFML-3.0.0\include\SFML\Graphics\Transform.inl(234,39): error C7525: inline variables require at least '/std:c++17'
  (compiling source file 'Results.cpp')
  
C:\SFML-3.0.0\include\SFML\System\Time.inl(282,29): error C7525: inline variables require at least '/std:c++17'
  (compiling source file 'Results.cpp')
  
C:\SFML-3.0.0\include\SFML\Window\WindowBase.hpp(226,24): error C2039: 'optional': is not a member of 'std'
  (compiling source file 'Results.cpp')
      C:\Program Files\Microsoft Visual Studio\2022\Community\VC\Tools\MSVC\14.44.35207\include\chrono(45,1):
      see declaration of 'std'
  
C:\SFML-3.0.0\include\SFML\Window\WindowBase.hpp(226,32): error C2143: syntax error: missing ';' before '<'
  (compiling source file 'Results.cpp')
  
C:\SFML-3.0.0\include\SFML\Window\WindowBase.hpp(226,24): error C4430: missing type specifier - int assumed. Note: C++ does not support default-int
  (compiling source file 'Results.cpp')
  
C:\SFML-3.0.0\include\SFML\Window\WindowBase.hpp(226,5): warning C4869: 'nodiscard' may only be applied to classes, enumerations, and functions
  (compiling source file 'Results.cpp')
  
C:\SFML-3.0.0\include\SFML\Window\WindowBase.hpp(226,51): error C2238: unexpected token(s) preceding ';'
  (compiling source file 'Results.cpp')
  
C:\SFML-3.0.0\include\SFML\Window\WindowBase.hpp(252,24): error C2039: 'optional': is not a member of 'std'
  (compiling source file 'Results.cpp')
      C:\Program Files\Microsoft Visual Studio\2022\Community\VC\Tools\MSVC\14.44.35207\include\chrono(45,1):
      see declaration of 'std'
  
C:\SFML-3.0.0\include\SFML\Window\WindowBase.hpp(252,32): error C2143: syntax error: missing ';' before '<'
  (compiling source file 'Results.cpp')
  
C:\SFML-3.0.0\include\SFML\Window\WindowBase.hpp(252,24): error C4430: missing type specifier - int assumed. Note: C++ does not support default-int
  (compiling source file 'Results.cpp')
  
C:\SFML-3.0.0\include\SFML\Window\WindowBase.hpp(252,5): warning C4869: 'nodiscard' may only be applied to classes, enumerations, and functions
  (compiling source file 'Results.cpp')
  
C:\SFML-3.0.0\include\SFML\Window\WindowBase.hpp(252,76): error C2238: unexpected token(s) preceding ';'
  (compiling source file 'Results.cpp')
  
C:\SFML-3.0.0\include\SFML\Window\WindowBase.hpp(387,36): error C2039: 'optional': is not a member of 'std'
  (compiling source file 'Results.cpp')
      C:\Program Files\Microsoft Visual Studio\2022\Community\VC\Tools\MSVC\14.44.35207\include\chrono(45,1):
      see declaration of 'std'
  
C:\SFML-3.0.0\include\SFML\Window\WindowBase.hpp(387,25): error C4430: missing type specifier - int assumed. Note: C++ does not support default-int
  (compiling source file 'Results.cpp')
  
C:\SFML-3.0.0\include\SFML\Window\WindowBase.hpp(387,44): error C2143: syntax error: missing ',' before '<'
  (compiling source file 'Results.cpp')
  
C:\SFML-3.0.0\include\SFML\Window\WindowBase.hpp(397,36): error C2039: 'optional': is not a member of 'std'
  (compiling source file 'Results.cpp')
      C:\Program Files\Microsoft Visual Studio\2022\Community\VC\Tools\MSVC\14.44.35207\include\chrono(45,1):
      see declaration of 'std'
  
C:\SFML-3.0.0\include\SFML\Window\WindowBase.hpp(397,25): error C4430: missing type specifier - int assumed. Note: C++ does not support default-int
  (compiling source file 'Results.cpp')
  
C:\SFML-3.0.0\include\SFML\Window\WindowBase.hpp(397,44): error C2143: syntax error: missing ',' before '<'
  (compiling source file 'Results.cpp')
  
C:\SFML-3.0.0\include\SFML\System\String.hpp(102,37): error C7525: inline variables require at least '/std:c++17'
  (compiling source file 'Results.cpp')
  
C:\SFML-3.0.0\include\SFML\Window\Joystick.hpp(38,11): error C2429: language feature 'nested-namespace-definition' requires compiler flag '/std:c++17'
  (compiling source file 'Results.cpp')
  
C:\SFML-3.0.0\include\SFML\Window\Sensor.hpp(38,11): error C2429: language feature 'nested-namespace-definition' requires compiler flag '/std:c++17'
  (compiling source file 'Results.cpp')
  
C:\Program Files\Microsoft Visual Studio\2022\Community\VC\Tools\MSVC\14.44.35207\include\variant(12): warning STL4038: The contents of <variant> are available only with C++17 or later.
C:\SFML-3.0.0\include\SFML\Window\Event.hpp(345,10): error C2039: 'variant': is not a member of 'std'
  (compiling source file 'Results.cpp')
      C:\Program Files\Microsoft Visual Studio\2022\Community\VC\Tools\MSVC\14.44.35207\include\string(23,1):
      see declaration of 'std'
  
C:\SFML-3.0.0\include\SFML\Window\Event.hpp(345,17): error C2143: syntax error: missing ';' before '<'
  (compiling source file 'Results.cpp')
  
C:\SFML-3.0.0\include\SFML\Window\Event.hpp(345,10): error C4430: missing type specifier - int assumed. Note: C++ does not support default-int
  (compiling source file 'Results.cpp')
  
C:\SFML-3.0.0\include\SFML\Window\Event.hpp(368,15): error C2238: unexpected token(s) preceding ';'
  (compiling source file 'Results.cpp')
  
C:\SFML-3.0.0\include\SFML\Window\Event.hpp(374,70): error C2039: 'variant': is not a member of 'std'
  (compiling source file 'Results.cpp')
      C:\Program Files\Microsoft Visual Studio\2022\Community\VC\Tools\MSVC\14.44.35207\include\string(23,1):
      see declaration of 'std'
  
C:\SFML-3.0.0\include\SFML\Window\Event.hpp(374,59): error C4430: missing type specifier - int assumed. Note: C++ does not support default-int
  (compiling source file 'Results.cpp')
  
C:\SFML-3.0.0\include\SFML\Window\Event.hpp(374,77): error C2988: unrecognizable template declaration/definition
  (compiling source file 'Results.cpp')
  
C:\SFML-3.0.0\include\SFML\Window\Event.hpp(374,77): error C2143: syntax error: missing ',' before '<'
  (compiling source file 'Results.cpp')
  
C:\SFML-3.0.0\include\SFML\Window\WindowBase.inl(41,25): error C7530: applying a pack-expansion to a using-declaration requires at least '/std:c++17'
  (compiling source file 'Results.cpp')
      C:\SFML-3.0.0\include\SFML\Window\WindowBase.inl(41,25):
      the template instantiation context (the oldest one first) is
          C:\SFML-3.0.0\include\SFML\Window\WindowBase.inl(39,8):
          while compiling class template 'sf::priv::OverloadSet'
  
C:\SFML-3.0.0\include\SFML\Window\WindowBase.inl(47,15): error C2988: unrecognizable template declaration/definition
  (compiling source file 'Results.cpp')
  
C:\SFML-3.0.0\include\SFML\Window\WindowBase.inl(47,15): error C2143: syntax error: missing ')' before '...'
  (compiling source file 'Results.cpp')
  
C:\SFML-3.0.0\include\SFML\Window\WindowBase.inl(47,15): error C2143: syntax error: missing ';' before '...'
  (compiling source file 'Results.cpp')
  
C:\SFML-3.0.0\include\SFML\Window\WindowBase.inl(47,13): error C2365: 'Ts': redefinition; previous definition was 'template parameter'
  (compiling source file 'Results.cpp')
      C:\SFML-3.0.0\include\SFML\Window\WindowBase.inl(46,23):
      see declaration of 'Ts'
  
C:\SFML-3.0.0\include\SFML\Window\WindowBase.inl(47,18): error C2059: syntax error: ')'
  (compiling source file 'Results.cpp')
  
C:\SFML-3.0.0\include\SFML\Window\WindowBase.inl(47,20): error C2988: unrecognizable template declaration/definition
  (compiling source file 'Results.cpp')
  
C:\SFML-3.0.0\include\SFML\Window\WindowBase.inl(47,20): error C2059: syntax error: '->'
  (compiling source file 'Results.cpp')
  
C:\SFML-3.0.0\include\SFML\Window\WindowBase.inl(47,35): error C2065: 'Ts': undeclared identifier
  (compiling source file 'Results.cpp')
  
C:\SFML-3.0.0\include\SFML\Window\WindowBase.inl(47,35): error C3546: '...': there are no parameter packs available to expand
  (compiling source file 'Results.cpp')
  
C:\SFML-3.0.0\include\SFML\Window\WindowBase.inl(47,23): error C3544: 'Ts': parameter pack expects a type template argument
  (compiling source file 'Results.cpp')
  
C:\SFML-3.0.0\include\SFML\Graphics\Rect.hpp(98,34): error C2178: 'sf::Rect<int>::optional' cannot be declared with 'constexpr' specifier
  (compiling source file 'Results.cpp')
  
C:\Program Files\Microsoft Visual Studio\2022\Community\VC\Tools\MSVC\14.44.35207\include\filesystem(12): warning STL4038: The contents of <filesystem> are available only with C++17 or later.
C:\SFML-3.0.0\include\SFML\Graphics\Texture.hpp(114,33): error C2039: 'filesystem': is not a member of 'std'
  (compiling source file 'Results.cpp')
      C:\Program Files\Microsoft Visual Studio\2022\Community\VC\Tools\MSVC\14.44.35207\include\string(23,1):
      see declaration of 'std'
  
C:\SFML-3.0.0\include\SFML\Graphics\Texture.hpp(114,33): error C3083: 'filesystem': the symbol to the left of a '::' must be a type
  (compiling source file 'Results.cpp')
  
C:\SFML-3.0.0\include\SFML\Graphics\Texture.hpp(114,45): error C2039: 'path': is not a member of 'std'
  (compiling source file 'Results.cpp')
      C:\Program Files\Microsoft Visual Studio\2022\Community\VC\Tools\MSVC\14.44.35207\include\string(23,1):
      see declaration of 'std'
  
C:\SFML-3.0.0\include\SFML\Graphics\Texture.hpp(114,22): error C4430: missing type specifier - int assumed. Note: C++ does not support default-int
  (compiling source file 'Results.cpp')
  
C:\SFML-3.0.0\include\SFML\Graphics\Texture.hpp(114,49): error C2143: syntax error: missing ',' before '&'
  (compiling source file 'Results.cpp')
  
C:\SFML-3.0.0\include\SFML\Graphics\Texture.hpp(137,24): error C2039: 'filesystem': is not a member of 'std'
  (compiling source file 'Results.cpp')
      C:\Program Files\Microsoft Visual Studio\2022\Community\VC\Tools\MSVC\14.44.35207\include\string(23,1):
      see declaration of 'std'
  
C:\SFML-3.0.0\include\SFML\Graphics\Texture.hpp(137,24): error C3083: 'filesystem': the symbol to the left of a '::' must be a type
  (compiling source file 'Results.cpp')
  
C:\SFML-3.0.0\include\SFML\Graphics\Texture.hpp(137,36): error C2039: 'path': is not a member of 'std'
  (compiling source file 'Results.cpp')
      C:\Program Files\Microsoft Visual Studio\2022\Community\VC\Tools\MSVC\14.44.35207\include\string(23,1):
      see declaration of 'std'
  
C:\SFML-3.0.0\include\SFML\Graphics\Texture.hpp(137,36): error C1003: error count exceeds 100; stopping compilation
  (compiling source file 'Results.cpp')
  
  Compiling...
  Score.cpp
  SongSelect.cpp
C:\SFML-3.0.0\include\SFML\Graphics\Color.inl(75,17): error C3615: constexpr function 'sf::operator +' cannot result in a constant expression
  (compiling source file 'SongSelect.cpp')
      C:\SFML-3.0.0\include\SFML\Graphics\Color.inl(77,16):
      failure was because type 'const sf::+::<lambda_16287c72c63b32e0a9fa1270f38e4b81>' is not a literal type
      C:\SFML-3.0.0\include\SFML\Graphics\Color.inl(81,5):
      type 'sf::+::<lambda_16287c72c63b32e0a9fa1270f38e4b81>' is not a literal type because it is not an aggregate type, a closure type, or does not have a constexpr constructor that is not a copy or move constructor
  
C:\SFML-3.0.0\include\SFML\Graphics\Color.inl(91,17): error C3615: constexpr function 'sf::operator -' cannot result in a constant expression
  (compiling source file 'SongSelect.cpp')
      C:\SFML-3.0.0\include\SFML\Graphics\Color.inl(93,16):
      failure was because type 'const sf::-::<lambda_306030dfce25397b9816ce24c68c04f0>' is not a literal type
      C:\SFML-3.0.0\include\SFML\Graphics\Color.inl(97,5):
      type 'sf::-::<lambda_306030dfce25397b9816ce24c68c04f0>' is not a literal type because it is not an aggregate type, a closure type, or does not have a constexpr constructor that is not a copy or move constructor
  
C:\SFML-3.0.0\include\SFML\Graphics\Color.inl(107,17): error C3615: constexpr function 'sf::operator *' cannot result in a constant expression
  (compiling source file 'SongSelect.cpp')
      C:\SFML-3.0.0\include\SFML\Graphics\Color.inl(109,16):
      failure was because type 'const sf::*::<lambda_1570e60a8275d4bb357b66a7fbaafc0b>' is not a literal type
      C:\SFML-3.0.0\include\SFML\Graphics\Color.inl(113,5):
      type 'sf::*::<lambda_1570e60a8275d4bb357b66a7fbaafc0b>' is not a literal type because it is not an aggregate type, a closure type, or does not have a constexpr constructor that is not a copy or move constructor
  
C:\SFML-3.0.0\include\SFML\Graphics\Color.inl(146,31): error C7525: inline variables require at least '/std:c++17'
  (compiling source file 'SongSelect.cpp')
  
C:\SFML-3.0.0\include\SFML\Graphics\Color.inl(147,31): error C7525: inline variables require at least '/std:c++17'
  (compiling source file 'SongSelect.cpp')
  
C:\SFML-3.0.0\include\SFML\Graphics\Color.inl(148,31): error C7525: inline variables require at least '/std:c++17'
  (compiling source file 'SongSelect.cpp')
  
C:\SFML-3.0.0\include\SFML\Graphics\Color.inl(149,31): error C7525: inline variables require at least '/std:c++17'
  (compiling source file 'SongSelect.cpp')
  
C:\SFML-3.0.0\include\SFML\Graphics\Color.inl(150,31): error C7525: inline variables require at least '/std:c++17'
  (compiling source file 'SongSelect.cpp')
  
C:\SFML-3.0.0\include\SFML\Graphics\Color.inl(151,31): error C7525: inline variables require at least '/std:c++17'
  (compiling source file 'SongSelect.cpp')
  
C:\SFML-3.0.0\include\SFML\Graphics\Color.inl(152,31): error C7525: inline variables require at least '/std:c++17'
  (compiling source file 'SongSelect.cpp')
  
C:\SFML-3.0.0\include\SFML\Graphics\Color.inl(153,31): error C7525: inline variables require at least '/std:c++17'
  (compiling source file 'SongSelect.cpp')
  
C:\SFML-3.0.0\include\SFML\Graphics\Color.inl(154,31): error C7525: inline variables require at least '/std:c++17'
  (compiling source file 'SongSelect.cpp')
  
C:\SFML-3.0.0\include\SFML\System\Angle.inl(272,31): error C7525: inline variables require at least '/std:c++17'
  (compiling source file 'SongSelect.cpp')
  
C:\Program Files\Microsoft Visual Studio\2022\Community\VC\Tools\MSVC\14.44.35207\include\optional(11): warning STL4038: The contents of <optional> are available only with C++17 or later.
C:\SFML-3.0.0\include\SFML\Graphics\Rect.hpp(98,42): error C2143: syntax error: missing ';' before '<'
  (compiling source file 'SongSelect.cpp')
      C:\SFML-3.0.0\include\SFML\Graphics\Rect.hpp(98,42):
      the template instantiation context (the oldest one first) is
          C:\SFML-3.0.0\include\SFML\Graphics\Rect.hpp(42,7):
          while compiling class template 'sf::Rect'
  
C:\SFML-3.0.0\include\SFML\Graphics\Rect.hpp(98,34): error C4430: missing type specifier - int assumed. Note: C++ does not support default-int
  (compiling source file 'SongSelect.cpp')
  
C:\SFML-3.0.0\include\SFML\Graphics\Rect.hpp(98,34): error C2178: 'sf::Rect<T>::optional' cannot be declared with 'constexpr' specifier
  (compiling source file 'SongSelect.cpp')
  
C:\SFML-3.0.0\include\SFML\Graphics\Rect.hpp(98,5): warning C4869: 'nodiscard' may only be applied to classes, enumerations, and functions
  (compiling source file 'SongSelect.cpp')
  
C:\SFML-3.0.0\include\SFML\Graphics\Rect.hpp(98,100): error C2238: unexpected token(s) preceding ';'
  (compiling source file 'SongSelect.cpp')
  
C:\SFML-3.0.0\include\SFML\Graphics\Rect.inl(71,16): error C2039: 'optional': is not a member of 'std'
  (compiling source file 'SongSelect.cpp')
      C:\Program Files\Microsoft Visual Studio\2022\Community\VC\Tools\MSVC\14.44.35207\include\iostream(19,1):
      see declaration of 'std'
  
C:\SFML-3.0.0\include\SFML\Graphics\Rect.inl(71,24): error C2988: unrecognizable template declaration/definition
  (compiling source file 'SongSelect.cpp')
  
C:\SFML-3.0.0\include\SFML\Graphics\Rect.inl(71,24): error C2143: syntax error: missing ';' before '<'
  (compiling source file 'SongSelect.cpp')
  
C:\SFML-3.0.0\include\SFML\Graphics\Rect.inl(71,16): error C4430: missing type specifier - int assumed. Note: C++ does not support default-int
  (compiling source file 'SongSelect.cpp')
  
C:\SFML-3.0.0\include\SFML\Graphics\Rect.inl(71,24): error C2059: syntax error: '<'
  (compiling source file 'SongSelect.cpp')
  
C:\SFML-3.0.0\include\SFML\Graphics\Rect.inl(71,30): error C2065: 'T': undeclared identifier
  (compiling source file 'SongSelect.cpp')
  
C:\SFML-3.0.0\include\SFML\Graphics\Rect.inl(71,25): error C2923: 'sf::Rect': 'T' is not a valid template type argument for parameter 'T'
  (compiling source file 'SongSelect.cpp')
      C:\SFML-3.0.0\include\SFML\Graphics\Rect.inl(71,30):
      see declaration of 'T'
  
C:\SFML-3.0.0\include\SFML\Graphics\Rect.inl(71,39): error C2065: 'T': undeclared identifier
  (compiling source file 'SongSelect.cpp')
  
C:\SFML-3.0.0\include\SFML\Graphics\Rect.inl(71,34): error C2923: 'sf::Rect': 'T' is not a valid template type argument for parameter 'T'
  (compiling source file 'SongSelect.cpp')
      C:\SFML-3.0.0\include\SFML\Graphics\Rect.inl(71,39):
      see declaration of 'T'
  
C:\SFML-3.0.0\include\SFML\Graphics\Rect.inl(71,71): error C2065: 'T': undeclared identifier
  (compiling source file 'SongSelect.cpp')
  
C:\SFML-3.0.0\include\SFML\Graphics\Rect.inl(71,66): error C2923: 'sf::Rect': 'T' is not a valid template type argument for parameter 'T'
  (compiling source file 'SongSelect.cpp')
      C:\SFML-3.0.0\include\SFML\Graphics\Rect.inl(71,71):
      see declaration of 'T'
  
C:\SFML-3.0.0\include\SFML\Graphics\Rect.inl(72,1): error C2143: syntax error: missing ';' before '{'
  (compiling source file 'SongSelect.cpp')
  
C:\SFML-3.0.0\include\SFML\Graphics\Rect.inl(72,1): error C2447: '{': missing function header (old-style formal list?)
  (compiling source file 'SongSelect.cpp')
  
C:\SFML-3.0.0\include\SFML\Graphics\Transform.inl(52,35): error C3615: constexpr function 'sf::Transform::getMatrix' cannot result in a constant expression
  (compiling source file 'SongSelect.cpp')
      C:\SFML-3.0.0\include\SFML\Graphics\Transform.inl(54,25):
      failure was caused by call of undefined function or one not declared 'constexpr'
      C:\SFML-3.0.0\include\SFML\Graphics\Transform.inl(54,25):
      see usage of 'std::array<float,16>::data'
  
C:\SFML-3.0.0\include\SFML\Graphics\Rect.hpp(98,34): error C2039: 'optional': is not a member of 'std'
  (compiling source file 'SongSelect.cpp')
      C:\Program Files\Microsoft Visual Studio\2022\Community\VC\Tools\MSVC\14.44.35207\include\array(19,1):
      see declaration of 'std'
      C:\SFML-3.0.0\include\SFML\Graphics\Rect.hpp(98,34):
      the template instantiation context (the oldest one first) is
          C:\SFML-3.0.0\include\SFML\Graphics\Transform.inl(98,32):
          see reference to class template instantiation 'sf::Rect<float>' being compiled
  
C:\SFML-3.0.0\include\SFML\Graphics\Rect.hpp(98,34): error C2178: 'sf::Rect<float>::optional' cannot be declared with 'constexpr' specifier
  (compiling source file 'SongSelect.cpp')
  
C:\SFML-3.0.0\include\SFML\Graphics\Transform.inl(101,31): error C2514: 'std::array': class template cannot be constructed
  (compiling source file 'SongSelect.cpp')
      C:\Program Files\Microsoft Visual Studio\2022\Community\VC\Tools\MSVC\14.44.35207\include\array(402,7):
      see declaration of 'std::array'
  
C:\SFML-3.0.0\include\SFML\Graphics\Transform.inl(107,21): error C2678: binary '[': no operator found which takes a left-hand operand of type 'const std::array' (or there is no acceptable conversion)
  (compiling source file 'SongSelect.cpp')
      C:\Program Files\Microsoft Visual Studio\2022\Community\VC\Tools\MSVC\14.44.35207\include\array(537,42):
      could be 'const _Ty &std::array<_Ty,_Size>::operator [](std::array<_Ty,_Size>::size_type) noexcept const'
          C:\SFML-3.0.0\include\SFML\Graphics\Transform.inl(107,21):
          'const _Ty &std::array<_Ty,_Size>::operator [](std::array<_Ty,_Size>::size_type) noexcept const': cannot convert 'this' pointer from 'const std::array' to 'const std::array<_Ty,_Size> &'
              C:\SFML-3.0.0\include\SFML\Graphics\Transform.inl(107,21):
              Reason: cannot convert from 'const std::array' to 'const std::array<_Ty,_Size>'
              C:\SFML-3.0.0\include\SFML\Graphics\Transform.inl(107,21):
              Conversion requires a second user-defined-conversion operator or constructor
      C:\Program Files\Microsoft Visual Studio\2022\Community\VC\Tools\MSVC\14.44.35207\include\array(529,39):
      or       '_Ty &std::array<_Ty,_Size>::operator [](std::array<_Ty,_Size>::size_type) noexcept'
          C:\SFML-3.0.0\include\SFML\Graphics\Transform.inl(107,21):
          '_Ty &std::array<_Ty,_Size>::operator [](std::array<_Ty,_Size>::size_type) noexcept': cannot convert 'this' pointer from 'const std::array' to 'std::array<_Ty,_Size> &'
              C:\SFML-3.0.0\include\SFML\Graphics\Transform.inl(107,21):
              Reason: cannot convert from 'const std::array' to 'std::array<_Ty,_Size>'
              C:\SFML-3.0.0\include\SFML\Graphics\Transform.inl(107,21):
              Conversion requires a second user-defined-conversion operator or constructor
      C:\SFML-3.0.0\include\SFML\Graphics\Transform.inl(107,21):
      while trying to match the argument list '(const std::array, int)'
  
C:\SFML-3.0.0\include\SFML\Graphics\Transform.inl(108,21): error C2678: binary '[': no operator found which takes a left-hand operand of type 'const std::array' (or there is no acceptable conversion)
  (compiling source file 'SongSelect.cpp')
      C:\Program Files\Microsoft Visual Studio\2022\Community\VC\Tools\MSVC\14.44.35207\include\array(537,42):
      could be 'const _Ty &std::array<_Ty,_Size>::operator [](std::array<_Ty,_Size>::size_type) noexcept const'
          C:\SFML-3.0.0\include\SFML\Graphics\Transform.inl(108,21):
          'const _Ty &std::array<_Ty,_Size>::operator [](std::array<_Ty,_Size>::size_type) noexcept const': cannot convert 'this' pointer from 'const std::array' to 'const std::array<_Ty,_Size> &'
              C:\SFML-3.0.0\include\SFML\Graphics\Transform.inl(108,21):
              Reason: cannot convert from 'const std::array' to 'const std::array<_Ty,_Size>'
              C:\SFML-3.0.0\include\SFML\Graphics\Transform.inl(108,21):
              Conversion requires a second user-defined-conversion operator or constructor
      C:\Program Files\Microsoft Visual Studio\2022\Community\VC\Tools\MSVC\14.44.35207\include\array(529,39):
      or       '_Ty &std::array<_Ty,_Size>::operator [](std::array<_Ty,_Size>::size_type) noexcept'
          C:\SFML-3.0.0\include\SFML\Graphics\Transform.inl(108,21):
          '_Ty &std::array<_Ty,_Size>::operator [](std::array<_Ty,_Size>::size_type) noexcept': cannot convert 'this' pointer from 'const std::array' to 'std::array<_Ty,_Size> &'
              C:\SFML-3.0.0\include\SFML\Graphics\Transform.inl(108,21):
              Reason: cannot convert from 'const std::array' to 'std::array<_Ty,_Size>'
              C:\SFML-3.0.0\include\SFML\Graphics\Transform.inl(108,21):
              Conversion requires a second user-defined-conversion operator or constructor
      C:\SFML-3.0.0\include\SFML\Graphics\Transform.inl(108,21):
      while trying to match the argument list '(const std::array, int)'
  
C:\SFML-3.0.0\include\SFML\Graphics\Transform.inl(110,40): error C2662: 'std::array<_Ty,_Size>::size_type std::array<_Ty,_Size>::size(void) noexcept const': cannot convert 'this' pointer from 'const std::array' to 'const std::array<_Ty,_Size> &'
  (compiling source file 'SongSelect.cpp')
      C:\SFML-3.0.0\include\SFML\Graphics\Transform.inl(110,33):
      Reason: cannot convert from 'const std::array' to 'const std::array<_Ty,_Size>'
      C:\SFML-3.0.0\include\SFML\Graphics\Transform.inl(110,33):
      Conversion requires a second user-defined-conversion operator or constructor
      C:\Program Files\Microsoft Visual Studio\2022\Community\VC\Tools\MSVC\14.44.35207\include\array(501,59):
      see declaration of 'std::array<_Ty,_Size>::size'
      C:\SFML-3.0.0\include\SFML\Graphics\Transform.inl(110,40):
      while trying to match the argument list '()'
  
C:\SFML-3.0.0\include\SFML\Graphics\Transform.inl(113,18): error C2678: binary '[': no operator found which takes a left-hand operand of type 'const std::array' (or there is no acceptable conversion)
  (compiling source file 'SongSelect.cpp')
      C:\Program Files\Microsoft Visual Studio\2022\Community\VC\Tools\MSVC\14.44.35207\include\array(537,42):
      could be 'const _Ty &std::array<_Ty,_Size>::operator [](std::array<_Ty,_Size>::size_type) noexcept const'
          C:\SFML-3.0.0\include\SFML\Graphics\Transform.inl(113,18):
          'const _Ty &std::array<_Ty,_Size>::operator [](std::array<_Ty,_Size>::size_type) noexcept const': cannot convert 'this' pointer from 'const std::array' to 'const std::array<_Ty,_Size> &'
              C:\SFML-3.0.0\include\SFML\Graphics\Transform.inl(113,18):
              Reason: cannot convert from 'const std::array' to 'const std::array<_Ty,_Size>'
              C:\SFML-3.0.0\include\SFML\Graphics\Transform.inl(113,18):
              Conversion requires a second user-defined-conversion operator or constructor
      C:\Program Files\Microsoft Visual Studio\2022\Community\VC\Tools\MSVC\14.44.35207\include\array(529,39):
      or       '_Ty &std::array<_Ty,_Size>::operator [](std::array<_Ty,_Size>::size_type) noexcept'
          C:\SFML-3.0.0\include\SFML\Graphics\Transform.inl(113,18):
          '_Ty &std::array<_Ty,_Size>::operator [](std::array<_Ty,_Size>::size_type) noexcept': cannot convert 'this' pointer from 'const std::array' to 'std::array<_Ty,_Size> &'
              C:\SFML-3.0.0\include\SFML\Graphics\Transform.inl(113,18):
              Reason: cannot convert from 'const std::array' to 'std::array<_Ty,_Size>'
              C:\SFML-3.0.0\include\SFML\Graphics\Transform.inl(113,18):
              Conversion requires a second user-defined-conversion operator or constructor
      C:\SFML-3.0.0\include\SFML\Graphics\Transform.inl(113,18):
      while trying to match the argument list '(const std::array, size_t)'
  
C:\SFML-3.0.0\include\SFML\Graphics\Transform.inl(113,49): error C2678: binary '[': no operator found which takes a left-hand operand of type 'const std::array' (or there is no acceptable conversion)
  (compiling source file 'SongSelect.cpp')
      C:\Program Files\Microsoft Visual Studio\2022\Community\VC\Tools\MSVC\14.44.35207\include\array(537,42):
      could be 'const _Ty &std::array<_Ty,_Size>::operator [](std::array<_Ty,_Size>::size_type) noexcept const'
          C:\SFML-3.0.0\include\SFML\Graphics\Transform.inl(113,49):
          'const _Ty &std::array<_Ty,_Size>::operator [](std::array<_Ty,_Size>::size_type) noexcept const': cannot convert 'this' pointer from 'const std::array' to 'const std::array<_Ty,_Size> &'
              C:\SFML-3.0.0\include\SFML\Graphics\Transform.inl(113,49):
              Reason: cannot convert from 'const std::array' to 'const std::array<_Ty,_Size>'
              C:\SFML-3.0.0\include\SFML\Graphics\Transform.inl(113,49):
              Conversion requires a second user-defined-conversion operator or constructor
      C:\Program Files\Microsoft Visual Studio\2022\Community\VC\Tools\MSVC\14.44.35207\include\array(529,39):
      or       '_Ty &std::array<_Ty,_Size>::operator [](std::array<_Ty,_Size>::size_type) noexcept'
          C:\SFML-3.0.0\include\SFML\Graphics\Transform.inl(113,49):
          '_Ty &std::array<_Ty,_Size>::operator [](std::array<_Ty,_Size>::size_type) noexcept': cannot convert 'this' pointer from 'const std::array' to 'std::array<_Ty,_Size> &'
              C:\SFML-3.0.0\include\SFML\Graphics\Transform.inl(113,49):
              Reason: cannot convert from 'const std::array' to 'std::array<_Ty,_Size>'
              C:\SFML-3.0.0\include\SFML\Graphics\Transform.inl(113,49):
              Conversion requires a second user-defined-conversion operator or constructor
      C:\SFML-3.0.0\include\SFML\Graphics\Transform.inl(113,49):
      while trying to match the argument list '(const std::array, size_t)'
  
C:\SFML-3.0.0\include\SFML\Graphics\Transform.inl(114,18): error C2678: binary '[': no operator found which takes a left-hand operand of type 'const std::array' (or there is no acceptable conversion)
  (compiling source file 'SongSelect.cpp')
      C:\Program Files\Microsoft Visual Studio\2022\Community\VC\Tools\MSVC\14.44.35207\include\array(537,42):
      could be 'const _Ty &std::array<_Ty,_Size>::operator [](std::array<_Ty,_Size>::size_type) noexcept const'
          C:\SFML-3.0.0\include\SFML\Graphics\Transform.inl(114,18):
          'const _Ty &std::array<_Ty,_Size>::operator [](std::array<_Ty,_Size>::size_type) noexcept const': cannot convert 'this' pointer from 'const std::array' to 'const std::array<_Ty,_Size> &'
              C:\SFML-3.0.0\include\SFML\Graphics\Transform.inl(114,18):
              Reason: cannot convert from 'const std::array' to 'const std::array<_Ty,_Size>'
              C:\SFML-3.0.0\include\SFML\Graphics\Transform.inl(114,18):
              Conversion requires a second user-defined-conversion operator or constructor
      C:\Program Files\Microsoft Visual Studio\2022\Community\VC\Tools\MSVC\14.44.35207\include\array(529,39):
      or       '_Ty &std::array<_Ty,_Size>::operator [](std::array<_Ty,_Size>::size_type) noexcept'
          C:\SFML-3.0.0\include\SFML\Graphics\Transform.inl(114,18):
          '_Ty &std::array<_Ty,_Size>::operator [](std::array<_Ty,_Size>::size_type) noexcept': cannot convert 'this' pointer from 'const std::array' to 'std::array<_Ty,_Size> &'
              C:\SFML-3.0.0\include\SFML\Graphics\Transform.inl(114,18):
              Reason: cannot convert from 'const std::array' to 'std::array<_Ty,_Size>'
              C:\SFML-3.0.0\include\SFML\Graphics\Transform.inl(114,18):
              Conversion requires a second user-defined-conversion operator or constructor
      C:\SFML-3.0.0\include\SFML\Graphics\Transform.inl(114,18):
      while trying to match the argument list '(const std::array, size_t)'
  
C:\SFML-3.0.0\include\SFML\Graphics\Transform.inl(114,49): error C2678: binary '[': no operator found which takes a left-hand operand of type 'const std::array' (or there is no acceptable conversion)
  (compiling source file 'SongSelect.cpp')
      C:\Program Files\Microsoft Visual Studio\2022\Community\VC\Tools\MSVC\14.44.35207\include\array(537,42):
      could be 'const _Ty &std::array<_Ty,_Size>::operator [](std::array<_Ty,_Size>::size_type) noexcept const'
          C:\SFML-3.0.0\include\SFML\Graphics\Transform.inl(114,49):
          'const _Ty &std::array<_Ty,_Size>::operator [](std::array<_Ty,_Size>::size_type) noexcept const': cannot convert 'this' pointer from 'const std::array' to 'const std::array<_Ty,_Size> &'
              C:\SFML-3.0.0\include\SFML\Graphics\Transform.inl(114,49):
              Reason: cannot convert from 'const std::array' to 'const std::array<_Ty,_Size>'
              C:\SFML-3.0.0\include\SFML\Graphics\Transform.inl(114,49):
              Conversion requires a second user-defined-conversion operator or constructor
      C:\Program Files\Microsoft Visual Studio\2022\Community\VC\Tools\MSVC\14.44.35207\include\array(529,39):
      or       '_Ty &std::array<_Ty,_Size>::operator [](std::array<_Ty,_Size>::size_type) noexcept'
          C:\SFML-3.0.0\include\SFML\Graphics\Transform.inl(114,49):
          '_Ty &std::array<_Ty,_Size>::operator [](std::array<_Ty,_Size>::size_type) noexcept': cannot convert 'this' pointer from 'const std::array' to 'std::array<_Ty,_Size> &'
              C:\SFML-3.0.0\include\SFML\Graphics\Transform.inl(114,49):
              Reason: cannot convert from 'const std::array' to 'std::array<_Ty,_Size>'
              C:\SFML-3.0.0\include\SFML\Graphics\Transform.inl(114,49):
              Conversion requires a second user-defined-conversion operator or constructor
      C:\SFML-3.0.0\include\SFML\Graphics\Transform.inl(114,49):
      while trying to match the argument list '(const std::array, size_t)'
  
C:\SFML-3.0.0\include\SFML\Graphics\Transform.inl(116,18): error C2678: binary '[': no operator found which takes a left-hand operand of type 'const std::array' (or there is no acceptable conversion)
  (compiling source file 'SongSelect.cpp')
      C:\Program Files\Microsoft Visual Studio\2022\Community\VC\Tools\MSVC\14.44.35207\include\array(537,42):
      could be 'const _Ty &std::array<_Ty,_Size>::operator [](std::array<_Ty,_Size>::size_type) noexcept const'
          C:\SFML-3.0.0\include\SFML\Graphics\Transform.inl(116,18):
          'const _Ty &std::array<_Ty,_Size>::operator [](std::array<_Ty,_Size>::size_type) noexcept const': cannot convert 'this' pointer from 'const std::array' to 'const std::array<_Ty,_Size> &'
              C:\SFML-3.0.0\include\SFML\Graphics\Transform.inl(116,18):
              Reason: cannot convert from 'const std::array' to 'const std::array<_Ty,_Size>'
              C:\SFML-3.0.0\include\SFML\Graphics\Transform.inl(116,18):
              Conversion requires a second user-defined-conversion operator or constructor
      C:\Program Files\Microsoft Visual Studio\2022\Community\VC\Tools\MSVC\14.44.35207\include\array(529,39):
      or       '_Ty &std::array<_Ty,_Size>::operator [](std::array<_Ty,_Size>::size_type) noexcept'
          C:\SFML-3.0.0\include\SFML\Graphics\Transform.inl(116,18):
          '_Ty &std::array<_Ty,_Size>::operator [](std::array<_Ty,_Size>::size_type) noexcept': cannot convert 'this' pointer from 'const std::array' to 'std::array<_Ty,_Size> &'
              C:\SFML-3.0.0\include\SFML\Graphics\Transform.inl(116,18):
              Reason: cannot convert from 'const std::array' to 'std::array<_Ty,_Size>'
              C:\SFML-3.0.0\include\SFML\Graphics\Transform.inl(116,18):
              Conversion requires a second user-defined-conversion operator or constructor
      C:\SFML-3.0.0\include\SFML\Graphics\Transform.inl(116,18):
      while trying to match the argument list '(const std::array, size_t)'
  
C:\SFML-3.0.0\include\SFML\Graphics\Transform.inl(116,49): error C2678: binary '[': no operator found which takes a left-hand operand of type 'const std::array' (or there is no acceptable conversion)
  (compiling source file 'SongSelect.cpp')
      C:\Program Files\Microsoft Visual Studio\2022\Community\VC\Tools\MSVC\14.44.35207\include\array(537,42):
      could be 'const _Ty &std::array<_Ty,_Size>::operator [](std::array<_Ty,_Size>::size_type) noexcept const'
          C:\SFML-3.0.0\include\SFML\Graphics\Transform.inl(116,49):
          'const _Ty &std::array<_Ty,_Size>::operator [](std::array<_Ty,_Size>::size_type) noexcept const': cannot convert 'this' pointer from 'const std::array' to 'const std::array<_Ty,_Size> &'
              C:\SFML-3.0.0\include\SFML\Graphics\Transform.inl(116,49):
              Reason: cannot convert from 'const std::array' to 'const std::array<_Ty,_Size>'
              C:\SFML-3.0.0\include\SFML\Graphics\Transform.inl(116,49):
              Conversion requires a second user-defined-conversion operator or constructor
      C:\Program Files\Microsoft Visual Studio\2022\Community\VC\Tools\MSVC\14.44.35207\include\array(529,39):
      or       '_Ty &std::array<_Ty,_Size>::operator [](std::array<_Ty,_Size>::size_type) noexcept'
          C:\SFML-3.0.0\include\SFML\Graphics\Transform.inl(116,49):
          '_Ty &std::array<_Ty,_Size>::operator [](std::array<_Ty,_Size>::size_type) noexcept': cannot convert 'this' pointer from 'const std::array' to 'std::array<_Ty,_Size> &'
              C:\SFML-3.0.0\include\SFML\Graphics\Transform.inl(116,49):
              Reason: cannot convert from 'const std::array' to 'std::array<_Ty,_Size>'
              C:\SFML-3.0.0\include\SFML\Graphics\Transform.inl(116,49):
              Conversion requires a second user-defined-conversion operator or constructor
      C:\SFML-3.0.0\include\SFML\Graphics\Transform.inl(116,49):
      while trying to match the argument list '(const std::array, size_t)'
  
C:\SFML-3.0.0\include\SFML\Graphics\Transform.inl(117,18): error C2678: binary '[': no operator found which takes a left-hand operand of type 'const std::array' (or there is no acceptable conversion)
  (compiling source file 'SongSelect.cpp')
      C:\Program Files\Microsoft Visual Studio\2022\Community\VC\Tools\MSVC\14.44.35207\include\array(537,42):
      could be 'const _Ty &std::array<_Ty,_Size>::operator [](std::array<_Ty,_Size>::size_type) noexcept const'
          C:\SFML-3.0.0\include\SFML\Graphics\Transform.inl(117,18):
          'const _Ty &std::array<_Ty,_Size>::operator [](std::array<_Ty,_Size>::size_type) noexcept const': cannot convert 'this' pointer from 'const std::array' to 'const std::array<_Ty,_Size> &'
              C:\SFML-3.0.0\include\SFML\Graphics\Transform.inl(117,18):
              Reason: cannot convert from 'const std::array' to 'const std::array<_Ty,_Size>'
              C:\SFML-3.0.0\include\SFML\Graphics\Transform.inl(117,18):
              Conversion requires a second user-defined-conversion operator or constructor
      C:\Program Files\Microsoft Visual Studio\2022\Community\VC\Tools\MSVC\14.44.35207\include\array(529,39):
      or       '_Ty &std::array<_Ty,_Size>::operator [](std::array<_Ty,_Size>::size_type) noexcept'
          C:\SFML-3.0.0\include\SFML\Graphics\Transform.inl(117,18):
          '_Ty &std::array<_Ty,_Size>::operator [](std::array<_Ty,_Size>::size_type) noexcept': cannot convert 'this' pointer from 'const std::array' to 'std::array<_Ty,_Size> &'
              C:\SFML-3.0.0\include\SFML\Graphics\Transform.inl(117,18):
              Reason: cannot convert from 'const std::array' to 'std::array<_Ty,_Size>'
              C:\SFML-3.0.0\include\SFML\Graphics\Transform.inl(117,18):
              Conversion requires a second user-defined-conversion operator or constructor
      C:\SFML-3.0.0\include\SFML\Graphics\Transform.inl(117,18):
      while trying to match the argument list '(const std::array, size_t)'
  
C:\SFML-3.0.0\include\SFML\Graphics\Transform.inl(117,49): error C2678: binary '[': no operator found which takes a left-hand operand of type 'const std::array' (or there is no acceptable conversion)
  (compiling source file 'SongSelect.cpp')
      C:\Program Files\Microsoft Visual Studio\2022\Community\VC\Tools\MSVC\14.44.35207\include\array(537,42):
      could be 'const _Ty &std::array<_Ty,_Size>::operator [](std::array<_Ty,_Size>::size_type) noexcept const'
          C:\SFML-3.0.0\include\SFML\Graphics\Transform.inl(117,49):
          'const _Ty &std::array<_Ty,_Size>::operator [](std::array<_Ty,_Size>::size_type) noexcept const': cannot convert 'this' pointer from 'const std::array' to 'const std::array<_Ty,_Size> &'
              C:\SFML-3.0.0\include\SFML\Graphics\Transform.inl(117,49):
              Reason: cannot convert from 'const std::array' to 'const std::array<_Ty,_Size>'
              C:\SFML-3.0.0\include\SFML\Graphics\Transform.inl(117,49):
              Conversion requires a second user-defined-conversion operator or constructor
      C:\Program Files\Microsoft Visual Studio\2022\Community\VC\Tools\MSVC\14.44.35207\include\array(529,39):
      or       '_Ty &std::array<_Ty,_Size>::operator [](std::array<_Ty,_Size>::size_type) noexcept'
          C:\SFML-3.0.0\include\SFML\Graphics\Transform.inl(117,49):
          '_Ty &std::array<_Ty,_Size>::operator [](std::array<_Ty,_Size>::size_type) noexcept': cannot convert 'this' pointer from 'const std::array' to 'std::array<_Ty,_Size> &'
              C:\SFML-3.0.0\include\SFML\Graphics\Transform.inl(117,49):
              Reason: cannot convert from 'const std::array' to 'std::array<_Ty,_Size>'
              C:\SFML-3.0.0\include\SFML\Graphics\Transform.inl(117,49):
              Conversion requires a second user-defined-conversion operator or constructor
      C:\SFML-3.0.0\include\SFML\Graphics\Transform.inl(117,49):
      while trying to match the argument list '(const std::array, size_t)'
  
C:\SFML-3.0.0\include\SFML\Graphics\Transform.inl(98,32): error C3615: constexpr function 'sf::Transform::transformRect' cannot result in a constant expression
  (compiling source file 'SongSelect.cpp')
      C:\SFML-3.0.0\include\SFML\Graphics\Transform.inl(101,22):
      failure was because type 'const std::array' is not a literal type
      C:\Program Files\Microsoft Visual Studio\2022\Community\VC\Tools\MSVC\14.44.35207\include\array(402,7):
      type 'std::array' is not a literal type because it is not an aggregate type, a closure type, or does not have a constexpr constructor that is not a copy or move constructor
      C:\SFML-3.0.0\include\SFML\Graphics\Transform.inl(110,39):
      failure was caused by call of undefined function or one not declared 'constexpr'
      C:\SFML-3.0.0\include\SFML\Graphics\Transform.inl(110,39):
      see usage of '<declval>'
      C:\SFML-3.0.0\include\SFML\Graphics\Transform.inl(98,32):
      failure was caused by control reaching the end of a constexpr function
  
C:\SFML-3.0.0\include\SFML\Graphics\Transform.inl(234,39): error C7525: inline variables require at least '/std:c++17'
  (compiling source file 'SongSelect.cpp')
  
C:\SFML-3.0.0\include\SFML\Graphics\Rect.hpp(98,34): error C2178: 'sf::Rect<int>::optional' cannot be declared with 'constexpr' specifier
  (compiling source file 'SongSelect.cpp')
  
C:\Program Files\Microsoft Visual Studio\2022\Community\VC\Tools\MSVC\14.44.35207\include\filesystem(12): warning STL4038: The contents of <filesystem> are available only with C++17 or later.
C:\SFML-3.0.0\include\SFML\Graphics\Texture.hpp(114,33): error C2039: 'filesystem': is not a member of 'std'
  (compiling source file 'SongSelect.cpp')
      C:\Program Files\Microsoft Visual Studio\2022\Community\VC\Tools\MSVC\14.44.35207\include\array(19,1):
      see declaration of 'std'
  
C:\SFML-3.0.0\include\SFML\Graphics\Texture.hpp(114,33): error C3083: 'filesystem': the symbol to the left of a '::' must be a type
  (compiling source file 'SongSelect.cpp')
  
C:\SFML-3.0.0\include\SFML\Graphics\Texture.hpp(114,45): error C2039: 'path': is not a member of 'std'
  (compiling source file 'SongSelect.cpp')
      C:\Program Files\Microsoft Visual Studio\2022\Community\VC\Tools\MSVC\14.44.35207\include\array(19,1):
      see declaration of 'std'
  
C:\SFML-3.0.0\include\SFML\Graphics\Texture.hpp(114,22): error C4430: missing type specifier - int assumed. Note: C++ does not support default-int
  (compiling source file 'SongSelect.cpp')
  
C:\SFML-3.0.0\include\SFML\Graphics\Texture.hpp(114,49): error C2143: syntax error: missing ',' before '&'
  (compiling source file 'SongSelect.cpp')
  
C:\SFML-3.0.0\include\SFML\Graphics\Texture.hpp(137,24): error C2039: 'filesystem': is not a member of 'std'
  (compiling source file 'SongSelect.cpp')
      C:\Program Files\Microsoft Visual Studio\2022\Community\VC\Tools\MSVC\14.44.35207\include\array(19,1):
      see declaration of 'std'
  
C:\SFML-3.0.0\include\SFML\Graphics\Texture.hpp(137,24): error C3083: 'filesystem': the symbol to the left of a '::' must be a type
  (compiling source file 'SongSelect.cpp')
  
C:\SFML-3.0.0\include\SFML\Graphics\Texture.hpp(137,36): error C2039: 'path': is not a member of 'std'
  (compiling source file 'SongSelect.cpp')
      C:\Program Files\Microsoft Visual Studio\2022\Community\VC\Tools\MSVC\14.44.35207\include\array(19,1):
      see declaration of 'std'
  
C:\SFML-3.0.0\include\SFML\Graphics\Texture.hpp(137,13): error C4430: missing type specifier - int assumed. Note: C++ does not support default-int
  (compiling source file 'SongSelect.cpp')
  
C:\SFML-3.0.0\include\SFML\Graphics\Texture.hpp(137,40): error C2143: syntax error: missing ',' before '&'
  (compiling source file 'SongSelect.cpp')
  
C:\SFML-3.0.0\include\SFML\Graphics\Texture.hpp(137,5): error C2535: 'sf::Texture::Texture(const int)': member function already defined or declared
  (compiling source file 'SongSelect.cpp')
      C:\SFML-3.0.0\include\SFML\Graphics\Texture.hpp(114,5):
      see declaration of 'sf::Texture::Texture'
  
C:\SFML-3.0.0\include\SFML\Graphics\Texture.hpp(304,48): error C2039: 'filesystem': is not a member of 'std'
  (compiling source file 'SongSelect.cpp')
      C:\Program Files\Microsoft Visual Studio\2022\Community\VC\Tools\MSVC\14.44.35207\include\array(19,1):
      see declaration of 'std'
  
C:\SFML-3.0.0\include\SFML\Graphics\Texture.hpp(304,48): error C3083: 'filesystem': the symbol to the left of a '::' must be a type
  (compiling source file 'SongSelect.cpp')
  
C:\SFML-3.0.0\include\SFML\Graphics\Texture.hpp(304,60): error C2039: 'path': is not a member of 'std'
  (compiling source file 'SongSelect.cpp')
      C:\Program Files\Microsoft Visual Studio\2022\Community\VC\Tools\MSVC\14.44.35207\include\array(19,1):
      see declaration of 'std'
  
C:\SFML-3.0.0\include\SFML\Graphics\Texture.hpp(304,37): error C4430: missing type specifier - int assumed. Note: C++ does not support default-int
  (compiling source file 'SongSelect.cpp')
  
C:\SFML-3.0.0\include\SFML\Graphics\Texture.hpp(304,64): error C2143: syntax error: missing ',' before '&'
  (compiling source file 'SongSelect.cpp')
  
C:\SFML-3.0.0\include\SFML\Graphics\Texture.hpp(304,117): error C2143: syntax error: missing ')' before '{'
  (compiling source file 'SongSelect.cpp')
  
C:\SFML-3.0.0\include\SFML\Graphics\Texture.hpp(304,119): error C2059: syntax error: ')'
  (compiling source file 'SongSelect.cpp')
  
C:\SFML-3.0.0\include\SFML\Graphics\Font.hpp(103,30): error C2039: 'filesystem': is not a member of 'std'
  (compiling source file 'SongSelect.cpp')
      C:\Program Files\Microsoft Visual Studio\2022\Community\VC\Tools\MSVC\14.44.35207\include\unordered_map(23,1):
      see declaration of 'std'
  
C:\SFML-3.0.0\include\SFML\Graphics\Font.hpp(103,30): error C3083: 'filesystem': the symbol to the left of a '::' must be a type
  (compiling source file 'SongSelect.cpp')
  
C:\SFML-3.0.0\include\SFML\Graphics\Font.hpp(103,42): error C2039: 'path': is not a member of 'std'
  (compiling source file 'SongSelect.cpp')
      C:\Program Files\Microsoft Visual Studio\2022\Community\VC\Tools\MSVC\14.44.35207\include\unordered_map(23,1):
      see declaration of 'std'
  
C:\SFML-3.0.0\include\SFML\Graphics\Font.hpp(103,19): error C4430: missing type specifier - int assumed. Note: C++ does not support default-int
  (compiling source file 'SongSelect.cpp')
  
C:\SFML-3.0.0\include\SFML\Graphics\Font.hpp(103,46): error C2143: syntax error: missing ',' before '&'
  (compiling source file 'SongSelect.cpp')
  
C:\SFML-3.0.0\include\SFML\Graphics\Font.hpp(168,48): error C2039: 'filesystem': is not a member of 'std'
  (compiling source file 'SongSelect.cpp')
      C:\Program Files\Microsoft Visual Studio\2022\Community\VC\Tools\MSVC\14.44.35207\include\unordered_map(23,1):
      see declaration of 'std'
  
C:\SFML-3.0.0\include\SFML\Graphics\Font.hpp(168,48): error C3083: 'filesystem': the symbol to the left of a '::' must be a type
  (compiling source file 'SongSelect.cpp')
  
C:\SFML-3.0.0\include\SFML\Graphics\Font.hpp(168,60): error C2039: 'path': is not a member of 'std'
  (compiling source file 'SongSelect.cpp')
      C:\Program Files\Microsoft Visual Studio\2022\Community\VC\Tools\MSVC\14.44.35207\include\unordered_map(23,1):
      see declaration of 'std'
  
C:\SFML-3.0.0\include\SFML\Graphics\Font.hpp(168,37): error C4430: missing type specifier - int assumed. Note: C++ does not support default-int
  (compiling source file 'SongSelect.cpp')
  
C:\SFML-3.0.0\include\SFML\Graphics\Font.hpp(168,64): error C2143: syntax error: missing ',' before '&'
  (compiling source file 'SongSelect.cpp')
  
C:\Program Files\Microsoft Visual Studio\2022\Community\VC\Tools\MSVC\14.44.35207\include\string_view(12): warning STL4038: The contents of <string_view> are available only with C++17 or later.
C:\SFML-3.0.0\include\SFML\Graphics\Image.hpp(103,31): error C2039: 'filesystem': is not a member of 'std'
  (compiling source file 'SongSelect.cpp')
      C:\Program Files\Microsoft Visual Studio\2022\Community\VC\Tools\MSVC\14.44.35207\include\unordered_map(23,1):
      see declaration of 'std'
  
C:\SFML-3.0.0\include\SFML\Graphics\Image.hpp(103,31): error C3083: 'filesystem': the symbol to the left of a '::' must be a type
  (compiling source file 'SongSelect.cpp')
  
C:\SFML-3.0.0\include\SFML\Graphics\Image.hpp(103,43): error C2039: 'path': is not a member of 'std'
  (compiling source file 'SongSelect.cpp')
      C:\Program Files\Microsoft Visual Studio\2022\Community\VC\Tools\MSVC\14.44.35207\include\unordered_map(23,1):
      see declaration of 'std'
  
C:\SFML-3.0.0\include\SFML\Graphics\Image.hpp(103,20): error C4430: missing type specifier - int assumed. Note: C++ does not support default-int
  (compiling source file 'SongSelect.cpp')
  
C:\SFML-3.0.0\include\SFML\Graphics\Image.hpp(103,47): error C2143: syntax error: missing ',' before '&'
  (compiling source file 'SongSelect.cpp')
  
C:\SFML-3.0.0\include\SFML\Graphics\Image.hpp(175,48): error C2039: 'filesystem': is not a member of 'std'
  (compiling source file 'SongSelect.cpp')
      C:\Program Files\Microsoft Visual Studio\2022\Community\VC\Tools\MSVC\14.44.35207\include\unordered_map(23,1):
      see declaration of 'std'
  
C:\SFML-3.0.0\include\SFML\Graphics\Image.hpp(175,48): error C3083: 'filesystem': the symbol to the left of a '::' must be a type
  (compiling source file 'SongSelect.cpp')
  
C:\SFML-3.0.0\include\SFML\Graphics\Image.hpp(175,60): error C2039: 'path': is not a member of 'std'
  (compiling source file 'SongSelect.cpp')
      C:\Program Files\Microsoft Visual Studio\2022\Community\VC\Tools\MSVC\14.44.35207\include\unordered_map(23,1):
      see declaration of 'std'
  
C:\SFML-3.0.0\include\SFML\Graphics\Image.hpp(175,37): error C4430: missing type specifier - int assumed. Note: C++ does not support default-int
  (compiling source file 'SongSelect.cpp')
  
C:\SFML-3.0.0\include\SFML\Graphics\Image.hpp(175,64): error C2143: syntax error: missing ',' before '&'
  (compiling source file 'SongSelect.cpp')
  
C:\SFML-3.0.0\include\SFML\Graphics\Image.hpp(227,46): error C2039: 'filesystem': is not a member of 'std'
  (compiling source file 'SongSelect.cpp')
      C:\Program Files\Microsoft Visual Studio\2022\Community\VC\Tools\MSVC\14.44.35207\include\unordered_map(23,1):
      see declaration of 'std'
  
C:\SFML-3.0.0\include\SFML\Graphics\Image.hpp(227,46): error C3083: 'filesystem': the symbol to the left of a '::' must be a type
  (compiling source file 'SongSelect.cpp')
  
C:\SFML-3.0.0\include\SFML\Graphics\Image.hpp(227,58): error C2039: 'path': is not a member of 'std'
  (compiling source file 'SongSelect.cpp')
      C:\Program Files\Microsoft Visual Studio\2022\Community\VC\Tools\MSVC\14.44.35207\include\unordered_map(23,1):
      see declaration of 'std'
  
C:\SFML-3.0.0\include\SFML\Graphics\Image.hpp(227,58): error C1003: error count exceeds 100; stopping compilation
  (compiling source file 'SongSelect.cpp')
  
  SoundManager.cpp
C:\Program Files\Microsoft Visual Studio\2022\Community\VC\Tools\MSVC\14.44.35207\include\optional(11): warning STL4038: The contents of <optional> are available only with C++17 or later.
C:\SFML-3.0.0\include\SFML\Audio\SoundFileReader.hpp(81,32): error C2039: 'optional': is not a member of 'std'
  (compiling source file 'SoundManager.cpp')
      C:\Program Files\Microsoft Visual Studio\2022\Community\VC\Tools\MSVC\14.44.35207\include\vector(29,1):
      see declaration of 'std'
  
C:\SFML-3.0.0\include\SFML\Audio\SoundFileReader.hpp(81,40): error C2143: syntax error: missing ';' before '<'
  (compiling source file 'SoundManager.cpp')
  
C:\SFML-3.0.0\include\SFML\Audio\SoundFileReader.hpp(81,32): error C2433: 'sf::SoundFileReader::optional': 'virtual' not permitted on data declarations
  (compiling source file 'SoundManager.cpp')
  
C:\SFML-3.0.0\include\SFML\Audio\SoundFileReader.hpp(81,32): error C4430: missing type specifier - int assumed. Note: C++ does not support default-int
  (compiling source file 'SoundManager.cpp')
  
C:\SFML-3.0.0\include\SFML\Audio\SoundFileReader.hpp(81,5): warning C4869: 'nodiscard' may only be applied to classes, enumerations, and functions
  (compiling source file 'SoundManager.cpp')
  
C:\SFML-3.0.0\include\SFML\Audio\SoundFileReader.hpp(81,76): error C2238: unexpected token(s) preceding ';'
  (compiling source file 'SoundManager.cpp')
  
C:\Program Files\Microsoft Visual Studio\2022\Community\VC\Tools\MSVC\14.44.35207\include\filesystem(12): warning STL4038: The contents of <filesystem> are available only with C++17 or later.
C:\SFML-3.0.0\include\SFML\Audio\InputSoundFile.hpp(79,40): error C2039: 'filesystem': is not a member of 'std'
  (compiling source file 'SoundManager.cpp')
      C:\Program Files\Microsoft Visual Studio\2022\Community\VC\Tools\MSVC\14.44.35207\include\memory(31,1):
      see declaration of 'std'
  
C:\SFML-3.0.0\include\SFML\Audio\InputSoundFile.hpp(79,40): error C3083: 'filesystem': the symbol to the left of a '::' must be a type
  (compiling source file 'SoundManager.cpp')
  
C:\SFML-3.0.0\include\SFML\Audio\InputSoundFile.hpp(79,52): error C2039: 'path': is not a member of 'std'
  (compiling source file 'SoundManager.cpp')
      C:\Program Files\Microsoft Visual Studio\2022\Community\VC\Tools\MSVC\14.44.35207\include\memory(31,1):
      see declaration of 'std'
  
C:\SFML-3.0.0\include\SFML\Audio\InputSoundFile.hpp(79,29): error C4430: missing type specifier - int assumed. Note: C++ does not support default-int
  (compiling source file 'SoundManager.cpp')
  
C:\SFML-3.0.0\include\SFML\Audio\InputSoundFile.hpp(79,56): error C2143: syntax error: missing ',' before '&'
  (compiling source file 'SoundManager.cpp')
  
C:\SFML-3.0.0\include\SFML\Audio\InputSoundFile.hpp(124,48): error C2039: 'filesystem': is not a member of 'std'
  (compiling source file 'SoundManager.cpp')
      C:\Program Files\Microsoft Visual Studio\2022\Community\VC\Tools\MSVC\14.44.35207\include\memory(31,1):
      see declaration of 'std'
  
C:\SFML-3.0.0\include\SFML\Audio\InputSoundFile.hpp(124,48): error C3083: 'filesystem': the symbol to the left of a '::' must be a type
  (compiling source file 'SoundManager.cpp')
  
C:\SFML-3.0.0\include\SFML\Audio\InputSoundFile.hpp(124,60): error C2039: 'path': is not a member of 'std'
  (compiling source file 'SoundManager.cpp')
      C:\Program Files\Microsoft Visual Studio\2022\Community\VC\Tools\MSVC\14.44.35207\include\memory(31,1):
      see declaration of 'std'
  
C:\SFML-3.0.0\include\SFML\Audio\InputSoundFile.hpp(124,37): error C4430: missing type specifier - int assumed. Note: C++ does not support default-int
  (compiling source file 'SoundManager.cpp')
  
C:\SFML-3.0.0\include\SFML\Audio\InputSoundFile.hpp(124,64): error C2143: syntax error: missing ',' before '&'
  (compiling source file 'SoundManager.cpp')
  
C:\SFML-3.0.0\include\SFML\System\Angle.inl(272,31): error C7525: inline variables require at least '/std:c++17'
  (compiling source file 'SoundManager.cpp')
  
C:\SFML-3.0.0\include\SFML\Audio\Listener.hpp(41,11): error C2429: language feature 'nested-namespace-definition' requires compiler flag '/std:c++17'
  (compiling source file 'SoundManager.cpp')
  
C:\SFML-3.0.0\include\SFML\System\Time.inl(282,29): error C7525: inline variables require at least '/std:c++17'
  (compiling source file 'SoundManager.cpp')
  
C:\SFML-3.0.0\include\SFML\Audio\SoundStream.hpp(286,18): error C2039: 'optional': is not a member of 'std'
  (compiling source file 'SoundManager.cpp')
      C:\Program Files\Microsoft Visual Studio\2022\Community\VC\Tools\MSVC\14.44.35207\include\chrono(45,1):
      see declaration of 'std'
  
C:\SFML-3.0.0\include\SFML\Audio\SoundStream.hpp(286,26): error C2143: syntax error: missing ';' before '<'
  (compiling source file 'SoundManager.cpp')
  
C:\SFML-3.0.0\include\SFML\Audio\SoundStream.hpp(286,18): error C2433: 'sf::SoundStream::optional': 'virtual' not permitted on data declarations
  (compiling source file 'SoundManager.cpp')
  
C:\SFML-3.0.0\include\SFML\Audio\SoundStream.hpp(286,18): error C4430: missing type specifier - int assumed. Note: C++ does not support default-int
  (compiling source file 'SoundManager.cpp')
  
C:\SFML-3.0.0\include\SFML\Audio\SoundStream.hpp(286,50): error C2238: unexpected token(s) preceding ';'
  (compiling source file 'SoundManager.cpp')
  
C:\SFML-3.0.0\include\SFML\Audio\Music.hpp(96,31): error C2039: 'filesystem': is not a member of 'std'
  (compiling source file 'SoundManager.cpp')
      C:\Program Files\Microsoft Visual Studio\2022\Community\VC\Tools\MSVC\14.44.35207\include\chrono(45,1):
      see declaration of 'std'
  
C:\SFML-3.0.0\include\SFML\Audio\Music.hpp(96,31): error C3083: 'filesystem': the symbol to the left of a '::' must be a type
  (compiling source file 'SoundManager.cpp')
  
C:\SFML-3.0.0\include\SFML\Audio\Music.hpp(96,43): error C2039: 'path': is not a member of 'std'
  (compiling source file 'SoundManager.cpp')
      C:\Program Files\Microsoft Visual Studio\2022\Community\VC\Tools\MSVC\14.44.35207\include\chrono(45,1):
      see declaration of 'std'
  
C:\SFML-3.0.0\include\SFML\Audio\Music.hpp(96,20): error C4430: missing type specifier - int assumed. Note: C++ does not support default-int
  (compiling source file 'SoundManager.cpp')
  
C:\SFML-3.0.0\include\SFML\Audio\Music.hpp(96,47): error C2143: syntax error: missing ',' before '&'
  (compiling source file 'SoundManager.cpp')
  
C:\SFML-3.0.0\include\SFML\Audio\Music.hpp(179,48): error C2039: 'filesystem': is not a member of 'std'
  (compiling source file 'SoundManager.cpp')
      C:\Program Files\Microsoft Visual Studio\2022\Community\VC\Tools\MSVC\14.44.35207\include\chrono(45,1):
      see declaration of 'std'
  
C:\SFML-3.0.0\include\SFML\Audio\Music.hpp(179,48): error C3083: 'filesystem': the symbol to the left of a '::' must be a type
  (compiling source file 'SoundManager.cpp')
  
C:\SFML-3.0.0\include\SFML\Audio\Music.hpp(179,60): error C2039: 'path': is not a member of 'std'
  (compiling source file 'SoundManager.cpp')
      C:\Program Files\Microsoft Visual Studio\2022\Community\VC\Tools\MSVC\14.44.35207\include\chrono(45,1):
      see declaration of 'std'
  
C:\SFML-3.0.0\include\SFML\Audio\Music.hpp(179,37): error C4430: missing type specifier - int assumed. Note: C++ does not support default-int
  (compiling source file 'SoundManager.cpp')
  
C:\SFML-3.0.0\include\SFML\Audio\Music.hpp(179,64): error C2143: syntax error: missing ',' before '&'
  (compiling source file 'SoundManager.cpp')
  
C:\SFML-3.0.0\include\SFML\Audio\Music.hpp(304,10): error C2039: 'optional': is not a member of 'std'
  (compiling source file 'SoundManager.cpp')
      C:\Program Files\Microsoft Visual Studio\2022\Community\VC\Tools\MSVC\14.44.35207\include\chrono(45,1):
      see declaration of 'std'
  
C:\SFML-3.0.0\include\SFML\Audio\Music.hpp(304,18): error C2143: syntax error: missing ';' before '<'
  (compiling source file 'SoundManager.cpp')
  
C:\SFML-3.0.0\include\SFML\Audio\Music.hpp(304,10): error C4430: missing type specifier - int assumed. Note: C++ does not support default-int
  (compiling source file 'SoundManager.cpp')
  
C:\SFML-3.0.0\include\SFML\Audio\Music.hpp(304,51): error C2238: unexpected token(s) preceding ';'
  (compiling source file 'SoundManager.cpp')
  
C:\SFML-3.0.0\include\SFML\Audio\SoundFileWriter.hpp(66,48): error C2039: 'filesystem': is not a member of 'std'
  (compiling source file 'SoundManager.cpp')
      C:\Program Files\Microsoft Visual Studio\2022\Community\VC\Tools\MSVC\14.44.35207\include\chrono(45,1):
      see declaration of 'std'
  
C:\SFML-3.0.0\include\SFML\Audio\SoundFileWriter.hpp(66,48): error C3083: 'filesystem': the symbol to the left of a '::' must be a type
  (compiling source file 'SoundManager.cpp')
  
C:\SFML-3.0.0\include\SFML\Audio\SoundFileWriter.hpp(66,60): error C2039: 'path': is not a member of 'std'
  (compiling source file 'SoundManager.cpp')
      C:\Program Files\Microsoft Visual Studio\2022\Community\VC\Tools\MSVC\14.44.35207\include\chrono(45,1):
      see declaration of 'std'
  
C:\SFML-3.0.0\include\SFML\Audio\SoundFileWriter.hpp(66,37): error C4430: missing type specifier - int assumed. Note: C++ does not support default-int
  (compiling source file 'SoundManager.cpp')
  
C:\SFML-3.0.0\include\SFML\Audio\SoundFileWriter.hpp(66,64): error C2143: syntax error: missing ',' before '&'
  (compiling source file 'SoundManager.cpp')
  
C:\SFML-3.0.0\include\SFML\Audio\OutputSoundFile.hpp(73,32): error C2039: 'filesystem': is not a member of 'std'
  (compiling source file 'SoundManager.cpp')
      C:\Program Files\Microsoft Visual Studio\2022\Community\VC\Tools\MSVC\14.44.35207\include\chrono(45,1):
      see declaration of 'std'
  
C:\SFML-3.0.0\include\SFML\Audio\OutputSoundFile.hpp(73,32): error C3083: 'filesystem': the symbol to the left of a '::' must be a type
  (compiling source file 'SoundManager.cpp')
  
C:\SFML-3.0.0\include\SFML\Audio\OutputSoundFile.hpp(73,44): error C2039: 'path': is not a member of 'std'
  (compiling source file 'SoundManager.cpp')
      C:\Program Files\Microsoft Visual Studio\2022\Community\VC\Tools\MSVC\14.44.35207\include\chrono(45,1):
      see declaration of 'std'
  
C:\SFML-3.0.0\include\SFML\Audio\OutputSoundFile.hpp(73,21): error C4430: missing type specifier - int assumed. Note: C++ does not support default-int
  (compiling source file 'SoundManager.cpp')
  
C:\SFML-3.0.0\include\SFML\Audio\OutputSoundFile.hpp(73,48): error C2143: syntax error: missing ',' before '&'
  (compiling source file 'SoundManager.cpp')
  
C:\SFML-3.0.0\include\SFML\Audio\OutputSoundFile.hpp(91,48): error C2039: 'filesystem': is not a member of 'std'
  (compiling source file 'SoundManager.cpp')
      C:\Program Files\Microsoft Visual Studio\2022\Community\VC\Tools\MSVC\14.44.35207\include\chrono(45,1):
      see declaration of 'std'
  
C:\SFML-3.0.0\include\SFML\Audio\OutputSoundFile.hpp(91,48): error C3083: 'filesystem': the symbol to the left of a '::' must be a type
  (compiling source file 'SoundManager.cpp')
  
C:\SFML-3.0.0\include\SFML\Audio\OutputSoundFile.hpp(91,60): error C2039: 'path': is not a member of 'std'
  (compiling source file 'SoundManager.cpp')
      C:\Program Files\Microsoft Visual Studio\2022\Community\VC\Tools\MSVC\14.44.35207\include\chrono(45,1):
      see declaration of 'std'
  
C:\SFML-3.0.0\include\SFML\Audio\OutputSoundFile.hpp(91,37): error C4430: missing type specifier - int assumed. Note: C++ does not support default-int
  (compiling source file 'SoundManager.cpp')
  
C:\SFML-3.0.0\include\SFML\Audio\OutputSoundFile.hpp(91,64): error C2143: syntax error: missing ',' before '&'
  (compiling source file 'SoundManager.cpp')
  
C:\SFML-3.0.0\include\SFML\Audio\PlaybackDevice.hpp(37,11): error C2429: language feature 'nested-namespace-definition' requires compiler flag '/std:c++17'
  (compiling source file 'SoundManager.cpp')
  
C:\SFML-3.0.0\include\SFML\Audio\PlaybackDevice.hpp(80,35): error C2039: 'optional': is not a member of 'std'
  (compiling source file 'SoundManager.cpp')
      C:\Program Files\Microsoft Visual Studio\2022\Community\VC\Tools\MSVC\14.44.35207\include\string(23,1):
      see declaration of 'std'
  
C:\SFML-3.0.0\include\SFML\Audio\PlaybackDevice.hpp(80,43): error C2143: syntax error: missing ';' before '<'
  (compiling source file 'SoundManager.cpp')
  
C:\SFML-3.0.0\include\SFML\Audio\PlaybackDevice.hpp(80,35): error C4430: missing type specifier - int assumed. Note: C++ does not support default-int
  (compiling source file 'SoundManager.cpp')
  
C:\SFML-3.0.0\include\SFML\Audio\PlaybackDevice.hpp(80,1): warning C4869: 'nodiscard' may only be applied to classes, enumerations, and functions
  (compiling source file 'SoundManager.cpp')
  
C:\SFML-3.0.0\include\SFML\Audio\PlaybackDevice.hpp(108,35): error C2039: 'optional': is not a member of 'std'
  (compiling source file 'SoundManager.cpp')
      C:\Program Files\Microsoft Visual Studio\2022\Community\VC\Tools\MSVC\14.44.35207\include\string(23,1):
      see declaration of 'std'
  
C:\SFML-3.0.0\include\SFML\Audio\PlaybackDevice.hpp(108,43): error C2143: syntax error: missing ';' before '<'
  (compiling source file 'SoundManager.cpp')
  
C:\SFML-3.0.0\include\SFML\Audio\PlaybackDevice.hpp(108,35): error C4430: missing type specifier - int assumed. Note: C++ does not support default-int
  (compiling source file 'SoundManager.cpp')
  
C:\SFML-3.0.0\include\SFML\Audio\PlaybackDevice.hpp(108,1): warning C4869: 'nodiscard' may only be applied to classes, enumerations, and functions
  (compiling source file 'SoundManager.cpp')
  
C:\SFML-3.0.0\include\SFML\Audio\SoundBuffer.hpp(87,37): error C2039: 'filesystem': is not a member of 'std'
  (compiling source file 'SoundManager.cpp')
      C:\Program Files\Microsoft Visual Studio\2022\Community\VC\Tools\MSVC\14.44.35207\include\unordered_set(23,1):
      see declaration of 'std'
  
C:\SFML-3.0.0\include\SFML\Audio\SoundBuffer.hpp(87,37): error C3083: 'filesystem': the symbol to the left of a '::' must be a type
  (compiling source file 'SoundManager.cpp')
  
C:\SFML-3.0.0\include\SFML\Audio\SoundBuffer.hpp(87,49): error C2039: 'path': is not a member of 'std'
  (compiling source file 'SoundManager.cpp')
      C:\Program Files\Microsoft Visual Studio\2022\Community\VC\Tools\MSVC\14.44.35207\include\unordered_set(23,1):
      see declaration of 'std'
  
C:\SFML-3.0.0\include\SFML\Audio\SoundBuffer.hpp(87,26): error C4430: missing type specifier - int assumed. Note: C++ does not support default-int
  (compiling source file 'SoundManager.cpp')
  
C:\SFML-3.0.0\include\SFML\Audio\SoundBuffer.hpp(87,53): error C2143: syntax error: missing ',' before '&'
  (compiling source file 'SoundManager.cpp')
  
C:\SFML-3.0.0\include\SFML\Audio\SoundBuffer.hpp(161,48): error C2039: 'filesystem': is not a member of 'std'
  (compiling source file 'SoundManager.cpp')
      C:\Program Files\Microsoft Visual Studio\2022\Community\VC\Tools\MSVC\14.44.35207\include\unordered_set(23,1):
      see declaration of 'std'
  
C:\SFML-3.0.0\include\SFML\Audio\SoundBuffer.hpp(161,48): error C3083: 'filesystem': the symbol to the left of a '::' must be a type
  (compiling source file 'SoundManager.cpp')
  
C:\SFML-3.0.0\include\SFML\Audio\SoundBuffer.hpp(161,60): error C2039: 'path': is not a member of 'std'
  (compiling source file 'SoundManager.cpp')
      C:\Program Files\Microsoft Visual Studio\2022\Community\VC\Tools\MSVC\14.44.35207\include\unordered_set(23,1):
      see declaration of 'std'
  
C:\SFML-3.0.0\include\SFML\Audio\SoundBuffer.hpp(161,37): error C4430: missing type specifier - int assumed. Note: C++ does not support default-int
  (compiling source file 'SoundManager.cpp')
  
C:\SFML-3.0.0\include\SFML\Audio\SoundBuffer.hpp(161,64): error C2143: syntax error: missing ',' before '&'
  (compiling source file 'SoundManager.cpp')
  
C:\SFML-3.0.0\include\SFML\Audio\SoundBuffer.hpp(227,46): error C2039: 'filesystem': is not a member of 'std'
  (compiling source file 'SoundManager.cpp')
      C:\Program Files\Microsoft Visual Studio\2022\Community\VC\Tools\MSVC\14.44.35207\include\unordered_set(23,1):
      see declaration of 'std'
  
C:\SFML-3.0.0\include\SFML\Audio\SoundBuffer.hpp(227,46): error C3083: 'filesystem': the symbol to the left of a '::' must be a type
  (compiling source file 'SoundManager.cpp')
  
C:\SFML-3.0.0\include\SFML\Audio\SoundBuffer.hpp(227,58): error C2039: 'path': is not a member of 'std'
  (compiling source file 'SoundManager.cpp')
      C:\Program Files\Microsoft Visual Studio\2022\Community\VC\Tools\MSVC\14.44.35207\include\unordered_set(23,1):
      see declaration of 'std'
  
C:\SFML-3.0.0\include\SFML\Audio\SoundBuffer.hpp(227,35): error C4430: missing type specifier - int assumed. Note: C++ does not support default-int
  (compiling source file 'SoundManager.cpp')
  
C:\SFML-3.0.0\include\SFML\Audio\SoundBuffer.hpp(227,62): error C2143: syntax error: missing ',' before '&'
  (compiling source file 'SoundManager.cpp')
  
C:\SFML-3.0.0\include\SFML\Audio\SoundFileFactory.hpp(112,95): error C2039: 'filesystem': is not a member of 'std'
  (compiling source file 'SoundManager.cpp')
      C:\Program Files\Microsoft Visual Studio\2022\Community\VC\Tools\MSVC\14.44.35207\include\unordered_map(23,1):
      see declaration of 'std'
  
C:\SFML-3.0.0\include\SFML\Audio\SoundFileFactory.hpp(112,95): error C3083: 'filesystem': the symbol to the left of a '::' must be a type
  (compiling source file 'SoundManager.cpp')
  
C:\SFML-3.0.0\include\SFML\Audio\SoundFileFactory.hpp(112,107): error C2039: 'path': is not a member of 'std'
  (compiling source file 'SoundManager.cpp')
      C:\Program Files\Microsoft Visual Studio\2022\Community\VC\Tools\MSVC\14.44.35207\include\unordered_map(23,1):
      see declaration of 'std'
  
C:\SFML-3.0.0\include\SFML\Audio\SoundFileFactory.hpp(112,84): error C4430: missing type specifier - int assumed. Note: C++ does not support default-int
  (compiling source file 'SoundManager.cpp')
  
C:\SFML-3.0.0\include\SFML\Audio\SoundFileFactory.hpp(112,111): error C2143: syntax error: missing ',' before '&'
  (compiling source file 'SoundManager.cpp')
  
C:\SFML-3.0.0\include\SFML\Audio\SoundFileFactory.hpp(147,95): error C2039: 'filesystem': is not a member of 'std'
  (compiling source file 'SoundManager.cpp')
      C:\Program Files\Microsoft Visual Studio\2022\Community\VC\Tools\MSVC\14.44.35207\include\unordered_map(23,1):
      see declaration of 'std'
  
C:\SFML-3.0.0\include\SFML\Audio\SoundFileFactory.hpp(147,95): error C3083: 'filesystem': the symbol to the left of a '::' must be a type
  (compiling source file 'SoundManager.cpp')
  
C:\SFML-3.0.0\include\SFML\Audio\SoundFileFactory.hpp(147,107): error C2039: 'path': is not a member of 'std'
  (compiling source file 'SoundManager.cpp')
      C:\Program Files\Microsoft Visual Studio\2022\Community\VC\Tools\MSVC\14.44.35207\include\unordered_map(23,1):
      see declaration of 'std'
  
C:\SFML-3.0.0\include\SFML\Audio\SoundFileFactory.hpp(147,84): error C4430: missing type specifier - int assumed. Note: C++ does not support default-int
  (compiling source file 'SoundManager.cpp')
  
C:\SFML-3.0.0\include\SFML\Audio\SoundFileFactory.hpp(147,111): error C2143: syntax error: missing ',' before '&'
  (compiling source file 'SoundManager.cpp')
  
C:\SFML-3.0.0\include\SFML\Audio\SoundFileFactory.hpp(157,50): error C2039: 'filesystem': is not a member of 'std'
  (compiling source file 'SoundManager.cpp')
      C:\Program Files\Microsoft Visual Studio\2022\Community\VC\Tools\MSVC\14.44.35207\include\unordered_map(23,1):
      see declaration of 'std'
  
C:\SFML-3.0.0\include\SFML\Audio\SoundFileFactory.hpp(157,50): error C3083: 'filesystem': the symbol to the left of a '::' must be a type
  (compiling source file 'SoundManager.cpp')
  
C:\SFML-3.0.0\include\SFML\Audio\SoundFileFactory.hpp(157,62): error C2039: 'path': is not a member of 'std'
  (compiling source file 'SoundManager.cpp')
      C:\Program Files\Microsoft Visual Studio\2022\Community\VC\Tools\MSVC\14.44.35207\include\unordered_map(23,1):
      see declaration of 'std'
  
C:\SFML-3.0.0\include\SFML\Audio\SoundFileFactory.hpp(157,39): error C4430: missing type specifier - int assumed. Note: C++ does not support default-int
  (compiling source file 'SoundManager.cpp')
  
C:\SFML-3.0.0\include\SFML\Audio\SoundFileFactory.hpp(157,66): error C2143: syntax error: missing ',' before '&'
  (compiling source file 'SoundManager.cpp')
  
C:\SFML-3.0.0\include\SFML\System\Exception.hpp(41,47): warning C4275: non dll-interface class 'std::runtime_error' used as base for dll-interface class 'sf::Exception'
  (compiling source file 'SoundManager.cpp')
      C:\Program Files\Microsoft Visual Studio\2022\Community\VC\Tools\MSVC\14.44.35207\include\stdexcept(100,30):
      see declaration of 'std::runtime_error'
      C:\SFML-3.0.0\include\SFML\System\Exception.hpp(41,23):
      see declaration of 'sf::Exception'
  
C:\SFML-3.0.0\include\SFML\System\InputStream.hpp(66,32): error C2039: 'optional': is not a member of 'std'
  (compiling source file 'SoundManager.cpp')
      C:\Program Files\Microsoft Visual Studio\2022\Community\VC\Tools\MSVC\14.44.35207\include\stdexcept(19,1):
      see declaration of 'std'
  
C:\SFML-3.0.0\include\SFML\System\InputStream.hpp(66,40): error C2143: syntax error: missing ';' before '<'
  (compiling source file 'SoundManager.cpp')
  
C:\SFML-3.0.0\include\SFML\System\InputStream.hpp(66,32): error C2433: 'sf::InputStream::optional': 'virtual' not permitted on data declarations
  (compiling source file 'SoundManager.cpp')
  
C:\SFML-3.0.0\include\SFML\System\InputStream.hpp(66,32): error C4430: missing type specifier - int assumed. Note: C++ does not support default-int
  (compiling source file 'SoundManager.cpp')
  
C:\SFML-3.0.0\include\SFML\System\InputStream.hpp(66,5): warning C4869: 'nodiscard' may only be applied to classes, enumerations, and functions
  (compiling source file 'SoundManager.cpp')
  
C:\SFML-3.0.0\include\SFML\System\InputStream.hpp(66,92): error C2238: unexpected token(s) preceding ';'
  (compiling source file 'SoundManager.cpp')
  
C:\SFML-3.0.0\include\SFML\System\InputStream.hpp(76,32): error C2039: 'optional': is not a member of 'std'
  (compiling source file 'SoundManager.cpp')
      C:\Program Files\Microsoft Visual Studio\2022\Community\VC\Tools\MSVC\14.44.35207\include\stdexcept(19,1):
      see declaration of 'std'
  
C:\SFML-3.0.0\include\SFML\System\InputStream.hpp(76,40): error C2143: syntax error: missing ';' before '<'
  (compiling source file 'SoundManager.cpp')
  
C:\SFML-3.0.0\include\SFML\System\InputStream.hpp(76,32): error C2433: 'sf::InputStream::optional': 'virtual' not permitted on data declarations
  (compiling source file 'SoundManager.cpp')
  
C:\SFML-3.0.0\include\SFML\System\InputStream.hpp(76,32): error C4430: missing type specifier - int assumed. Note: C++ does not support default-int
  (compiling source file 'SoundManager.cpp')
  
C:\SFML-3.0.0\include\SFML\System\InputStream.hpp(76,5): warning C4869: 'nodiscard' may only be applied to classes, enumerations, and functions
  (compiling source file 'SoundManager.cpp')
  
C:\SFML-3.0.0\include\SFML\System\InputStream.hpp(76,84): error C2238: unexpected token(s) preceding ';'
  (compiling source file 'SoundManager.cpp')
  
C:\SFML-3.0.0\include\SFML\System\InputStream.hpp(84,32): error C2039: 'optional': is not a member of 'std'
  (compiling source file 'SoundManager.cpp')
      C:\Program Files\Microsoft Visual Studio\2022\Community\VC\Tools\MSVC\14.44.35207\include\stdexcept(19,1):
      see declaration of 'std'
  
C:\SFML-3.0.0\include\SFML\System\InputStream.hpp(84,40): error C2143: syntax error: missing ';' before '<'
  (compiling source file 'SoundManager.cpp')
  
C:\SFML-3.0.0\include\SFML\System\InputStream.hpp(84,32): error C2433: 'sf::InputStream::optional': 'virtual' not permitted on data declarations
  (compiling source file 'SoundManager.cpp')
  
C:\SFML-3.0.0\include\SFML\System\InputStream.hpp(84,32): error C4430: missing type specifier - int assumed. Note: C++ does not support default-int
  (compiling source file 'SoundManager.cpp')
  
C:\SFML-3.0.0\include\SFML\System\InputStream.hpp(84,5): warning C4869: 'nodiscard' may only be applied to classes, enumerations, and functions
  (compiling source file 'SoundManager.cpp')
  
C:\SFML-3.0.0\include\SFML\System\InputStream.hpp(84,64): error C2238: unexpected token(s) preceding ';'
  (compiling source file 'SoundManager.cpp')
  
C:\SFML-3.0.0\include\SFML\System\InputStream.hpp(92,18): error C2039: 'optional': is not a member of 'std'
  (compiling source file 'SoundManager.cpp')
      C:\Program Files\Microsoft Visual Studio\2022\Community\VC\Tools\MSVC\14.44.35207\include\stdexcept(19,1):
      see declaration of 'std'
  
C:\SFML-3.0.0\include\SFML\System\InputStream.hpp(92,26): error C2143: syntax error: missing ';' before '<'
  (compiling source file 'SoundManager.cpp')
  
C:\SFML-3.0.0\include\SFML\System\InputStream.hpp(92,18): error C2433: 'sf::InputStream::optional': 'virtual' not permitted on data declarations
  (compiling source file 'SoundManager.cpp')
  
C:\SFML-3.0.0\include\SFML\System\InputStream.hpp(92,18): error C4430: missing type specifier - int assumed. Note: C++ does not support default-int
  (compiling source file 'SoundManager.cpp')
  
C:\SFML-3.0.0\include\SFML\System\InputStream.hpp(92,53): error C2238: unexpected token(s) preceding ';'
  (compiling source file 'SoundManager.cpp')
  
C:\SFML-3.0.0\include\SFML\System\FileInputStream.hpp(106,41): error C2039: 'filesystem': is not a member of 'std'
  (compiling source file 'SoundManager.cpp')
      C:\Program Files\Microsoft Visual Studio\2022\Community\VC\Tools\MSVC\14.44.35207\include\stdexcept(19,1):
      see declaration of 'std'
  
C:\SFML-3.0.0\include\SFML\System\FileInputStream.hpp(106,41): error C3083: 'filesystem': the symbol to the left of a '::' must be a type
  (compiling source file 'SoundManager.cpp')
  
C:\SFML-3.0.0\include\SFML\System\FileInputStream.hpp(106,41): error C1003: error count exceeds 100; stopping compilation
  (compiling source file 'SoundManager.cpp')
  
  TrackVisualiser.cpp
C:\SFML-3.0.0\include\SFML\Graphics\Color.inl(75,17): error C3615: constexpr function 'sf::operator +' cannot result in a constant expression
  (compiling source file 'TrackVisualiser.cpp')
      C:\SFML-3.0.0\include\SFML\Graphics\Color.inl(77,16):
      failure was because type 'const sf::+::<lambda_16287c72c63b32e0a9fa1270f38e4b81>' is not a literal type
      C:\SFML-3.0.0\include\SFML\Graphics\Color.inl(81,5):
      type 'sf::+::<lambda_16287c72c63b32e0a9fa1270f38e4b81>' is not a literal type because it is not an aggregate type, a closure type, or does not have a constexpr constructor that is not a copy or move constructor
  
C:\SFML-3.0.0\include\SFML\Graphics\Color.inl(91,17): error C3615: constexpr function 'sf::operator -' cannot result in a constant expression
  (compiling source file 'TrackVisualiser.cpp')
      C:\SFML-3.0.0\include\SFML\Graphics\Color.inl(93,16):
      failure was because type 'const sf::-::<lambda_306030dfce25397b9816ce24c68c04f0>' is not a literal type
      C:\SFML-3.0.0\include\SFML\Graphics\Color.inl(97,5):
      type 'sf::-::<lambda_306030dfce25397b9816ce24c68c04f0>' is not a literal type because it is not an aggregate type, a closure type, or does not have a constexpr constructor that is not a copy or move constructor
  
C:\SFML-3.0.0\include\SFML\Graphics\Color.inl(107,17): error C3615: constexpr function 'sf::operator *' cannot result in a constant expression
  (compiling source file 'TrackVisualiser.cpp')
      C:\SFML-3.0.0\include\SFML\Graphics\Color.inl(109,16):
      failure was because type 'const sf::*::<lambda_1570e60a8275d4bb357b66a7fbaafc0b>' is not a literal type
      C:\SFML-3.0.0\include\SFML\Graphics\Color.inl(113,5):
      type 'sf::*::<lambda_1570e60a8275d4bb357b66a7fbaafc0b>' is not a literal type because it is not an aggregate type, a closure type, or does not have a constexpr constructor that is not a copy or move constructor
  
C:\SFML-3.0.0\include\SFML\Graphics\Color.inl(146,31): error C7525: inline variables require at least '/std:c++17'
  (compiling source file 'TrackVisualiser.cpp')
  
C:\SFML-3.0.0\include\SFML\Graphics\Color.inl(147,31): error C7525: inline variables require at least '/std:c++17'
  (compiling source file 'TrackVisualiser.cpp')
  
C:\SFML-3.0.0\include\SFML\Graphics\Color.inl(148,31): error C7525: inline variables require at least '/std:c++17'
  (compiling source file 'TrackVisualiser.cpp')
  
C:\SFML-3.0.0\include\SFML\Graphics\Color.inl(149,31): error C7525: inline variables require at least '/std:c++17'
  (compiling source file 'TrackVisualiser.cpp')
  
C:\SFML-3.0.0\include\SFML\Graphics\Color.inl(150,31): error C7525: inline variables require at least '/std:c++17'
  (compiling source file 'TrackVisualiser.cpp')
  
C:\SFML-3.0.0\include\SFML\Graphics\Color.inl(151,31): error C7525: inline variables require at least '/std:c++17'
  (compiling source file 'TrackVisualiser.cpp')
  
C:\SFML-3.0.0\include\SFML\Graphics\Color.inl(152,31): error C7525: inline variables require at least '/std:c++17'
  (compiling source file 'TrackVisualiser.cpp')
  
C:\SFML-3.0.0\include\SFML\Graphics\Color.inl(153,31): error C7525: inline variables require at least '/std:c++17'
  (compiling source file 'TrackVisualiser.cpp')
  
C:\SFML-3.0.0\include\SFML\Graphics\Color.inl(154,31): error C7525: inline variables require at least '/std:c++17'
  (compiling source file 'TrackVisualiser.cpp')
  
C:\SFML-3.0.0\include\SFML\System\Angle.inl(272,31): error C7525: inline variables require at least '/std:c++17'
  (compiling source file 'TrackVisualiser.cpp')
  
C:\Program Files\Microsoft Visual Studio\2022\Community\VC\Tools\MSVC\14.44.35207\include\optional(11): warning STL4038: The contents of <optional> are available only with C++17 or later.
C:\SFML-3.0.0\include\SFML\Graphics\Rect.hpp(98,42): error C2143: syntax error: missing ';' before '<'
  (compiling source file 'TrackVisualiser.cpp')
      C:\SFML-3.0.0\include\SFML\Graphics\Rect.hpp(98,42):
      the template instantiation context (the oldest one first) is
          C:\SFML-3.0.0\include\SFML\Graphics\Rect.hpp(42,7):
          while compiling class template 'sf::Rect'
  
C:\SFML-3.0.0\include\SFML\Graphics\Rect.hpp(98,34): error C4430: missing type specifier - int assumed. Note: C++ does not support default-int
  (compiling source file 'TrackVisualiser.cpp')
  
C:\SFML-3.0.0\include\SFML\Graphics\Rect.hpp(98,34): error C2178: 'sf::Rect<T>::optional' cannot be declared with 'constexpr' specifier
  (compiling source file 'TrackVisualiser.cpp')
  
C:\SFML-3.0.0\include\SFML\Graphics\Rect.hpp(98,5): warning C4869: 'nodiscard' may only be applied to classes, enumerations, and functions
  (compiling source file 'TrackVisualiser.cpp')
  
C:\SFML-3.0.0\include\SFML\Graphics\Rect.hpp(98,100): error C2238: unexpected token(s) preceding ';'
  (compiling source file 'TrackVisualiser.cpp')
  
C:\SFML-3.0.0\include\SFML\Graphics\Rect.inl(71,16): error C2039: 'optional': is not a member of 'std'
  (compiling source file 'TrackVisualiser.cpp')
      C:\Program Files\Microsoft Visual Studio\2022\Community\VC\Tools\MSVC\14.44.35207\include\iostream(19,1):
      see declaration of 'std'
  
C:\SFML-3.0.0\include\SFML\Graphics\Rect.inl(71,24): error C2988: unrecognizable template declaration/definition
  (compiling source file 'TrackVisualiser.cpp')
  
C:\SFML-3.0.0\include\SFML\Graphics\Rect.inl(71,24): error C2143: syntax error: missing ';' before '<'
  (compiling source file 'TrackVisualiser.cpp')
  
C:\SFML-3.0.0\include\SFML\Graphics\Rect.inl(71,16): error C4430: missing type specifier - int assumed. Note: C++ does not support default-int
  (compiling source file 'TrackVisualiser.cpp')
  
C:\SFML-3.0.0\include\SFML\Graphics\Rect.inl(71,24): error C2059: syntax error: '<'
  (compiling source file 'TrackVisualiser.cpp')
  
C:\SFML-3.0.0\include\SFML\Graphics\Rect.inl(71,30): error C2065: 'T': undeclared identifier
  (compiling source file 'TrackVisualiser.cpp')
  
C:\SFML-3.0.0\include\SFML\Graphics\Rect.inl(71,25): error C2923: 'sf::Rect': 'T' is not a valid template type argument for parameter 'T'
  (compiling source file 'TrackVisualiser.cpp')
      C:\SFML-3.0.0\include\SFML\Graphics\Rect.inl(71,30):
      see declaration of 'T'
  
C:\SFML-3.0.0\include\SFML\Graphics\Rect.inl(71,39): error C2065: 'T': undeclared identifier
  (compiling source file 'TrackVisualiser.cpp')
  
C:\SFML-3.0.0\include\SFML\Graphics\Rect.inl(71,34): error C2923: 'sf::Rect': 'T' is not a valid template type argument for parameter 'T'
  (compiling source file 'TrackVisualiser.cpp')
      C:\SFML-3.0.0\include\SFML\Graphics\Rect.inl(71,39):
      see declaration of 'T'
  
C:\SFML-3.0.0\include\SFML\Graphics\Rect.inl(71,71): error C2065: 'T': undeclared identifier
  (compiling source file 'TrackVisualiser.cpp')
  
C:\SFML-3.0.0\include\SFML\Graphics\Rect.inl(71,66): error C2923: 'sf::Rect': 'T' is not a valid template type argument for parameter 'T'
  (compiling source file 'TrackVisualiser.cpp')
      C:\SFML-3.0.0\include\SFML\Graphics\Rect.inl(71,71):
      see declaration of 'T'
  
C:\SFML-3.0.0\include\SFML\Graphics\Rect.inl(72,1): error C2143: syntax error: missing ';' before '{'
  (compiling source file 'TrackVisualiser.cpp')
  
C:\SFML-3.0.0\include\SFML\Graphics\Rect.inl(72,1): error C2447: '{': missing function header (old-style formal list?)
  (compiling source file 'TrackVisualiser.cpp')
  
C:\SFML-3.0.0\include\SFML\Graphics\Transform.inl(52,35): error C3615: constexpr function 'sf::Transform::getMatrix' cannot result in a constant expression
  (compiling source file 'TrackVisualiser.cpp')
      C:\SFML-3.0.0\include\SFML\Graphics\Transform.inl(54,25):
      failure was caused by call of undefined function or one not declared 'constexpr'
      C:\SFML-3.0.0\include\SFML\Graphics\Transform.inl(54,25):
      see usage of 'std::array<float,16>::data'
  
C:\SFML-3.0.0\include\SFML\Graphics\Rect.hpp(98,34): error C2039: 'optional': is not a member of 'std'
  (compiling source file 'TrackVisualiser.cpp')
      C:\Program Files\Microsoft Visual Studio\2022\Community\VC\Tools\MSVC\14.44.35207\include\array(19,1):
      see declaration of 'std'
      C:\SFML-3.0.0\include\SFML\Graphics\Rect.hpp(98,34):
      the template instantiation context (the oldest one first) is
          C:\SFML-3.0.0\include\SFML\Graphics\Transform.inl(98,32):
          see reference to class template instantiation 'sf::Rect<float>' being compiled
  
C:\SFML-3.0.0\include\SFML\Graphics\Rect.hpp(98,34): error C2178: 'sf::Rect<float>::optional' cannot be declared with 'constexpr' specifier
  (compiling source file 'TrackVisualiser.cpp')
  
C:\SFML-3.0.0\include\SFML\Graphics\Transform.inl(101,31): error C2514: 'std::array': class template cannot be constructed
  (compiling source file 'TrackVisualiser.cpp')
      C:\Program Files\Microsoft Visual Studio\2022\Community\VC\Tools\MSVC\14.44.35207\include\array(402,7):
      see declaration of 'std::array'
  
C:\SFML-3.0.0\include\SFML\Graphics\Transform.inl(107,21): error C2678: binary '[': no operator found which takes a left-hand operand of type 'const std::array' (or there is no acceptable conversion)
  (compiling source file 'TrackVisualiser.cpp')
      C:\Program Files\Microsoft Visual Studio\2022\Community\VC\Tools\MSVC\14.44.35207\include\array(537,42):
      could be 'const _Ty &std::array<_Ty,_Size>::operator [](std::array<_Ty,_Size>::size_type) noexcept const'
          C:\SFML-3.0.0\include\SFML\Graphics\Transform.inl(107,21):
          'const _Ty &std::array<_Ty,_Size>::operator [](std::array<_Ty,_Size>::size_type) noexcept const': cannot convert 'this' pointer from 'const std::array' to 'const std::array<_Ty,_Size> &'
              C:\SFML-3.0.0\include\SFML\Graphics\Transform.inl(107,21):
              Reason: cannot convert from 'const std::array' to 'const std::array<_Ty,_Size>'
              C:\SFML-3.0.0\include\SFML\Graphics\Transform.inl(107,21):
              Conversion requires a second user-defined-conversion operator or constructor
      C:\Program Files\Microsoft Visual Studio\2022\Community\VC\Tools\MSVC\14.44.35207\include\array(529,39):
      or       '_Ty &std::array<_Ty,_Size>::operator [](std::array<_Ty,_Size>::size_type) noexcept'
          C:\SFML-3.0.0\include\SFML\Graphics\Transform.inl(107,21):
          '_Ty &std::array<_Ty,_Size>::operator [](std::array<_Ty,_Size>::size_type) noexcept': cannot convert 'this' pointer from 'const std::array' to 'std::array<_Ty,_Size> &'
              C:\SFML-3.0.0\include\SFML\Graphics\Transform.inl(107,21):
              Reason: cannot convert from 'const std::array' to 'std::array<_Ty,_Size>'
              C:\SFML-3.0.0\include\SFML\Graphics\Transform.inl(107,21):
              Conversion requires a second user-defined-conversion operator or constructor
      C:\SFML-3.0.0\include\SFML\Graphics\Transform.inl(107,21):
      while trying to match the argument list '(const std::array, int)'
  
C:\SFML-3.0.0\include\SFML\Graphics\Transform.inl(108,21): error C2678: binary '[': no operator found which takes a left-hand operand of type 'const std::array' (or there is no acceptable conversion)
  (compiling source file 'TrackVisualiser.cpp')
      C:\Program Files\Microsoft Visual Studio\2022\Community\VC\Tools\MSVC\14.44.35207\include\array(537,42):
      could be 'const _Ty &std::array<_Ty,_Size>::operator [](std::array<_Ty,_Size>::size_type) noexcept const'
          C:\SFML-3.0.0\include\SFML\Graphics\Transform.inl(108,21):
          'const _Ty &std::array<_Ty,_Size>::operator [](std::array<_Ty,_Size>::size_type) noexcept const': cannot convert 'this' pointer from 'const std::array' to 'const std::array<_Ty,_Size> &'
              C:\SFML-3.0.0\include\SFML\Graphics\Transform.inl(108,21):
              Reason: cannot convert from 'const std::array' to 'const std::array<_Ty,_Size>'
              C:\SFML-3.0.0\include\SFML\Graphics\Transform.inl(108,21):
              Conversion requires a second user-defined-conversion operator or constructor
      C:\Program Files\Microsoft Visual Studio\2022\Community\VC\Tools\MSVC\14.44.35207\include\array(529,39):
      or       '_Ty &std::array<_Ty,_Size>::operator [](std::array<_Ty,_Size>::size_type) noexcept'
          C:\SFML-3.0.0\include\SFML\Graphics\Transform.inl(108,21):
          '_Ty &std::array<_Ty,_Size>::operator [](std::array<_Ty,_Size>::size_type) noexcept': cannot convert 'this' pointer from 'const std::array' to 'std::array<_Ty,_Size> &'
              C:\SFML-3.0.0\include\SFML\Graphics\Transform.inl(108,21):
              Reason: cannot convert from 'const std::array' to 'std::array<_Ty,_Size>'
              C:\SFML-3.0.0\include\SFML\Graphics\Transform.inl(108,21):
              Conversion requires a second user-defined-conversion operator or constructor
      C:\SFML-3.0.0\include\SFML\Graphics\Transform.inl(108,21):
      while trying to match the argument list '(const std::array, int)'
  
C:\SFML-3.0.0\include\SFML\Graphics\Transform.inl(110,40): error C2662: 'std::array<_Ty,_Size>::size_type std::array<_Ty,_Size>::size(void) noexcept const': cannot convert 'this' pointer from 'const std::array' to 'const std::array<_Ty,_Size> &'
  (compiling source file 'TrackVisualiser.cpp')
      C:\SFML-3.0.0\include\SFML\Graphics\Transform.inl(110,33):
      Reason: cannot convert from 'const std::array' to 'const std::array<_Ty,_Size>'
      C:\SFML-3.0.0\include\SFML\Graphics\Transform.inl(110,33):
      Conversion requires a second user-defined-conversion operator or constructor
      C:\Program Files\Microsoft Visual Studio\2022\Community\VC\Tools\MSVC\14.44.35207\include\array(501,59):
      see declaration of 'std::array<_Ty,_Size>::size'
      C:\SFML-3.0.0\include\SFML\Graphics\Transform.inl(110,40):
      while trying to match the argument list '()'
  
C:\SFML-3.0.0\include\SFML\Graphics\Transform.inl(113,18): error C2678: binary '[': no operator found which takes a left-hand operand of type 'const std::array' (or there is no acceptable conversion)
  (compiling source file 'TrackVisualiser.cpp')
      C:\Program Files\Microsoft Visual Studio\2022\Community\VC\Tools\MSVC\14.44.35207\include\array(537,42):
      could be 'const _Ty &std::array<_Ty,_Size>::operator [](std::array<_Ty,_Size>::size_type) noexcept const'
          C:\SFML-3.0.0\include\SFML\Graphics\Transform.inl(113,18):
          'const _Ty &std::array<_Ty,_Size>::operator [](std::array<_Ty,_Size>::size_type) noexcept const': cannot convert 'this' pointer from 'const std::array' to 'const std::array<_Ty,_Size> &'
              C:\SFML-3.0.0\include\SFML\Graphics\Transform.inl(113,18):
              Reason: cannot convert from 'const std::array' to 'const std::array<_Ty,_Size>'
              C:\SFML-3.0.0\include\SFML\Graphics\Transform.inl(113,18):
              Conversion requires a second user-defined-conversion operator or constructor
      C:\Program Files\Microsoft Visual Studio\2022\Community\VC\Tools\MSVC\14.44.35207\include\array(529,39):
      or       '_Ty &std::array<_Ty,_Size>::operator [](std::array<_Ty,_Size>::size_type) noexcept'
          C:\SFML-3.0.0\include\SFML\Graphics\Transform.inl(113,18):
          '_Ty &std::array<_Ty,_Size>::operator [](std::array<_Ty,_Size>::size_type) noexcept': cannot convert 'this' pointer from 'const std::array' to 'std::array<_Ty,_Size> &'
              C:\SFML-3.0.0\include\SFML\Graphics\Transform.inl(113,18):
              Reason: cannot convert from 'const std::array' to 'std::array<_Ty,_Size>'
              C:\SFML-3.0.0\include\SFML\Graphics\Transform.inl(113,18):
              Conversion requires a second user-defined-conversion operator or constructor
      C:\SFML-3.0.0\include\SFML\Graphics\Transform.inl(113,18):
      while trying to match the argument list '(const std::array, size_t)'
  
C:\SFML-3.0.0\include\SFML\Graphics\Transform.inl(113,49): error C2678: binary '[': no operator found which takes a left-hand operand of type 'const std::array' (or there is no acceptable conversion)
  (compiling source file 'TrackVisualiser.cpp')
      C:\Program Files\Microsoft Visual Studio\2022\Community\VC\Tools\MSVC\14.44.35207\include\array(537,42):
      could be 'const _Ty &std::array<_Ty,_Size>::operator [](std::array<_Ty,_Size>::size_type) noexcept const'
          C:\SFML-3.0.0\include\SFML\Graphics\Transform.inl(113,49):
          'const _Ty &std::array<_Ty,_Size>::operator [](std::array<_Ty,_Size>::size_type) noexcept const': cannot convert 'this' pointer from 'const std::array' to 'const std::array<_Ty,_Size> &'
              C:\SFML-3.0.0\include\SFML\Graphics\Transform.inl(113,49):
              Reason: cannot convert from 'const std::array' to 'const std::array<_Ty,_Size>'
              C:\SFML-3.0.0\include\SFML\Graphics\Transform.inl(113,49):
              Conversion requires a second user-defined-conversion operator or constructor
      C:\Program Files\Microsoft Visual Studio\2022\Community\VC\Tools\MSVC\14.44.35207\include\array(529,39):
      or       '_Ty &std::array<_Ty,_Size>::operator [](std::array<_Ty,_Size>::size_type) noexcept'
          C:\SFML-3.0.0\include\SFML\Graphics\Transform.inl(113,49):
          '_Ty &std::array<_Ty,_Size>::operator [](std::array<_Ty,_Size>::size_type) noexcept': cannot convert 'this' pointer from 'const std::array' to 'std::array<_Ty,_Size> &'
              C:\SFML-3.0.0\include\SFML\Graphics\Transform.inl(113,49):
              Reason: cannot convert from 'const std::array' to 'std::array<_Ty,_Size>'
              C:\SFML-3.0.0\include\SFML\Graphics\Transform.inl(113,49):
              Conversion requires a second user-defined-conversion operator or constructor
      C:\SFML-3.0.0\include\SFML\Graphics\Transform.inl(113,49):
      while trying to match the argument list '(const std::array, size_t)'
  
C:\SFML-3.0.0\include\SFML\Graphics\Transform.inl(114,18): error C2678: binary '[': no operator found which takes a left-hand operand of type 'const std::array' (or there is no acceptable conversion)
  (compiling source file 'TrackVisualiser.cpp')
      C:\Program Files\Microsoft Visual Studio\2022\Community\VC\Tools\MSVC\14.44.35207\include\array(537,42):
      could be 'const _Ty &std::array<_Ty,_Size>::operator [](std::array<_Ty,_Size>::size_type) noexcept const'
          C:\SFML-3.0.0\include\SFML\Graphics\Transform.inl(114,18):
          'const _Ty &std::array<_Ty,_Size>::operator [](std::array<_Ty,_Size>::size_type) noexcept const': cannot convert 'this' pointer from 'const std::array' to 'const std::array<_Ty,_Size> &'
              C:\SFML-3.0.0\include\SFML\Graphics\Transform.inl(114,18):
              Reason: cannot convert from 'const std::array' to 'const std::array<_Ty,_Size>'
              C:\SFML-3.0.0\include\SFML\Graphics\Transform.inl(114,18):
              Conversion requires a second user-defined-conversion operator or constructor
      C:\Program Files\Microsoft Visual Studio\2022\Community\VC\Tools\MSVC\14.44.35207\include\array(529,39):
      or       '_Ty &std::array<_Ty,_Size>::operator [](std::array<_Ty,_Size>::size_type) noexcept'
          C:\SFML-3.0.0\include\SFML\Graphics\Transform.inl(114,18):
          '_Ty &std::array<_Ty,_Size>::operator [](std::array<_Ty,_Size>::size_type) noexcept': cannot convert 'this' pointer from 'const std::array' to 'std::array<_Ty,_Size> &'
              C:\SFML-3.0.0\include\SFML\Graphics\Transform.inl(114,18):
              Reason: cannot convert from 'const std::array' to 'std::array<_Ty,_Size>'
              C:\SFML-3.0.0\include\SFML\Graphics\Transform.inl(114,18):
              Conversion requires a second user-defined-conversion operator or constructor
      C:\SFML-3.0.0\include\SFML\Graphics\Transform.inl(114,18):
      while trying to match the argument list '(const std::array, size_t)'
  
C:\SFML-3.0.0\include\SFML\Graphics\Transform.inl(114,49): error C2678: binary '[': no operator found which takes a left-hand operand of type 'const std::array' (or there is no acceptable conversion)
  (compiling source file 'TrackVisualiser.cpp')
      C:\Program Files\Microsoft Visual Studio\2022\Community\VC\Tools\MSVC\14.44.35207\include\array(537,42):
      could be 'const _Ty &std::array<_Ty,_Size>::operator [](std::array<_Ty,_Size>::size_type) noexcept const'
          C:\SFML-3.0.0\include\SFML\Graphics\Transform.inl(114,49):
          'const _Ty &std::array<_Ty,_Size>::operator [](std::array<_Ty,_Size>::size_type) noexcept const': cannot convert 'this' pointer from 'const std::array' to 'const std::array<_Ty,_Size> &'
              C:\SFML-3.0.0\include\SFML\Graphics\Transform.inl(114,49):
              Reason: cannot convert from 'const std::array' to 'const std::array<_Ty,_Size>'
              C:\SFML-3.0.0\include\SFML\Graphics\Transform.inl(114,49):
              Conversion requires a second user-defined-conversion operator or constructor
      C:\Program Files\Microsoft Visual Studio\2022\Community\VC\Tools\MSVC\14.44.35207\include\array(529,39):
      or       '_Ty &std::array<_Ty,_Size>::operator [](std::array<_Ty,_Size>::size_type) noexcept'
          C:\SFML-3.0.0\include\SFML\Graphics\Transform.inl(114,49):
          '_Ty &std::array<_Ty,_Size>::operator [](std::array<_Ty,_Size>::size_type) noexcept': cannot convert 'this' pointer from 'const std::array' to 'std::array<_Ty,_Size> &'
              C:\SFML-3.0.0\include\SFML\Graphics\Transform.inl(114,49):
              Reason: cannot convert from 'const std::array' to 'std::array<_Ty,_Size>'
              C:\SFML-3.0.0\include\SFML\Graphics\Transform.inl(114,49):
              Conversion requires a second user-defined-conversion operator or constructor
      C:\SFML-3.0.0\include\SFML\Graphics\Transform.inl(114,49):
      while trying to match the argument list '(const std::array, size_t)'
  
C:\SFML-3.0.0\include\SFML\Graphics\Transform.inl(116,18): error C2678: binary '[': no operator found which takes a left-hand operand of type 'const std::array' (or there is no acceptable conversion)
  (compiling source file 'TrackVisualiser.cpp')
      C:\Program Files\Microsoft Visual Studio\2022\Community\VC\Tools\MSVC\14.44.35207\include\array(537,42):
      could be 'const _Ty &std::array<_Ty,_Size>::operator [](std::array<_Ty,_Size>::size_type) noexcept const'
          C:\SFML-3.0.0\include\SFML\Graphics\Transform.inl(116,18):
          'const _Ty &std::array<_Ty,_Size>::operator [](std::array<_Ty,_Size>::size_type) noexcept const': cannot convert 'this' pointer from 'const std::array' to 'const std::array<_Ty,_Size> &'
              C:\SFML-3.0.0\include\SFML\Graphics\Transform.inl(116,18):
              Reason: cannot convert from 'const std::array' to 'const std::array<_Ty,_Size>'
              C:\SFML-3.0.0\include\SFML\Graphics\Transform.inl(116,18):
              Conversion requires a second user-defined-conversion operator or constructor
      C:\Program Files\Microsoft Visual Studio\2022\Community\VC\Tools\MSVC\14.44.35207\include\array(529,39):
      or       '_Ty &std::array<_Ty,_Size>::operator [](std::array<_Ty,_Size>::size_type) noexcept'
          C:\SFML-3.0.0\include\SFML\Graphics\Transform.inl(116,18):
          '_Ty &std::array<_Ty,_Size>::operator [](std::array<_Ty,_Size>::size_type) noexcept': cannot convert 'this' pointer from 'const std::array' to 'std::array<_Ty,_Size> &'
              C:\SFML-3.0.0\include\SFML\Graphics\Transform.inl(116,18):
              Reason: cannot convert from 'const std::array' to 'std::array<_Ty,_Size>'
              C:\SFML-3.0.0\include\SFML\Graphics\Transform.inl(116,18):
              Conversion requires a second user-defined-conversion operator or constructor
      C:\SFML-3.0.0\include\SFML\Graphics\Transform.inl(116,18):
      while trying to match the argument list '(const std::array, size_t)'
  
C:\SFML-3.0.0\include\SFML\Graphics\Transform.inl(116,49): error C2678: binary '[': no operator found which takes a left-hand operand of type 'const std::array' (or there is no acceptable conversion)
  (compiling source file 'TrackVisualiser.cpp')
      C:\Program Files\Microsoft Visual Studio\2022\Community\VC\Tools\MSVC\14.44.35207\include\array(537,42):
      could be 'const _Ty &std::array<_Ty,_Size>::operator [](std::array<_Ty,_Size>::size_type) noexcept const'
          C:\SFML-3.0.0\include\SFML\Graphics\Transform.inl(116,49):
          'const _Ty &std::array<_Ty,_Size>::operator [](std::array<_Ty,_Size>::size_type) noexcept const': cannot convert 'this' pointer from 'const std::array' to 'const std::array<_Ty,_Size> &'
              C:\SFML-3.0.0\include\SFML\Graphics\Transform.inl(116,49):
              Reason: cannot convert from 'const std::array' to 'const std::array<_Ty,_Size>'
              C:\SFML-3.0.0\include\SFML\Graphics\Transform.inl(116,49):
              Conversion requires a second user-defined-conversion operator or constructor
      C:\Program Files\Microsoft Visual Studio\2022\Community\VC\Tools\MSVC\14.44.35207\include\array(529,39):
      or       '_Ty &std::array<_Ty,_Size>::operator [](std::array<_Ty,_Size>::size_type) noexcept'
          C:\SFML-3.0.0\include\SFML\Graphics\Transform.inl(116,49):
          '_Ty &std::array<_Ty,_Size>::operator [](std::array<_Ty,_Size>::size_type) noexcept': cannot convert 'this' pointer from 'const std::array' to 'std::array<_Ty,_Size> &'
              C:\SFML-3.0.0\include\SFML\Graphics\Transform.inl(116,49):
              Reason: cannot convert from 'const std::array' to 'std::array<_Ty,_Size>'
              C:\SFML-3.0.0\include\SFML\Graphics\Transform.inl(116,49):
              Conversion requires a second user-defined-conversion operator or constructor
      C:\SFML-3.0.0\include\SFML\Graphics\Transform.inl(116,49):
      while trying to match the argument list '(const std::array, size_t)'
  
C:\SFML-3.0.0\include\SFML\Graphics\Transform.inl(117,18): error C2678: binary '[': no operator found which takes a left-hand operand of type 'const std::array' (or there is no acceptable conversion)
  (compiling source file 'TrackVisualiser.cpp')
      C:\Program Files\Microsoft Visual Studio\2022\Community\VC\Tools\MSVC\14.44.35207\include\array(537,42):
      could be 'const _Ty &std::array<_Ty,_Size>::operator [](std::array<_Ty,_Size>::size_type) noexcept const'
          C:\SFML-3.0.0\include\SFML\Graphics\Transform.inl(117,18):
          'const _Ty &std::array<_Ty,_Size>::operator [](std::array<_Ty,_Size>::size_type) noexcept const': cannot convert 'this' pointer from 'const std::array' to 'const std::array<_Ty,_Size> &'
              C:\SFML-3.0.0\include\SFML\Graphics\Transform.inl(117,18):
              Reason: cannot convert from 'const std::array' to 'const std::array<_Ty,_Size>'
              C:\SFML-3.0.0\include\SFML\Graphics\Transform.inl(117,18):
              Conversion requires a second user-defined-conversion operator or constructor
      C:\Program Files\Microsoft Visual Studio\2022\Community\VC\Tools\MSVC\14.44.35207\include\array(529,39):
      or       '_Ty &std::array<_Ty,_Size>::operator [](std::array<_Ty,_Size>::size_type) noexcept'
          C:\SFML-3.0.0\include\SFML\Graphics\Transform.inl(117,18):
          '_Ty &std::array<_Ty,_Size>::operator [](std::array<_Ty,_Size>::size_type) noexcept': cannot convert 'this' pointer from 'const std::array' to 'std::array<_Ty,_Size> &'
              C:\SFML-3.0.0\include\SFML\Graphics\Transform.inl(117,18):
              Reason: cannot convert from 'const std::array' to 'std::array<_Ty,_Size>'
              C:\SFML-3.0.0\include\SFML\Graphics\Transform.inl(117,18):
              Conversion requires a second user-defined-conversion operator or constructor
      C:\SFML-3.0.0\include\SFML\Graphics\Transform.inl(117,18):
      while trying to match the argument list '(const std::array, size_t)'
  
C:\SFML-3.0.0\include\SFML\Graphics\Transform.inl(117,49): error C2678: binary '[': no operator found which takes a left-hand operand of type 'const std::array' (or there is no acceptable conversion)
  (compiling source file 'TrackVisualiser.cpp')
      C:\Program Files\Microsoft Visual Studio\2022\Community\VC\Tools\MSVC\14.44.35207\include\array(537,42):
      could be 'const _Ty &std::array<_Ty,_Size>::operator [](std::array<_Ty,_Size>::size_type) noexcept const'
          C:\SFML-3.0.0\include\SFML\Graphics\Transform.inl(117,49):
          'const _Ty &std::array<_Ty,_Size>::operator [](std::array<_Ty,_Size>::size_type) noexcept const': cannot convert 'this' pointer from 'const std::array' to 'const std::array<_Ty,_Size> &'
              C:\SFML-3.0.0\include\SFML\Graphics\Transform.inl(117,49):
              Reason: cannot convert from 'const std::array' to 'const std::array<_Ty,_Size>'
              C:\SFML-3.0.0\include\SFML\Graphics\Transform.inl(117,49):
              Conversion requires a second user-defined-conversion operator or constructor
      C:\Program Files\Microsoft Visual Studio\2022\Community\VC\Tools\MSVC\14.44.35207\include\array(529,39):
      or       '_Ty &std::array<_Ty,_Size>::operator [](std::array<_Ty,_Size>::size_type) noexcept'
          C:\SFML-3.0.0\include\SFML\Graphics\Transform.inl(117,49):
          '_Ty &std::array<_Ty,_Size>::operator [](std::array<_Ty,_Size>::size_type) noexcept': cannot convert 'this' pointer from 'const std::array' to 'std::array<_Ty,_Size> &'
              C:\SFML-3.0.0\include\SFML\Graphics\Transform.inl(117,49):
              Reason: cannot convert from 'const std::array' to 'std::array<_Ty,_Size>'
              C:\SFML-3.0.0\include\SFML\Graphics\Transform.inl(117,49):
              Conversion requires a second user-defined-conversion operator or constructor
      C:\SFML-3.0.0\include\SFML\Graphics\Transform.inl(117,49):
      while trying to match the argument list '(const std::array, size_t)'
  
C:\SFML-3.0.0\include\SFML\Graphics\Transform.inl(98,32): error C3615: constexpr function 'sf::Transform::transformRect' cannot result in a constant expression
  (compiling source file 'TrackVisualiser.cpp')
      C:\SFML-3.0.0\include\SFML\Graphics\Transform.inl(101,22):
      failure was because type 'const std::array' is not a literal type
      C:\Program Files\Microsoft Visual Studio\2022\Community\VC\Tools\MSVC\14.44.35207\include\array(402,7):
      type 'std::array' is not a literal type because it is not an aggregate type, a closure type, or does not have a constexpr constructor that is not a copy or move constructor
      C:\SFML-3.0.0\include\SFML\Graphics\Transform.inl(110,39):
      failure was caused by call of undefined function or one not declared 'constexpr'
      C:\SFML-3.0.0\include\SFML\Graphics\Transform.inl(110,39):
      see usage of '<declval>'
      C:\SFML-3.0.0\include\SFML\Graphics\Transform.inl(98,32):
      failure was caused by control reaching the end of a constexpr function
  
C:\SFML-3.0.0\include\SFML\Graphics\Transform.inl(234,39): error C7525: inline variables require at least '/std:c++17'
  (compiling source file 'TrackVisualiser.cpp')
  
C:\SFML-3.0.0\include\SFML\Graphics\Rect.hpp(98,34): error C2178: 'sf::Rect<int>::optional' cannot be declared with 'constexpr' specifier
  (compiling source file 'TrackVisualiser.cpp')
  
C:\Program Files\Microsoft Visual Studio\2022\Community\VC\Tools\MSVC\14.44.35207\include\filesystem(12): warning STL4038: The contents of <filesystem> are available only with C++17 or later.
C:\SFML-3.0.0\include\SFML\Graphics\Texture.hpp(114,33): error C2039: 'filesystem': is not a member of 'std'
  (compiling source file 'TrackVisualiser.cpp')
      C:\Program Files\Microsoft Visual Studio\2022\Community\VC\Tools\MSVC\14.44.35207\include\array(19,1):
      see declaration of 'std'
  
C:\SFML-3.0.0\include\SFML\Graphics\Texture.hpp(114,33): error C3083: 'filesystem': the symbol to the left of a '::' must be a type
  (compiling source file 'TrackVisualiser.cpp')
  
C:\SFML-3.0.0\include\SFML\Graphics\Texture.hpp(114,45): error C2039: 'path': is not a member of 'std'
  (compiling source file 'TrackVisualiser.cpp')
      C:\Program Files\Microsoft Visual Studio\2022\Community\VC\Tools\MSVC\14.44.35207\include\array(19,1):
      see declaration of 'std'
  
C:\SFML-3.0.0\include\SFML\Graphics\Texture.hpp(114,22): error C4430: missing type specifier - int assumed. Note: C++ does not support default-int
  (compiling source file 'TrackVisualiser.cpp')
  
C:\SFML-3.0.0\include\SFML\Graphics\Texture.hpp(114,49): error C2143: syntax error: missing ',' before '&'
  (compiling source file 'TrackVisualiser.cpp')
  
C:\SFML-3.0.0\include\SFML\Graphics\Texture.hpp(137,24): error C2039: 'filesystem': is not a member of 'std'
  (compiling source file 'TrackVisualiser.cpp')
      C:\Program Files\Microsoft Visual Studio\2022\Community\VC\Tools\MSVC\14.44.35207\include\array(19,1):
      see declaration of 'std'
  
C:\SFML-3.0.0\include\SFML\Graphics\Texture.hpp(137,24): error C3083: 'filesystem': the symbol to the left of a '::' must be a type
  (compiling source file 'TrackVisualiser.cpp')
  
C:\SFML-3.0.0\include\SFML\Graphics\Texture.hpp(137,36): error C2039: 'path': is not a member of 'std'
  (compiling source file 'TrackVisualiser.cpp')
      C:\Program Files\Microsoft Visual Studio\2022\Community\VC\Tools\MSVC\14.44.35207\include\array(19,1):
      see declaration of 'std'
  
C:\SFML-3.0.0\include\SFML\Graphics\Texture.hpp(137,13): error C4430: missing type specifier - int assumed. Note: C++ does not support default-int
  (compiling source file 'TrackVisualiser.cpp')
  
C:\SFML-3.0.0\include\SFML\Graphics\Texture.hpp(137,40): error C2143: syntax error: missing ',' before '&'
  (compiling source file 'TrackVisualiser.cpp')
  
C:\SFML-3.0.0\include\SFML\Graphics\Texture.hpp(137,5): error C2535: 'sf::Texture::Texture(const int)': member function already defined or declared
  (compiling source file 'TrackVisualiser.cpp')
      C:\SFML-3.0.0\include\SFML\Graphics\Texture.hpp(114,5):
      see declaration of 'sf::Texture::Texture'
  
C:\SFML-3.0.0\include\SFML\Graphics\Texture.hpp(304,48): error C2039: 'filesystem': is not a member of 'std'
  (compiling source file 'TrackVisualiser.cpp')
      C:\Program Files\Microsoft Visual Studio\2022\Community\VC\Tools\MSVC\14.44.35207\include\array(19,1):
      see declaration of 'std'
  
C:\SFML-3.0.0\include\SFML\Graphics\Texture.hpp(304,48): error C3083: 'filesystem': the symbol to the left of a '::' must be a type
  (compiling source file 'TrackVisualiser.cpp')
  
C:\SFML-3.0.0\include\SFML\Graphics\Texture.hpp(304,60): error C2039: 'path': is not a member of 'std'
  (compiling source file 'TrackVisualiser.cpp')
      C:\Program Files\Microsoft Visual Studio\2022\Community\VC\Tools\MSVC\14.44.35207\include\array(19,1):
      see declaration of 'std'
  
C:\SFML-3.0.0\include\SFML\Graphics\Texture.hpp(304,37): error C4430: missing type specifier - int assumed. Note: C++ does not support default-int
  (compiling source file 'TrackVisualiser.cpp')
  
C:\SFML-3.0.0\include\SFML\Graphics\Texture.hpp(304,64): error C2143: syntax error: missing ',' before '&'
  (compiling source file 'TrackVisualiser.cpp')
  
C:\SFML-3.0.0\include\SFML\Graphics\Texture.hpp(304,117): error C2143: syntax error: missing ')' before '{'
  (compiling source file 'TrackVisualiser.cpp')
  
C:\SFML-3.0.0\include\SFML\Graphics\Texture.hpp(304,119): error C2059: syntax error: ')'
  (compiling source file 'TrackVisualiser.cpp')
  
C:\SFML-3.0.0\include\SFML\Graphics\Font.hpp(103,30): error C2039: 'filesystem': is not a member of 'std'
  (compiling source file 'TrackVisualiser.cpp')
      C:\Program Files\Microsoft Visual Studio\2022\Community\VC\Tools\MSVC\14.44.35207\include\unordered_map(23,1):
      see declaration of 'std'
  
C:\SFML-3.0.0\include\SFML\Graphics\Font.hpp(103,30): error C3083: 'filesystem': the symbol to the left of a '::' must be a type
  (compiling source file 'TrackVisualiser.cpp')
  
C:\SFML-3.0.0\include\SFML\Graphics\Font.hpp(103,42): error C2039: 'path': is not a member of 'std'
  (compiling source file 'TrackVisualiser.cpp')
      C:\Program Files\Microsoft Visual Studio\2022\Community\VC\Tools\MSVC\14.44.35207\include\unordered_map(23,1):
      see declaration of 'std'
  
C:\SFML-3.0.0\include\SFML\Graphics\Font.hpp(103,19): error C4430: missing type specifier - int assumed. Note: C++ does not support default-int
  (compiling source file 'TrackVisualiser.cpp')
  
C:\SFML-3.0.0\include\SFML\Graphics\Font.hpp(103,46): error C2143: syntax error: missing ',' before '&'
  (compiling source file 'TrackVisualiser.cpp')
  
C:\SFML-3.0.0\include\SFML\Graphics\Font.hpp(168,48): error C2039: 'filesystem': is not a member of 'std'
  (compiling source file 'TrackVisualiser.cpp')
      C:\Program Files\Microsoft Visual Studio\2022\Community\VC\Tools\MSVC\14.44.35207\include\unordered_map(23,1):
      see declaration of 'std'
  
C:\SFML-3.0.0\include\SFML\Graphics\Font.hpp(168,48): error C3083: 'filesystem': the symbol to the left of a '::' must be a type
  (compiling source file 'TrackVisualiser.cpp')
  
C:\SFML-3.0.0\include\SFML\Graphics\Font.hpp(168,60): error C2039: 'path': is not a member of 'std'
  (compiling source file 'TrackVisualiser.cpp')
      C:\Program Files\Microsoft Visual Studio\2022\Community\VC\Tools\MSVC\14.44.35207\include\unordered_map(23,1):
      see declaration of 'std'
  
C:\SFML-3.0.0\include\SFML\Graphics\Font.hpp(168,37): error C4430: missing type specifier - int assumed. Note: C++ does not support default-int
  (compiling source file 'TrackVisualiser.cpp')
  
C:\SFML-3.0.0\include\SFML\Graphics\Font.hpp(168,64): error C2143: syntax error: missing ',' before '&'
  (compiling source file 'TrackVisualiser.cpp')
  
C:\Program Files\Microsoft Visual Studio\2022\Community\VC\Tools\MSVC\14.44.35207\include\string_view(12): warning STL4038: The contents of <string_view> are available only with C++17 or later.
C:\SFML-3.0.0\include\SFML\Graphics\Image.hpp(103,31): error C2039: 'filesystem': is not a member of 'std'
  (compiling source file 'TrackVisualiser.cpp')
      C:\Program Files\Microsoft Visual Studio\2022\Community\VC\Tools\MSVC\14.44.35207\include\unordered_map(23,1):
      see declaration of 'std'
  
C:\SFML-3.0.0\include\SFML\Graphics\Image.hpp(103,31): error C3083: 'filesystem': the symbol to the left of a '::' must be a type
  (compiling source file 'TrackVisualiser.cpp')
  
C:\SFML-3.0.0\include\SFML\Graphics\Image.hpp(103,43): error C2039: 'path': is not a member of 'std'
  (compiling source file 'TrackVisualiser.cpp')
      C:\Program Files\Microsoft Visual Studio\2022\Community\VC\Tools\MSVC\14.44.35207\include\unordered_map(23,1):
      see declaration of 'std'
  
C:\SFML-3.0.0\include\SFML\Graphics\Image.hpp(103,20): error C4430: missing type specifier - int assumed. Note: C++ does not support default-int
  (compiling source file 'TrackVisualiser.cpp')
  
C:\SFML-3.0.0\include\SFML\Graphics\Image.hpp(103,47): error C2143: syntax error: missing ',' before '&'
  (compiling source file 'TrackVisualiser.cpp')
  
C:\SFML-3.0.0\include\SFML\Graphics\Image.hpp(175,48): error C2039: 'filesystem': is not a member of 'std'
  (compiling source file 'TrackVisualiser.cpp')
      C:\Program Files\Microsoft Visual Studio\2022\Community\VC\Tools\MSVC\14.44.35207\include\unordered_map(23,1):
      see declaration of 'std'
  
C:\SFML-3.0.0\include\SFML\Graphics\Image.hpp(175,48): error C3083: 'filesystem': the symbol to the left of a '::' must be a type
  (compiling source file 'TrackVisualiser.cpp')
  
C:\SFML-3.0.0\include\SFML\Graphics\Image.hpp(175,60): error C2039: 'path': is not a member of 'std'
  (compiling source file 'TrackVisualiser.cpp')
      C:\Program Files\Microsoft Visual Studio\2022\Community\VC\Tools\MSVC\14.44.35207\include\unordered_map(23,1):
      see declaration of 'std'
  
C:\SFML-3.0.0\include\SFML\Graphics\Image.hpp(175,37): error C4430: missing type specifier - int assumed. Note: C++ does not support default-int
  (compiling source file 'TrackVisualiser.cpp')
  
C:\SFML-3.0.0\include\SFML\Graphics\Image.hpp(175,64): error C2143: syntax error: missing ',' before '&'
  (compiling source file 'TrackVisualiser.cpp')
  
C:\SFML-3.0.0\include\SFML\Graphics\Image.hpp(227,46): error C2039: 'filesystem': is not a member of 'std'
  (compiling source file 'TrackVisualiser.cpp')
      C:\Program Files\Microsoft Visual Studio\2022\Community\VC\Tools\MSVC\14.44.35207\include\unordered_map(23,1):
      see declaration of 'std'
  
C:\SFML-3.0.0\include\SFML\Graphics\Image.hpp(227,46): error C3083: 'filesystem': the symbol to the left of a '::' must be a type
  (compiling source file 'TrackVisualiser.cpp')
  
C:\SFML-3.0.0\include\SFML\Graphics\Image.hpp(227,58): error C2039: 'path': is not a member of 'std'
  (compiling source file 'TrackVisualiser.cpp')
      C:\Program Files\Microsoft Visual Studio\2022\Community\VC\Tools\MSVC\14.44.35207\include\unordered_map(23,1):
      see declaration of 'std'
  
C:\SFML-3.0.0\include\SFML\Graphics\Image.hpp(227,58): error C1003: error count exceeds 100; stopping compilation
  (compiling source file 'TrackVisualiser.cpp')
  
  Utilities.cpp
  VisualiserSelect.cpp
C:\SFML-3.0.0\include\SFML\Graphics\Color.inl(75,17): error C3615: constexpr function 'sf::operator +' cannot result in a constant expression
  (compiling source file 'VisualiserSelect.cpp')
      C:\SFML-3.0.0\include\SFML\Graphics\Color.inl(77,16):
      failure was because type 'const sf::+::<lambda_16287c72c63b32e0a9fa1270f38e4b81>' is not a literal type
      C:\SFML-3.0.0\include\SFML\Graphics\Color.inl(81,5):
      type 'sf::+::<lambda_16287c72c63b32e0a9fa1270f38e4b81>' is not a literal type because it is not an aggregate type, a closure type, or does not have a constexpr constructor that is not a copy or move constructor
  
C:\SFML-3.0.0\include\SFML\Graphics\Color.inl(91,17): error C3615: constexpr function 'sf::operator -' cannot result in a constant expression
  (compiling source file 'VisualiserSelect.cpp')
      C:\SFML-3.0.0\include\SFML\Graphics\Color.inl(93,16):
      failure was because type 'const sf::-::<lambda_306030dfce25397b9816ce24c68c04f0>' is not a literal type
      C:\SFML-3.0.0\include\SFML\Graphics\Color.inl(97,5):
      type 'sf::-::<lambda_306030dfce25397b9816ce24c68c04f0>' is not a literal type because it is not an aggregate type, a closure type, or does not have a constexpr constructor that is not a copy or move constructor
  
C:\SFML-3.0.0\include\SFML\Graphics\Color.inl(107,17): error C3615: constexpr function 'sf::operator *' cannot result in a constant expression
  (compiling source file 'VisualiserSelect.cpp')
      C:\SFML-3.0.0\include\SFML\Graphics\Color.inl(109,16):
      failure was because type 'const sf::*::<lambda_1570e60a8275d4bb357b66a7fbaafc0b>' is not a literal type
      C:\SFML-3.0.0\include\SFML\Graphics\Color.inl(113,5):
      type 'sf::*::<lambda_1570e60a8275d4bb357b66a7fbaafc0b>' is not a literal type because it is not an aggregate type, a closure type, or does not have a constexpr constructor that is not a copy or move constructor
  
C:\SFML-3.0.0\include\SFML\Graphics\Color.inl(146,31): error C7525: inline variables require at least '/std:c++17'
  (compiling source file 'VisualiserSelect.cpp')
  
C:\SFML-3.0.0\include\SFML\Graphics\Color.inl(147,31): error C7525: inline variables require at least '/std:c++17'
  (compiling source file 'VisualiserSelect.cpp')
  
C:\SFML-3.0.0\include\SFML\Graphics\Color.inl(148,31): error C7525: inline variables require at least '/std:c++17'
  (compiling source file 'VisualiserSelect.cpp')
  
C:\SFML-3.0.0\include\SFML\Graphics\Color.inl(149,31): error C7525: inline variables require at least '/std:c++17'
  (compiling source file 'VisualiserSelect.cpp')
  
C:\SFML-3.0.0\include\SFML\Graphics\Color.inl(150,31): error C7525: inline variables require at least '/std:c++17'
  (compiling source file 'VisualiserSelect.cpp')
  
C:\SFML-3.0.0\include\SFML\Graphics\Color.inl(151,31): error C7525: inline variables require at least '/std:c++17'
  (compiling source file 'VisualiserSelect.cpp')
  
C:\SFML-3.0.0\include\SFML\Graphics\Color.inl(152,31): error C7525: inline variables require at least '/std:c++17'
  (compiling source file 'VisualiserSelect.cpp')
  
C:\SFML-3.0.0\include\SFML\Graphics\Color.inl(153,31): error C7525: inline variables require at least '/std:c++17'
  (compiling source file 'VisualiserSelect.cpp')
  
C:\SFML-3.0.0\include\SFML\Graphics\Color.inl(154,31): error C7525: inline variables require at least '/std:c++17'
  (compiling source file 'VisualiserSelect.cpp')
  
C:\SFML-3.0.0\include\SFML\System\Angle.inl(272,31): error C7525: inline variables require at least '/std:c++17'
  (compiling source file 'VisualiserSelect.cpp')
  
C:\Program Files\Microsoft Visual Studio\2022\Community\VC\Tools\MSVC\14.44.35207\include\optional(11): warning STL4038: The contents of <optional> are available only with C++17 or later.
C:\SFML-3.0.0\include\SFML\Graphics\Rect.hpp(98,42): error C2143: syntax error: missing ';' before '<'
  (compiling source file 'VisualiserSelect.cpp')
      C:\SFML-3.0.0\include\SFML\Graphics\Rect.hpp(98,42):
      the template instantiation context (the oldest one first) is
          C:\SFML-3.0.0\include\SFML\Graphics\Rect.hpp(42,7):
          while compiling class template 'sf::Rect'
  
C:\SFML-3.0.0\include\SFML\Graphics\Rect.hpp(98,34): error C4430: missing type specifier - int assumed. Note: C++ does not support default-int
  (compiling source file 'VisualiserSelect.cpp')
  
C:\SFML-3.0.0\include\SFML\Graphics\Rect.hpp(98,34): error C2178: 'sf::Rect<T>::optional' cannot be declared with 'constexpr' specifier
  (compiling source file 'VisualiserSelect.cpp')
  
C:\SFML-3.0.0\include\SFML\Graphics\Rect.hpp(98,5): warning C4869: 'nodiscard' may only be applied to classes, enumerations, and functions
  (compiling source file 'VisualiserSelect.cpp')
  
C:\SFML-3.0.0\include\SFML\Graphics\Rect.hpp(98,100): error C2238: unexpected token(s) preceding ';'
  (compiling source file 'VisualiserSelect.cpp')
  
C:\SFML-3.0.0\include\SFML\Graphics\Rect.inl(71,16): error C2039: 'optional': is not a member of 'std'
  (compiling source file 'VisualiserSelect.cpp')
      C:\Program Files\Microsoft Visual Studio\2022\Community\VC\Tools\MSVC\14.44.35207\include\iostream(19,1):
      see declaration of 'std'
  
C:\SFML-3.0.0\include\SFML\Graphics\Rect.inl(71,24): error C2988: unrecognizable template declaration/definition
  (compiling source file 'VisualiserSelect.cpp')
  
C:\SFML-3.0.0\include\SFML\Graphics\Rect.inl(71,24): error C2143: syntax error: missing ';' before '<'
  (compiling source file 'VisualiserSelect.cpp')
  
C:\SFML-3.0.0\include\SFML\Graphics\Rect.inl(71,16): error C4430: missing type specifier - int assumed. Note: C++ does not support default-int
  (compiling source file 'VisualiserSelect.cpp')
  
C:\SFML-3.0.0\include\SFML\Graphics\Rect.inl(71,24): error C2059: syntax error: '<'
  (compiling source file 'VisualiserSelect.cpp')
  
C:\SFML-3.0.0\include\SFML\Graphics\Rect.inl(71,30): error C2065: 'T': undeclared identifier
  (compiling source file 'VisualiserSelect.cpp')
  
C:\SFML-3.0.0\include\SFML\Graphics\Rect.inl(71,25): error C2923: 'sf::Rect': 'T' is not a valid template type argument for parameter 'T'
  (compiling source file 'VisualiserSelect.cpp')
      C:\SFML-3.0.0\include\SFML\Graphics\Rect.inl(71,30):
      see declaration of 'T'
  
C:\SFML-3.0.0\include\SFML\Graphics\Rect.inl(71,39): error C2065: 'T': undeclared identifier
  (compiling source file 'VisualiserSelect.cpp')
  
C:\SFML-3.0.0\include\SFML\Graphics\Rect.inl(71,34): error C2923: 'sf::Rect': 'T' is not a valid template type argument for parameter 'T'
  (compiling source file 'VisualiserSelect.cpp')
      C:\SFML-3.0.0\include\SFML\Graphics\Rect.inl(71,39):
      see declaration of 'T'
  
C:\SFML-3.0.0\include\SFML\Graphics\Rect.inl(71,71): error C2065: 'T': undeclared identifier
  (compiling source file 'VisualiserSelect.cpp')
  
C:\SFML-3.0.0\include\SFML\Graphics\Rect.inl(71,66): error C2923: 'sf::Rect': 'T' is not a valid template type argument for parameter 'T'
  (compiling source file 'VisualiserSelect.cpp')
      C:\SFML-3.0.0\include\SFML\Graphics\Rect.inl(71,71):
      see declaration of 'T'
  
C:\SFML-3.0.0\include\SFML\Graphics\Rect.inl(72,1): error C2143: syntax error: missing ';' before '{'
  (compiling source file 'VisualiserSelect.cpp')
  
C:\SFML-3.0.0\include\SFML\Graphics\Rect.inl(72,1): error C2447: '{': missing function header (old-style formal list?)
  (compiling source file 'VisualiserSelect.cpp')
  
C:\SFML-3.0.0\include\SFML\Graphics\Transform.inl(52,35): error C3615: constexpr function 'sf::Transform::getMatrix' cannot result in a constant expression
  (compiling source file 'VisualiserSelect.cpp')
      C:\SFML-3.0.0\include\SFML\Graphics\Transform.inl(54,25):
      failure was caused by call of undefined function or one not declared 'constexpr'
      C:\SFML-3.0.0\include\SFML\Graphics\Transform.inl(54,25):
      see usage of 'std::array<float,16>::data'
  
C:\SFML-3.0.0\include\SFML\Graphics\Rect.hpp(98,34): error C2039: 'optional': is not a member of 'std'
  (compiling source file 'VisualiserSelect.cpp')
      C:\Program Files\Microsoft Visual Studio\2022\Community\VC\Tools\MSVC\14.44.35207\include\array(19,1):
      see declaration of 'std'
      C:\SFML-3.0.0\include\SFML\Graphics\Rect.hpp(98,34):
      the template instantiation context (the oldest one first) is
          C:\SFML-3.0.0\include\SFML\Graphics\Transform.inl(98,32):
          see reference to class template instantiation 'sf::Rect<float>' being compiled
  
C:\SFML-3.0.0\include\SFML\Graphics\Rect.hpp(98,34): error C2178: 'sf::Rect<float>::optional' cannot be declared with 'constexpr' specifier
  (compiling source file 'VisualiserSelect.cpp')
  
C:\SFML-3.0.0\include\SFML\Graphics\Transform.inl(101,31): error C2514: 'std::array': class template cannot be constructed
  (compiling source file 'VisualiserSelect.cpp')
      C:\Program Files\Microsoft Visual Studio\2022\Community\VC\Tools\MSVC\14.44.35207\include\array(402,7):
      see declaration of 'std::array'
  
C:\SFML-3.0.0\include\SFML\Graphics\Transform.inl(107,21): error C2678: binary '[': no operator found which takes a left-hand operand of type 'const std::array' (or there is no acceptable conversion)
  (compiling source file 'VisualiserSelect.cpp')
      C:\Program Files\Microsoft Visual Studio\2022\Community\VC\Tools\MSVC\14.44.35207\include\array(537,42):
      could be 'const _Ty &std::array<_Ty,_Size>::operator [](std::array<_Ty,_Size>::size_type) noexcept const'
          C:\SFML-3.0.0\include\SFML\Graphics\Transform.inl(107,21):
          'const _Ty &std::array<_Ty,_Size>::operator [](std::array<_Ty,_Size>::size_type) noexcept const': cannot convert 'this' pointer from 'const std::array' to 'const std::array<_Ty,_Size> &'
              C:\SFML-3.0.0\include\SFML\Graphics\Transform.inl(107,21):
              Reason: cannot convert from 'const std::array' to 'const std::array<_Ty,_Size>'
              C:\SFML-3.0.0\include\SFML\Graphics\Transform.inl(107,21):
              Conversion requires a second user-defined-conversion operator or constructor
      C:\Program Files\Microsoft Visual Studio\2022\Community\VC\Tools\MSVC\14.44.35207\include\array(529,39):
      or       '_Ty &std::array<_Ty,_Size>::operator [](std::array<_Ty,_Size>::size_type) noexcept'
          C:\SFML-3.0.0\include\SFML\Graphics\Transform.inl(107,21):
          '_Ty &std::array<_Ty,_Size>::operator [](std::array<_Ty,_Size>::size_type) noexcept': cannot convert 'this' pointer from 'const std::array' to 'std::array<_Ty,_Size> &'
              C:\SFML-3.0.0\include\SFML\Graphics\Transform.inl(107,21):
              Reason: cannot convert from 'const std::array' to 'std::array<_Ty,_Size>'
              C:\SFML-3.0.0\include\SFML\Graphics\Transform.inl(107,21):
              Conversion requires a second user-defined-conversion operator or constructor
      C:\SFML-3.0.0\include\SFML\Graphics\Transform.inl(107,21):
      while trying to match the argument list '(const std::array, int)'
  
C:\SFML-3.0.0\include\SFML\Graphics\Transform.inl(108,21): error C2678: binary '[': no operator found which takes a left-hand operand of type 'const std::array' (or there is no acceptable conversion)
  (compiling source file 'VisualiserSelect.cpp')
      C:\Program Files\Microsoft Visual Studio\2022\Community\VC\Tools\MSVC\14.44.35207\include\array(537,42):
      could be 'const _Ty &std::array<_Ty,_Size>::operator [](std::array<_Ty,_Size>::size_type) noexcept const'
          C:\SFML-3.0.0\include\SFML\Graphics\Transform.inl(108,21):
          'const _Ty &std::array<_Ty,_Size>::operator [](std::array<_Ty,_Size>::size_type) noexcept const': cannot convert 'this' pointer from 'const std::array' to 'const std::array<_Ty,_Size> &'
              C:\SFML-3.0.0\include\SFML\Graphics\Transform.inl(108,21):
              Reason: cannot convert from 'const std::array' to 'const std::array<_Ty,_Size>'
              C:\SFML-3.0.0\include\SFML\Graphics\Transform.inl(108,21):
              Conversion requires a second user-defined-conversion operator or constructor
      C:\Program Files\Microsoft Visual Studio\2022\Community\VC\Tools\MSVC\14.44.35207\include\array(529,39):
      or       '_Ty &std::array<_Ty,_Size>::operator [](std::array<_Ty,_Size>::size_type) noexcept'
          C:\SFML-3.0.0\include\SFML\Graphics\Transform.inl(108,21):
          '_Ty &std::array<_Ty,_Size>::operator [](std::array<_Ty,_Size>::size_type) noexcept': cannot convert 'this' pointer from 'const std::array' to 'std::array<_Ty,_Size> &'
              C:\SFML-3.0.0\include\SFML\Graphics\Transform.inl(108,21):
              Reason: cannot convert from 'const std::array' to 'std::array<_Ty,_Size>'
              C:\SFML-3.0.0\include\SFML\Graphics\Transform.inl(108,21):
              Conversion requires a second user-defined-conversion operator or constructor
      C:\SFML-3.0.0\include\SFML\Graphics\Transform.inl(108,21):
      while trying to match the argument list '(const std::array, int)'
  
C:\SFML-3.0.0\include\SFML\Graphics\Transform.inl(110,40): error C2662: 'std::array<_Ty,_Size>::size_type std::array<_Ty,_Size>::size(void) noexcept const': cannot convert 'this' pointer from 'const std::array' to 'const std::array<_Ty,_Size> &'
  (compiling source file 'VisualiserSelect.cpp')
      C:\SFML-3.0.0\include\SFML\Graphics\Transform.inl(110,33):
      Reason: cannot convert from 'const std::array' to 'const std::array<_Ty,_Size>'
      C:\SFML-3.0.0\include\SFML\Graphics\Transform.inl(110,33):
      Conversion requires a second user-defined-conversion operator or constructor
      C:\Program Files\Microsoft Visual Studio\2022\Community\VC\Tools\MSVC\14.44.35207\include\array(501,59):
      see declaration of 'std::array<_Ty,_Size>::size'
      C:\SFML-3.0.0\include\SFML\Graphics\Transform.inl(110,40):
      while trying to match the argument list '()'
  
C:\SFML-3.0.0\include\SFML\Graphics\Transform.inl(113,18): error C2678: binary '[': no operator found which takes a left-hand operand of type 'const std::array' (or there is no acceptable conversion)
  (compiling source file 'VisualiserSelect.cpp')
      C:\Program Files\Microsoft Visual Studio\2022\Community\VC\Tools\MSVC\14.44.35207\include\array(537,42):
      could be 'const _Ty &std::array<_Ty,_Size>::operator [](std::array<_Ty,_Size>::size_type) noexcept const'
          C:\SFML-3.0.0\include\SFML\Graphics\Transform.inl(113,18):
          'const _Ty &std::array<_Ty,_Size>::operator [](std::array<_Ty,_Size>::size_type) noexcept const': cannot convert 'this' pointer from 'const std::array' to 'const std::array<_Ty,_Size> &'
              C:\SFML-3.0.0\include\SFML\Graphics\Transform.inl(113,18):
              Reason: cannot convert from 'const std::array' to 'const std::array<_Ty,_Size>'
              C:\SFML-3.0.0\include\SFML\Graphics\Transform.inl(113,18):
              Conversion requires a second user-defined-conversion operator or constructor
      C:\Program Files\Microsoft Visual Studio\2022\Community\VC\Tools\MSVC\14.44.35207\include\array(529,39):
      or       '_Ty &std::array<_Ty,_Size>::operator [](std::array<_Ty,_Size>::size_type) noexcept'
          C:\SFML-3.0.0\include\SFML\Graphics\Transform.inl(113,18):
          '_Ty &std::array<_Ty,_Size>::operator [](std::array<_Ty,_Size>::size_type) noexcept': cannot convert 'this' pointer from 'const std::array' to 'std::array<_Ty,_Size> &'
              C:\SFML-3.0.0\include\SFML\Graphics\Transform.inl(113,18):
              Reason: cannot convert from 'const std::array' to 'std::array<_Ty,_Size>'
              C:\SFML-3.0.0\include\SFML\Graphics\Transform.inl(113,18):
              Conversion requires a second user-defined-conversion operator or constructor
      C:\SFML-3.0.0\include\SFML\Graphics\Transform.inl(113,18):
      while trying to match the argument list '(const std::array, size_t)'
  
C:\SFML-3.0.0\include\SFML\Graphics\Transform.inl(113,49): error C2678: binary '[': no operator found which takes a left-hand operand of type 'const std::array' (or there is no acceptable conversion)
  (compiling source file 'VisualiserSelect.cpp')
      C:\Program Files\Microsoft Visual Studio\2022\Community\VC\Tools\MSVC\14.44.35207\include\array(537,42):
      could be 'const _Ty &std::array<_Ty,_Size>::operator [](std::array<_Ty,_Size>::size_type) noexcept const'
          C:\SFML-3.0.0\include\SFML\Graphics\Transform.inl(113,49):
          'const _Ty &std::array<_Ty,_Size>::operator [](std::array<_Ty,_Size>::size_type) noexcept const': cannot convert 'this' pointer from 'const std::array' to 'const std::array<_Ty,_Size> &'
              C:\SFML-3.0.0\include\SFML\Graphics\Transform.inl(113,49):
              Reason: cannot convert from 'const std::array' to 'const std::array<_Ty,_Size>'
              C:\SFML-3.0.0\include\SFML\Graphics\Transform.inl(113,49):
              Conversion requires a second user-defined-conversion operator or constructor
      C:\Program Files\Microsoft Visual Studio\2022\Community\VC\Tools\MSVC\14.44.35207\include\array(529,39):
      or       '_Ty &std::array<_Ty,_Size>::operator [](std::array<_Ty,_Size>::size_type) noexcept'
          C:\SFML-3.0.0\include\SFML\Graphics\Transform.inl(113,49):
          '_Ty &std::array<_Ty,_Size>::operator [](std::array<_Ty,_Size>::size_type) noexcept': cannot convert 'this' pointer from 'const std::array' to 'std::array<_Ty,_Size> &'
              C:\SFML-3.0.0\include\SFML\Graphics\Transform.inl(113,49):
              Reason: cannot convert from 'const std::array' to 'std::array<_Ty,_Size>'
              C:\SFML-3.0.0\include\SFML\Graphics\Transform.inl(113,49):
              Conversion requires a second user-defined-conversion operator or constructor
      C:\SFML-3.0.0\include\SFML\Graphics\Transform.inl(113,49):
      while trying to match the argument list '(const std::array, size_t)'
  
C:\SFML-3.0.0\include\SFML\Graphics\Transform.inl(114,18): error C2678: binary '[': no operator found which takes a left-hand operand of type 'const std::array' (or there is no acceptable conversion)
  (compiling source file 'VisualiserSelect.cpp')
      C:\Program Files\Microsoft Visual Studio\2022\Community\VC\Tools\MSVC\14.44.35207\include\array(537,42):
      could be 'const _Ty &std::array<_Ty,_Size>::operator [](std::array<_Ty,_Size>::size_type) noexcept const'
          C:\SFML-3.0.0\include\SFML\Graphics\Transform.inl(114,18):
          'const _Ty &std::array<_Ty,_Size>::operator [](std::array<_Ty,_Size>::size_type) noexcept const': cannot convert 'this' pointer from 'const std::array' to 'const std::array<_Ty,_Size> &'
              C:\SFML-3.0.0\include\SFML\Graphics\Transform.inl(114,18):
              Reason: cannot convert from 'const std::array' to 'const std::array<_Ty,_Size>'
              C:\SFML-3.0.0\include\SFML\Graphics\Transform.inl(114,18):
              Conversion requires a second user-defined-conversion operator or constructor
      C:\Program Files\Microsoft Visual Studio\2022\Community\VC\Tools\MSVC\14.44.35207\include\array(529,39):
      or       '_Ty &std::array<_Ty,_Size>::operator [](std::array<_Ty,_Size>::size_type) noexcept'
          C:\SFML-3.0.0\include\SFML\Graphics\Transform.inl(114,18):
          '_Ty &std::array<_Ty,_Size>::operator [](std::array<_Ty,_Size>::size_type) noexcept': cannot convert 'this' pointer from 'const std::array' to 'std::array<_Ty,_Size> &'
              C:\SFML-3.0.0\include\SFML\Graphics\Transform.inl(114,18):
              Reason: cannot convert from 'const std::array' to 'std::array<_Ty,_Size>'
              C:\SFML-3.0.0\include\SFML\Graphics\Transform.inl(114,18):
              Conversion requires a second user-defined-conversion operator or constructor
      C:\SFML-3.0.0\include\SFML\Graphics\Transform.inl(114,18):
      while trying to match the argument list '(const std::array, size_t)'
  
C:\SFML-3.0.0\include\SFML\Graphics\Transform.inl(114,49): error C2678: binary '[': no operator found which takes a left-hand operand of type 'const std::array' (or there is no acceptable conversion)
  (compiling source file 'VisualiserSelect.cpp')
      C:\Program Files\Microsoft Visual Studio\2022\Community\VC\Tools\MSVC\14.44.35207\include\array(537,42):
      could be 'const _Ty &std::array<_Ty,_Size>::operator [](std::array<_Ty,_Size>::size_type) noexcept const'
          C:\SFML-3.0.0\include\SFML\Graphics\Transform.inl(114,49):
          'const _Ty &std::array<_Ty,_Size>::operator [](std::array<_Ty,_Size>::size_type) noexcept const': cannot convert 'this' pointer from 'const std::array' to 'const std::array<_Ty,_Size> &'
              C:\SFML-3.0.0\include\SFML\Graphics\Transform.inl(114,49):
              Reason: cannot convert from 'const std::array' to 'const std::array<_Ty,_Size>'
              C:\SFML-3.0.0\include\SFML\Graphics\Transform.inl(114,49):
              Conversion requires a second user-defined-conversion operator or constructor
      C:\Program Files\Microsoft Visual Studio\2022\Community\VC\Tools\MSVC\14.44.35207\include\array(529,39):
      or       '_Ty &std::array<_Ty,_Size>::operator [](std::array<_Ty,_Size>::size_type) noexcept'
          C:\SFML-3.0.0\include\SFML\Graphics\Transform.inl(114,49):
          '_Ty &std::array<_Ty,_Size>::operator [](std::array<_Ty,_Size>::size_type) noexcept': cannot convert 'this' pointer from 'const std::array' to 'std::array<_Ty,_Size> &'
              C:\SFML-3.0.0\include\SFML\Graphics\Transform.inl(114,49):
              Reason: cannot convert from 'const std::array' to 'std::array<_Ty,_Size>'
              C:\SFML-3.0.0\include\SFML\Graphics\Transform.inl(114,49):
              Conversion requires a second user-defined-conversion operator or constructor
      C:\SFML-3.0.0\include\SFML\Graphics\Transform.inl(114,49):
      while trying to match the argument list '(const std::array, size_t)'
  
C:\SFML-3.0.0\include\SFML\Graphics\Transform.inl(116,18): error C2678: binary '[': no operator found which takes a left-hand operand of type 'const std::array' (or there is no acceptable conversion)
  (compiling source file 'VisualiserSelect.cpp')
      C:\Program Files\Microsoft Visual Studio\2022\Community\VC\Tools\MSVC\14.44.35207\include\array(537,42):
      could be 'const _Ty &std::array<_Ty,_Size>::operator [](std::array<_Ty,_Size>::size_type) noexcept const'
          C:\SFML-3.0.0\include\SFML\Graphics\Transform.inl(116,18):
          'const _Ty &std::array<_Ty,_Size>::operator [](std::array<_Ty,_Size>::size_type) noexcept const': cannot convert 'this' pointer from 'const std::array' to 'const std::array<_Ty,_Size> &'
              C:\SFML-3.0.0\include\SFML\Graphics\Transform.inl(116,18):
              Reason: cannot convert from 'const std::array' to 'const std::array<_Ty,_Size>'
              C:\SFML-3.0.0\include\SFML\Graphics\Transform.inl(116,18):
              Conversion requires a second user-defined-conversion operator or constructor
      C:\Program Files\Microsoft Visual Studio\2022\Community\VC\Tools\MSVC\14.44.35207\include\array(529,39):
      or       '_Ty &std::array<_Ty,_Size>::operator [](std::array<_Ty,_Size>::size_type) noexcept'
          C:\SFML-3.0.0\include\SFML\Graphics\Transform.inl(116,18):
          '_Ty &std::array<_Ty,_Size>::operator [](std::array<_Ty,_Size>::size_type) noexcept': cannot convert 'this' pointer from 'const std::array' to 'std::array<_Ty,_Size> &'
              C:\SFML-3.0.0\include\SFML\Graphics\Transform.inl(116,18):
              Reason: cannot convert from 'const std::array' to 'std::array<_Ty,_Size>'
              C:\SFML-3.0.0\include\SFML\Graphics\Transform.inl(116,18):
              Conversion requires a second user-defined-conversion operator or constructor
      C:\SFML-3.0.0\include\SFML\Graphics\Transform.inl(116,18):
      while trying to match the argument list '(const std::array, size_t)'
  
C:\SFML-3.0.0\include\SFML\Graphics\Transform.inl(116,49): error C2678: binary '[': no operator found which takes a left-hand operand of type 'const std::array' (or there is no acceptable conversion)
  (compiling source file 'VisualiserSelect.cpp')
      C:\Program Files\Microsoft Visual Studio\2022\Community\VC\Tools\MSVC\14.44.35207\include\array(537,42):
      could be 'const _Ty &std::array<_Ty,_Size>::operator [](std::array<_Ty,_Size>::size_type) noexcept const'
          C:\SFML-3.0.0\include\SFML\Graphics\Transform.inl(116,49):
          'const _Ty &std::array<_Ty,_Size>::operator [](std::array<_Ty,_Size>::size_type) noexcept const': cannot convert 'this' pointer from 'const std::array' to 'const std::array<_Ty,_Size> &'
              C:\SFML-3.0.0\include\SFML\Graphics\Transform.inl(116,49):
              Reason: cannot convert from 'const std::array' to 'const std::array<_Ty,_Size>'
              C:\SFML-3.0.0\include\SFML\Graphics\Transform.inl(116,49):
              Conversion requires a second user-defined-conversion operator or constructor
      C:\Program Files\Microsoft Visual Studio\2022\Community\VC\Tools\MSVC\14.44.35207\include\array(529,39):
      or       '_Ty &std::array<_Ty,_Size>::operator [](std::array<_Ty,_Size>::size_type) noexcept'
          C:\SFML-3.0.0\include\SFML\Graphics\Transform.inl(116,49):
          '_Ty &std::array<_Ty,_Size>::operator [](std::array<_Ty,_Size>::size_type) noexcept': cannot convert 'this' pointer from 'const std::array' to 'std::array<_Ty,_Size> &'
              C:\SFML-3.0.0\include\SFML\Graphics\Transform.inl(116,49):
              Reason: cannot convert from 'const std::array' to 'std::array<_Ty,_Size>'
              C:\SFML-3.0.0\include\SFML\Graphics\Transform.inl(116,49):
              Conversion requires a second user-defined-conversion operator or constructor
      C:\SFML-3.0.0\include\SFML\Graphics\Transform.inl(116,49):
      while trying to match the argument list '(const std::array, size_t)'
  
C:\SFML-3.0.0\include\SFML\Graphics\Transform.inl(117,18): error C2678: binary '[': no operator found which takes a left-hand operand of type 'const std::array' (or there is no acceptable conversion)
  (compiling source file 'VisualiserSelect.cpp')
      C:\Program Files\Microsoft Visual Studio\2022\Community\VC\Tools\MSVC\14.44.35207\include\array(537,42):
      could be 'const _Ty &std::array<_Ty,_Size>::operator [](std::array<_Ty,_Size>::size_type) noexcept const'
          C:\SFML-3.0.0\include\SFML\Graphics\Transform.inl(117,18):
          'const _Ty &std::array<_Ty,_Size>::operator [](std::array<_Ty,_Size>::size_type) noexcept const': cannot convert 'this' pointer from 'const std::array' to 'const std::array<_Ty,_Size> &'
              C:\SFML-3.0.0\include\SFML\Graphics\Transform.inl(117,18):
              Reason: cannot convert from 'const std::array' to 'const std::array<_Ty,_Size>'
              C:\SFML-3.0.0\include\SFML\Graphics\Transform.inl(117,18):
              Conversion requires a second user-defined-conversion operator or constructor
      C:\Program Files\Microsoft Visual Studio\2022\Community\VC\Tools\MSVC\14.44.35207\include\array(529,39):
      or       '_Ty &std::array<_Ty,_Size>::operator [](std::array<_Ty,_Size>::size_type) noexcept'
          C:\SFML-3.0.0\include\SFML\Graphics\Transform.inl(117,18):
          '_Ty &std::array<_Ty,_Size>::operator [](std::array<_Ty,_Size>::size_type) noexcept': cannot convert 'this' pointer from 'const std::array' to 'std::array<_Ty,_Size> &'
              C:\SFML-3.0.0\include\SFML\Graphics\Transform.inl(117,18):
              Reason: cannot convert from 'const std::array' to 'std::array<_Ty,_Size>'
              C:\SFML-3.0.0\include\SFML\Graphics\Transform.inl(117,18):
              Conversion requires a second user-defined-conversion operator or constructor
      C:\SFML-3.0.0\include\SFML\Graphics\Transform.inl(117,18):
      while trying to match the argument list '(const std::array, size_t)'
  
C:\SFML-3.0.0\include\SFML\Graphics\Transform.inl(117,49): error C2678: binary '[': no operator found which takes a left-hand operand of type 'const std::array' (or there is no acceptable conversion)
  (compiling source file 'VisualiserSelect.cpp')
      C:\Program Files\Microsoft Visual Studio\2022\Community\VC\Tools\MSVC\14.44.35207\include\array(537,42):
      could be 'const _Ty &std::array<_Ty,_Size>::operator [](std::array<_Ty,_Size>::size_type) noexcept const'
          C:\SFML-3.0.0\include\SFML\Graphics\Transform.inl(117,49):
          'const _Ty &std::array<_Ty,_Size>::operator [](std::array<_Ty,_Size>::size_type) noexcept const': cannot convert 'this' pointer from 'const std::array' to 'const std::array<_Ty,_Size> &'
              C:\SFML-3.0.0\include\SFML\Graphics\Transform.inl(117,49):
              Reason: cannot convert from 'const std::array' to 'const std::array<_Ty,_Size>'
              C:\SFML-3.0.0\include\SFML\Graphics\Transform.inl(117,49):
              Conversion requires a second user-defined-conversion operator or constructor
      C:\Program Files\Microsoft Visual Studio\2022\Community\VC\Tools\MSVC\14.44.35207\include\array(529,39):
      or       '_Ty &std::array<_Ty,_Size>::operator [](std::array<_Ty,_Size>::size_type) noexcept'
          C:\SFML-3.0.0\include\SFML\Graphics\Transform.inl(117,49):
          '_Ty &std::array<_Ty,_Size>::operator [](std::array<_Ty,_Size>::size_type) noexcept': cannot convert 'this' pointer from 'const std::array' to 'std::array<_Ty,_Size> &'
              C:\SFML-3.0.0\include\SFML\Graphics\Transform.inl(117,49):
              Reason: cannot convert from 'const std::array' to 'std::array<_Ty,_Size>'
              C:\SFML-3.0.0\include\SFML\Graphics\Transform.inl(117,49):
              Conversion requires a second user-defined-conversion operator or constructor
      C:\SFML-3.0.0\include\SFML\Graphics\Transform.inl(117,49):
      while trying to match the argument list '(const std::array, size_t)'
  
C:\SFML-3.0.0\include\SFML\Graphics\Transform.inl(98,32): error C3615: constexpr function 'sf::Transform::transformRect' cannot result in a constant expression
  (compiling source file 'VisualiserSelect.cpp')
      C:\SFML-3.0.0\include\SFML\Graphics\Transform.inl(101,22):
      failure was because type 'const std::array' is not a literal type
      C:\Program Files\Microsoft Visual Studio\2022\Community\VC\Tools\MSVC\14.44.35207\include\array(402,7):
      type 'std::array' is not a literal type because it is not an aggregate type, a closure type, or does not have a constexpr constructor that is not a copy or move constructor
      C:\SFML-3.0.0\include\SFML\Graphics\Transform.inl(110,39):
      failure was caused by call of undefined function or one not declared 'constexpr'
      C:\SFML-3.0.0\include\SFML\Graphics\Transform.inl(110,39):
      see usage of '<declval>'
      C:\SFML-3.0.0\include\SFML\Graphics\Transform.inl(98,32):
      failure was caused by control reaching the end of a constexpr function
  
C:\SFML-3.0.0\include\SFML\Graphics\Transform.inl(234,39): error C7525: inline variables require at least '/std:c++17'
  (compiling source file 'VisualiserSelect.cpp')
  
C:\SFML-3.0.0\include\SFML\Graphics\Rect.hpp(98,34): error C2178: 'sf::Rect<int>::optional' cannot be declared with 'constexpr' specifier
  (compiling source file 'VisualiserSelect.cpp')
  
C:\Program Files\Microsoft Visual Studio\2022\Community\VC\Tools\MSVC\14.44.35207\include\filesystem(12): warning STL4038: The contents of <filesystem> are available only with C++17 or later.
C:\SFML-3.0.0\include\SFML\Graphics\Texture.hpp(114,33): error C2039: 'filesystem': is not a member of 'std'
  (compiling source file 'VisualiserSelect.cpp')
      C:\Program Files\Microsoft Visual Studio\2022\Community\VC\Tools\MSVC\14.44.35207\include\array(19,1):
      see declaration of 'std'
  
C:\SFML-3.0.0\include\SFML\Graphics\Texture.hpp(114,33): error C3083: 'filesystem': the symbol to the left of a '::' must be a type
  (compiling source file 'VisualiserSelect.cpp')
  
C:\SFML-3.0.0\include\SFML\Graphics\Texture.hpp(114,45): error C2039: 'path': is not a member of 'std'
  (compiling source file 'VisualiserSelect.cpp')
      C:\Program Files\Microsoft Visual Studio\2022\Community\VC\Tools\MSVC\14.44.35207\include\array(19,1):
      see declaration of 'std'
  
C:\SFML-3.0.0\include\SFML\Graphics\Texture.hpp(114,22): error C4430: missing type specifier - int assumed. Note: C++ does not support default-int
  (compiling source file 'VisualiserSelect.cpp')
  
C:\SFML-3.0.0\include\SFML\Graphics\Texture.hpp(114,49): error C2143: syntax error: missing ',' before '&'
  (compiling source file 'VisualiserSelect.cpp')
  
C:\SFML-3.0.0\include\SFML\Graphics\Texture.hpp(137,24): error C2039: 'filesystem': is not a member of 'std'
  (compiling source file 'VisualiserSelect.cpp')
      C:\Program Files\Microsoft Visual Studio\2022\Community\VC\Tools\MSVC\14.44.35207\include\array(19,1):
      see declaration of 'std'
  
C:\SFML-3.0.0\include\SFML\Graphics\Texture.hpp(137,24): error C3083: 'filesystem': the symbol to the left of a '::' must be a type
  (compiling source file 'VisualiserSelect.cpp')
  
C:\SFML-3.0.0\include\SFML\Graphics\Texture.hpp(137,36): error C2039: 'path': is not a member of 'std'
  (compiling source file 'VisualiserSelect.cpp')
      C:\Program Files\Microsoft Visual Studio\2022\Community\VC\Tools\MSVC\14.44.35207\include\array(19,1):
      see declaration of 'std'
  
C:\SFML-3.0.0\include\SFML\Graphics\Texture.hpp(137,13): error C4430: missing type specifier - int assumed. Note: C++ does not support default-int
  (compiling source file 'VisualiserSelect.cpp')
  
C:\SFML-3.0.0\include\SFML\Graphics\Texture.hpp(137,40): error C2143: syntax error: missing ',' before '&'
  (compiling source file 'VisualiserSelect.cpp')
  
C:\SFML-3.0.0\include\SFML\Graphics\Texture.hpp(137,5): error C2535: 'sf::Texture::Texture(const int)': member function already defined or declared
  (compiling source file 'VisualiserSelect.cpp')
      C:\SFML-3.0.0\include\SFML\Graphics\Texture.hpp(114,5):
      see declaration of 'sf::Texture::Texture'
  
C:\SFML-3.0.0\include\SFML\Graphics\Texture.hpp(304,48): error C2039: 'filesystem': is not a member of 'std'
  (compiling source file 'VisualiserSelect.cpp')
      C:\Program Files\Microsoft Visual Studio\2022\Community\VC\Tools\MSVC\14.44.35207\include\array(19,1):
      see declaration of 'std'
  
C:\SFML-3.0.0\include\SFML\Graphics\Texture.hpp(304,48): error C3083: 'filesystem': the symbol to the left of a '::' must be a type
  (compiling source file 'VisualiserSelect.cpp')
  
C:\SFML-3.0.0\include\SFML\Graphics\Texture.hpp(304,60): error C2039: 'path': is not a member of 'std'
  (compiling source file 'VisualiserSelect.cpp')
      C:\Program Files\Microsoft Visual Studio\2022\Community\VC\Tools\MSVC\14.44.35207\include\array(19,1):
      see declaration of 'std'
  
C:\SFML-3.0.0\include\SFML\Graphics\Texture.hpp(304,37): error C4430: missing type specifier - int assumed. Note: C++ does not support default-int
  (compiling source file 'VisualiserSelect.cpp')
  
C:\SFML-3.0.0\include\SFML\Graphics\Texture.hpp(304,64): error C2143: syntax error: missing ',' before '&'
  (compiling source file 'VisualiserSelect.cpp')
  
C:\SFML-3.0.0\include\SFML\Graphics\Texture.hpp(304,117): error C2143: syntax error: missing ')' before '{'
  (compiling source file 'VisualiserSelect.cpp')
  
C:\SFML-3.0.0\include\SFML\Graphics\Texture.hpp(304,119): error C2059: syntax error: ')'
  (compiling source file 'VisualiserSelect.cpp')
  
C:\SFML-3.0.0\include\SFML\Graphics\Font.hpp(103,30): error C2039: 'filesystem': is not a member of 'std'
  (compiling source file 'VisualiserSelect.cpp')
      C:\Program Files\Microsoft Visual Studio\2022\Community\VC\Tools\MSVC\14.44.35207\include\unordered_map(23,1):
      see declaration of 'std'
  
C:\SFML-3.0.0\include\SFML\Graphics\Font.hpp(103,30): error C3083: 'filesystem': the symbol to the left of a '::' must be a type
  (compiling source file 'VisualiserSelect.cpp')
  
C:\SFML-3.0.0\include\SFML\Graphics\Font.hpp(103,42): error C2039: 'path': is not a member of 'std'
  (compiling source file 'VisualiserSelect.cpp')
      C:\Program Files\Microsoft Visual Studio\2022\Community\VC\Tools\MSVC\14.44.35207\include\unordered_map(23,1):
      see declaration of 'std'
  
C:\SFML-3.0.0\include\SFML\Graphics\Font.hpp(103,19): error C4430: missing type specifier - int assumed. Note: C++ does not support default-int
  (compiling source file 'VisualiserSelect.cpp')
  
C:\SFML-3.0.0\include\SFML\Graphics\Font.hpp(103,46): error C2143: syntax error: missing ',' before '&'
  (compiling source file 'VisualiserSelect.cpp')
  
C:\SFML-3.0.0\include\SFML\Graphics\Font.hpp(168,48): error C2039: 'filesystem': is not a member of 'std'
  (compiling source file 'VisualiserSelect.cpp')
      C:\Program Files\Microsoft Visual Studio\2022\Community\VC\Tools\MSVC\14.44.35207\include\unordered_map(23,1):
      see declaration of 'std'
  
C:\SFML-3.0.0\include\SFML\Graphics\Font.hpp(168,48): error C3083: 'filesystem': the symbol to the left of a '::' must be a type
  (compiling source file 'VisualiserSelect.cpp')
  
C:\SFML-3.0.0\include\SFML\Graphics\Font.hpp(168,60): error C2039: 'path': is not a member of 'std'
  (compiling source file 'VisualiserSelect.cpp')
      C:\Program Files\Microsoft Visual Studio\2022\Community\VC\Tools\MSVC\14.44.35207\include\unordered_map(23,1):
      see declaration of 'std'
  
C:\SFML-3.0.0\include\SFML\Graphics\Font.hpp(168,37): error C4430: missing type specifier - int assumed. Note: C++ does not support default-int
  (compiling source file 'VisualiserSelect.cpp')
  
C:\SFML-3.0.0\include\SFML\Graphics\Font.hpp(168,64): error C2143: syntax error: missing ',' before '&'
  (compiling source file 'VisualiserSelect.cpp')
  
C:\SFML-3.0.0\include\SFML\Graphics\Image.hpp(103,31): error C2039: 'filesystem': is not a member of 'std'
  (compiling source file 'VisualiserSelect.cpp')
      C:\Program Files\Microsoft Visual Studio\2022\Community\VC\Tools\MSVC\14.44.35207\include\unordered_map(23,1):
      see declaration of 'std'
  
C:\SFML-3.0.0\include\SFML\Graphics\Image.hpp(103,31): error C3083: 'filesystem': the symbol to the left of a '::' must be a type
  (compiling source file 'VisualiserSelect.cpp')
  
C:\SFML-3.0.0\include\SFML\Graphics\Image.hpp(103,43): error C2039: 'path': is not a member of 'std'
  (compiling source file 'VisualiserSelect.cpp')
      C:\Program Files\Microsoft Visual Studio\2022\Community\VC\Tools\MSVC\14.44.35207\include\unordered_map(23,1):
      see declaration of 'std'
  
C:\SFML-3.0.0\include\SFML\Graphics\Image.hpp(103,20): error C4430: missing type specifier - int assumed. Note: C++ does not support default-int
  (compiling source file 'VisualiserSelect.cpp')
  
C:\SFML-3.0.0\include\SFML\Graphics\Image.hpp(103,47): error C2143: syntax error: missing ',' before '&'
  (compiling source file 'VisualiserSelect.cpp')
  
C:\SFML-3.0.0\include\SFML\Graphics\Image.hpp(175,48): error C2039: 'filesystem': is not a member of 'std'
C:\Program Files\Microsoft Visual Studio\2022\Community\VC\Tools\MSVC\14.44.35207\include\string_view(12): warning STL4038: The contents of <string_view> are available only with C++17 or later.
  (compiling source file 'VisualiserSelect.cpp')
      C:\Program Files\Microsoft Visual Studio\2022\Community\VC\Tools\MSVC\14.44.35207\include\unordered_map(23,1):
      see declaration of 'std'
  
C:\SFML-3.0.0\include\SFML\Graphics\Image.hpp(175,48): error C3083: 'filesystem': the symbol to the left of a '::' must be a type
  (compiling source file 'VisualiserSelect.cpp')
  
C:\SFML-3.0.0\include\SFML\Graphics\Image.hpp(175,60): error C2039: 'path': is not a member of 'std'
  (compiling source file 'VisualiserSelect.cpp')
      C:\Program Files\Microsoft Visual Studio\2022\Community\VC\Tools\MSVC\14.44.35207\include\unordered_map(23,1):
      see declaration of 'std'
  
C:\SFML-3.0.0\include\SFML\Graphics\Image.hpp(175,37): error C4430: missing type specifier - int assumed. Note: C++ does not support default-int
  (compiling source file 'VisualiserSelect.cpp')
  
C:\SFML-3.0.0\include\SFML\Graphics\Image.hpp(175,64): error C2143: syntax error: missing ',' before '&'
  (compiling source file 'VisualiserSelect.cpp')
  
C:\SFML-3.0.0\include\SFML\Graphics\Image.hpp(227,46): error C2039: 'filesystem': is not a member of 'std'
  (compiling source file 'VisualiserSelect.cpp')
      C:\Program Files\Microsoft Visual Studio\2022\Community\VC\Tools\MSVC\14.44.35207\include\unordered_map(23,1):
      see declaration of 'std'
  
C:\SFML-3.0.0\include\SFML\Graphics\Image.hpp(227,46): error C3083: 'filesystem': the symbol to the left of a '::' must be a type
  (compiling source file 'VisualiserSelect.cpp')
  
C:\SFML-3.0.0\include\SFML\Graphics\Image.hpp(227,58): error C2039: 'path': is not a member of 'std'
  (compiling source file 'VisualiserSelect.cpp')
      C:\Program Files\Microsoft Visual Studio\2022\Community\VC\Tools\MSVC\14.44.35207\include\unordered_map(23,1):
      see declaration of 'std'
  
C:\SFML-3.0.0\include\SFML\Graphics\Image.hpp(227,58): error C1003: error count exceeds 100; stopping compilation
  (compiling source file 'VisualiserSelect.cpp')
  
